employee_id,full_name,role_raw,city_raw,department_raw,project_raw,is_payroll,employee_status,salary,hire_date,source_language
1,Allison Hill,HR Analyst,Dubai,unassigned,,True,active,67304.49,2017-08-10,tr
2,Noah Rhodes,data Analyst,unknown,it,,True,Active ,83330.07,2016-09-28,en
3,Angie Henderson,CIVIL ENGINEER,New York,H.R.,,True,TERMINATED,56738.02,2015-11-19,tr
4,Daniel Wagner,data analyst,NEW YORK,finance,,True,Active,89482.75,2020-02-01,tr
5,Cristian Santos,HR ANALYST,new york,FIN,,True,Active,51120.27,2022-09-19,tr
6,Connie Lawrence,CIVIL ENGINEER,ISTANBUL,human resources,,False,Terminated,91525.44,2020-08-06,ru
7,Abigail Shaffer,HR Analyst,"Dubai, UAE",ENG,,True,TERMINATED,67445.57,2020-09-18,ru
8,Gina Moore,Data Analyst,Moscow,human resources,,False,TERMINATED,68356.68,2024-08-26,en
9,Gabrielle Davis,DATA ANALYST,Dubai,I.T.,,True,ACTIVE,70880.33,2020-08-12,en
10,Ryan Munoz,HR ANALYST,Berlin,finance,,True,active,57215.14,2024-01-18,ru
11,Monica Herrera,civil Engineer,Istanbul,Engineering,,False,Active,74011.3,2019-09-30,en
12,Jamie Arnold,,berlin,Fin.,,True,TERMINATED,63676.7,2017-06-21,en
13,Lisa Hensley,CIVIL ENGINEER,Moscow,Engineering,,True,Active,74416.58,2021-06-18,ru
14,Michele Williams,civil engineer,Istambul,project management,,True,Terminated,73680.99,2016-02-08,en
15,Dylan Miller,HR Analyst,LONDON,human resources,,True,terminated,51963.63,2024-08-29,tr
16,Brian Ramirez,Civil Engineer,Moscow,IT,,True,Active ,63549.89,2019-05-19,ru
17,Holly Wood,HR Analyst,LONDON,PMO,,True,terminated,59479.51,2021-07-20,ru
18,Derek Zuniga,Civil Engineer,berlin,İnsan Kaynakları,,True,active,64408.16,2021-09-01,en
19,Lisa Jackson,project manager,Berlin,PM,,True,terminated,76543.91,2015-10-25,en
20,Carla Gray,HR ANALYST,London,İnsan Kaynakları,,True,ACTIVE,66981.76,2022-11-21,ru
21,Margaret Hawkins DDS,data analyst,Berlin,I.T.,,False,ACTIVE,58746.26,2023-01-18,ru
22,Patty Perez,project manager,ISTANBUL,Information Technology,,True,Active ,72204.34,2016-10-23,tr
23,Ethan Adams,civil engineer,"London, UK",IT,,True,active,78300.38,2023-12-05,en
24,Tommy Walter,PROJECT MANAGER,new york,Engineering,,True,TERMINATED,116288.19,2016-12-26,ru
25,Matthew Foster,Data Analyst,Moskva,Fin.,,True,terminated,58783.35,2024-02-27,ru
26,Judy Baker,Civil Engineer,NYC,engineering,,True,Terminated,57776.83,2022-08-15,tr
27,Justin Baker,HR ANALYST,New York,HR,,True,active,53642.18,2016-04-18,ru
28,Stephanie Ross,data Analyst,berlin,Finance,,True,Active,57449.08,2024-07-05,en
29,Zachary Hicks,data Analyst,DUBAI,I.T.,,True,Terminated,74404.44,2023-05-23,en
30,Anthony Rodriguez,Project Manager,BERLIN,Project Management,,True,Active ,100333.08,2020-09-24,ru
31,Rebecca Henderson,ACCOUNTANT,dubai,HR,,True,terminated,72534.14,2015-04-11,en
32,James Ferrell,misc,Istambul,IT,,True,Active ,80858.99,2017-06-15,en
33,Tricia Valencia,hr analyst,"Dubai, UAE",İnsan Kaynakları,,True,terminated,61689.44,2024-12-30,ru
34,Nathan Maldonado,Hr Analyst,Berlin ,Information Technology,,True,Terminated,65996.57,2017-09-06,ru
35,Debra Davidson,Project Manager,London,finance,,False,TERMINATED,77541.53,2019-08-27,ru
36,Jeffrey Chavez,Civil Engineer,NEW YORK,PMO,,True,Terminated,78363.18,2019-04-08,ru
37,Sherri Baker,Software Engineer,moscow,Fin.,,True,terminated,96566.73,2023-02-14,en
38,Cassandra Gaines,software engineer,london,IT,,False,Active ,95010.4,2018-08-31,ru
39,Elizabeth Fowler,civil Engineer,LONDON,PM,,True,active,68998.41,2023-06-17,en
40,Brittany Farmer,HR Analyst,istanbul,İnsan Kaynakları,,True,Active ,59099.24,2016-11-18,tr
41,Paula Moreno,civil engineer,Berlin,ENG,,True,TERMINATED,93326.91,2022-09-29,tr
42,Fred Smith,accountant,Istanbul,Finance,,True,TERMINATED,61117.13,2024-03-22,ru
43,Sherry Decker,Data Analyst,MOSCOW,Fin.,,True,terminated,88791.58,2020-06-03,ru
44,Anthony Humphrey,CIVIL ENGINEER,LONDON,finance,,True,terminated,77793.99,2018-08-24,en
45,Angelica Tucker,Project Manager,london,FIN,,False,TERMINATED,117403.13,2023-07-03,en
46,Philip Cannon,civil engineer,"Dubai, UAE",PMO,,True,terminated,64732.21,2018-11-09,ru
47,John Pierce,Project Manager,DUBAI,Fin.,,False,terminated,79629.21,2017-01-28,en
48,Shane Henderson,Civil Engineer,Istambul,FIN,,True,terminated,67090.7,2015-08-12,tr
49,Joshua Blair,CIVIL ENGINEER,new york,Project Management,,True,Terminated,62374.55,2024-03-21,en
50,Eric Carney,data analyst,"London, UK",İnsan Kaynakları,,True,Active,88219.4,2019-09-01,tr
51,Jessica Holmes,Software eng.,berlin,Information Technology,,True,TERMINATED,84849.72,2023-07-22,en
52,Danny Morgan,HR Analyst,dubai,???,,True,active,55212.94,2022-12-05,ru
53,Crystal Robinson,PROJECT MANAGER,"Dubai, UAE",human resources,,False,Active ,81240.47,2015-09-02,en
54,Mark Perez,software engineer,NEW YORK,I.T.,,True,TERMINATED,91163.05,2021-09-15,en
55,Shannon Jones,civil engineer,LONDON,I.T.,,True,active,81891.26,2020-04-11,tr
56,Michael Lewis,Accountant,"Dubai, UAE",finance,,True,terminated,62250.44,2019-08-14,tr
57,Timothy Duncan,software engineer,LONDON,Project Management,,True,Terminated,128062.01,2022-05-17,tr
58,Richard Aguirre,Accountant,"London, UK",human resources,,True,TERMINATED,51548.35,2024-11-16,tr
59,Brent Jordan,HR Analyst,London,İnsan Kaynakları,,False,TERMINATED,55199.77,2016-04-26,tr
60,John Daniel,Software eng.,Istambul,FIN,,True,terminated,74401.73,2016-07-13,en
61,Victoria Garcia,CIVIL ENGINEER,New York City,FIN,,True,TERMINATED,81397.63,2018-09-23,tr
62,Gerald Hensley,HR Analyst,Berlin ,PM,,True,terminated,55269.38,2019-04-11,ru
63,Connor West,HR ANALYST,unknown,Project Management,,False,Active ,67761.04,2016-09-24,en
64,Donald Wright,data analyst,LONDON,Fin.,,True,TERMINATED,68300.33,2024-10-13,tr
65,Jessica Callahan,DATA ANALYST,Moskva ,human resources,,True,active,58445.51,2022-10-13,ru
66,Amber Kidd,Project Manager,Moscow,Finance,,False,Terminated,96558.32,2015-11-20,tr
67,Tracy House,Hr Analyst,london,project management,,True,Terminated,45234.94,2016-10-09,en
68,Carol Tucker,data Analyst,LONDON,I.T.,,True,Terminated,61972.59,2021-05-31,ru
69,James Brown,data Analyst,BERLIN,Finance,,True,terminated,79002.98,2020-07-27,ru
70,William Baker,Data Analyst,Istanbul ,finance,,True,TERMINATED,81861.48,2022-01-14,tr
71,Jordan Henderson,Accountant,moscow,Project Management,,True,active,59801.57,2024-10-29,ru
72,Whitney Peters,SW Engineer,BERLIN,ENG,,True,terminated,69894.46,2022-07-25,ru
73,Brittney Phillips,CIVIL ENGINEER,BERLIN,H.R.,,True,Active ,84960.46,2019-03-02,en
74,Lauren Daniels,ACCOUNTANT,dubai,Project Management,,True,TERMINATED,51896.51,2019-07-31,en
75,Amy Silva,software engineer,Istanbul,HR,,True,Active,73818.16,2021-01-21,ru
76,Sarah Moore,Software eng.,berlin,Project Management,,True,terminated,79122.53,2022-09-09,ru
77,Angela Lopez,project manager,BERLIN,H.R.,,False,Active ,80605.29,2018-09-28,en
78,Megan Young,n/a,Istanbul ,Engineering,,True,Active,54426.63,2021-01-21,ru
79,Steve Sanchez,CIVIL ENGINEER,Istanbul,human resources,,False,ACTIVE,65614.7,2015-09-18,ru
80,Lisa Barnes,Software Engineer,LONDON,IT,,True,ACTIVE,127661.7,2022-09-11,en
81,Kelly Donovan,PROJECT MANAGER,"London, UK",Human Resources,,False,active,101215.87,2021-09-12,tr
82,Mike Allen,civil engineer,New York City,Information Technology,,True,Active ,64139.74,2016-01-25,ru
83,Michael Evans,Hr Analyst,LONDON,FIN,,True,active,47330.75,2021-03-28,en
84,Paul Jones,PROJECT MANAGER,BERLIN,H.R.,,False,TERMINATED,84381.47,2016-09-25,tr
85,Zachary Ferrell,Accountant,london,HR,,True,ACTIVE,74216.64,2021-11-18,tr
86,Daniel Baker,Civil Engineer,Dubai,I.T.,,True,TERMINATED,91861.5,2022-05-16,ru
87,Shirley Suarez,Data Analyst,Moskva,Human Resources,,True,Terminated,60509.32,2021-09-08,en
88,Christopher Bass,data analyst,Moskva,Engineering,,True,Terminated,71998.16,2016-04-11,ru
89,Lisa Archer,ACCOUNTANT,London,Fin.,,True,terminated,79533.37,2023-08-10,en
90,Aimee Montoya,civil Engineer,NYC,Finance,,False,terminated,76303.29,2018-12-21,en
91,Matthew Mcmillan,software engineer,London,Project Management,,True,TERMINATED,91287.49,2018-08-23,en
92,Brian Rodriguez,software engineer,Berlin ,Finance,,True,Active ,99057.57,2018-09-26,en
93,Denise Jacobs,accountant,Moskva ,İnsan Kaynakları,,True,Terminated,74568.46,2017-03-19,en
94,Christina Walters,data Analyst,berlin,human resources,,True,TERMINATED,70711.68,2022-01-02,ru
95,John Whitehead,civil Engineer,DUBAI,Eng.,,True,TERMINATED,65986.95,2020-01-26,en
96,Anna Henderson,data analyst,moscow,Finance,,True,Terminated,88398.1,2021-05-30,tr
97,Aaron Wise,accountant,ISTANBUL,Information Technology,,False,Active ,76973.81,2016-12-07,en
98,Deborah Figueroa,Project Manager,Istambul,project management,,True,Terminated,86918.36,2015-09-27,ru
99,Jessica Smith,PROJECT MANAGER,Moskva ,PM,,False,ACTIVE,103180.61,2022-06-05,ru
100,Stephen Mckee,Accountant,Istanbul ,HR,,True,terminated,74868.77,2022-03-31,tr
101,Sandra Aguilar,project manager,LONDON,HR,,True,ACTIVE,94313.55,2024-06-20,en
102,Cameron Parker,Accountant,Berlin,finance,,True,Active,70785.37,2015-06-28,ru
103,Rebecca Valencia,data Analyst,new york,PM,,True,Active,83301.84,2021-05-25,ru
104,Christine Wright,HR Analyst,LONDON,PMO,,False,ACTIVE,57014.77,2020-10-14,en
105,Richard Henson,Software Engineer,New York,misc,,True,terminated,79432.47,2019-06-12,tr
106,Marc Moore,project manager,new york,Project Management,,True,ACTIVE,111958.81,2018-03-21,ru
107,Sharon Cherry,accountant,dubai,PMO,,True,active,75048.89,2016-03-31,ru
108,Sierra Johnson,,ISTANBUL,Human Resources,,False,terminated,67628.67,2023-01-22,en
109,Evelyn Galvan,project manager,New York City,İnsan Kaynakları,,True,terminated,74280.7,2020-09-09,tr
110,Sharon Cochran,civil Engineer,Berlin,PMO,,True,Terminated,69283.76,2016-02-29,tr
111,Richard Rodriguez,PROJECT MANAGER,DUBAI,Engineering,,True,TERMINATED,108957.13,2024-02-06,en
112,Shannon Walker,hr analyst,MOSCOW,HR,,True,active,52751.9,2015-05-30,tr
113,Julia Torres,DATA ANALYST,ISTANBUL,Finance,,True,terminated,70293.3,2018-10-20,en
114,Crystal Johnson,civil Engineer,"London, UK",FIN,,True,Active ,87893.65,2022-05-31,ru
115,Garrett Lin,Hr Analyst,New York City,Information Technology,,False,Terminated,66750.93,2023-11-16,en
116,Diana May,Civil Engineer,MOSCOW,finance,,False,terminated,64439.82,2015-05-13,tr
117,William Herrera,software engineer,Istambul,FIN,,True,ACTIVE,107221.45,2020-08-06,tr
118,Ashley Waller,data Analyst,London,FIN,,True,ACTIVE,89952.01,2016-12-08,tr
119,Victor Baker,data analyst,London,FIN,,True,Terminated,79913.32,2020-09-14,en
120,Jeffrey Chandler,software engineer,Moskva,engineering,,True,TERMINATED,95381.38,2015-09-27,ru
121,Larry Dixon,software engineer,"London, UK",Information Technology,,True,ACTIVE,94248.34,2023-10-01,tr
122,Kenneth Scott,accountant,dubai,Eng.,,True,Active,54859.01,2020-10-26,ru
123,April Frost,HR ANALYST,moscow,ENG,,True,Active,59516.16,2018-10-14,tr
124,Michelle Harmon,DATA ANALYST,Moscow,Human Resources,,True,Active ,56060.01,2018-05-22,ru
125,Helen Jones,civil engineer,Istambul,Fin.,,True,Active ,73577.69,2018-07-31,tr
126,Erin Edwards,ACCOUNTANT,New York City,ENG,,True,ACTIVE,53675.66,2019-04-23,tr
127,Michelle Evans,ACCOUNTANT,london,ENG,,True,terminated,64947.97,2015-04-05,en
128,Jason Powell,Accountant,"London, UK",engineering,,True,active,67925.56,2015-02-03,en
129,Cameron Fisher,SW Engineer,london,FIN,,False,Active ,101518.1,2020-01-19,tr
130,Megan Orr,hr analyst,NEW YORK,IT,,True,Terminated,53477.13,2020-09-16,ru
131,Elizabeth Kelley,HR ANALYST,Berlin,Human Resources,,True,TERMINATED,60156.51,2016-10-27,ru
132,Dustin Jordan,ACCOUNTANT,???,I.T.,,True,TERMINATED,64246.78,2021-07-18,ru
133,Mary Marshall,PROJECT MANAGER,Dubai,Information Technology,,True,active,78525.6,2016-08-28,tr
134,Daniel Kennedy,hr analyst,Istanbul,IT,,True,Terminated,55324.0,2020-04-15,tr
135,Rebecca Jackson,Accountant,Dubai,engineering,,True,TERMINATED,78700.56,2022-07-31,tr
136,Jose Schultz,HR Analyst,DUBAI,Information Technology,,True,TERMINATED,68537.14,2022-09-28,tr
137,Robert Potter,ACCOUNTANT,LONDON,PM,,False,Terminated,70298.67,2023-09-02,en
138,Courtney Gonzalez,Project Manager,New York,Finance,,True,TERMINATED,80103.4,2016-07-16,en
139,David Alvarez,Data Analyst,berlin,Engineering,,False,active,66560.28,2021-03-04,en
140,Angel Perry,Project Manager,"London, UK",project management,,False,TERMINATED,108436.25,2024-07-14,en
141,Cheyenne Horton,Software eng.,Istambul,Engineering,,True,ACTIVE,65602.37,2018-03-11,ru
142,David Douglas Jr.,project manager,"Dubai, UAE",Eng.,,True,ACTIVE,92945.72,2023-11-13,ru
143,Patricia Rodriguez,SW Engineer,berlin,Eng.,,True,Active ,77010.78,2017-12-04,ru
144,Christopher Rubio,PROJECT MANAGER,Istambul,FIN,,True,ACTIVE,104638.43,2019-07-19,tr
145,Amber Wright,PROJECT MANAGER,BERLIN,HR,,True,Active,93909.09,2022-11-15,tr
146,Joyce Solis,Accountant,london,Engineering,,True,terminated,53366.26,2021-01-07,en
147,Victoria Larson,Civil Engineer,ISTANBUL,Information Technology,,True,terminated,72819.31,2021-04-28,en
148,Stephanie Salazar,SW Engineer,Berlin ,Finance,,True,Active,67943.84,2015-10-10,ru
149,Kathy Rivas,Hr Analyst,moscow,project management,,True,Terminated,67927.88,2024-10-22,tr
150,Stephanie Manning,Accountant,ISTANBUL,human resources,,True,Active,72685.38,2019-10-04,tr
151,David Wright,project manager,london,Eng.,,True,terminated,106251.2,2023-08-04,en
152,Pamela Boyd,accountant,istanbul,Human Resources,,True,TERMINATED,76166.37,2021-01-19,en
153,Denise Jones,HR ANALYST,Moskva,I.T.,,True,terminated,48581.51,2015-09-07,tr
154,Devon Flores,CIVIL ENGINEER,berlin,PMO,,True,TERMINATED,71652.99,2020-04-23,en
155,Brenda Hall,civil Engineer,ISTANBUL,Eng.,,True,TERMINATED,70536.76,2020-01-17,ru
156,Michelle Brown,Project Manager,Moskva ,Engineering,,True,active,108084.82,2024-10-01,ru
157,Joshua Perry,data analyst,New York,engineering,,True,terminated,79631.9,2018-03-05,ru
158,Jason Stein,PROJECT MANAGER,LONDON,FIN,,False,Terminated,119065.92,2019-02-27,ru
159,Melissa Gates,Data Analyst,London,it,,True,ACTIVE,75441.12,2017-07-31,ru
160,Jamie Smith,Project Manager,berlin,PM,,True,Terminated,109748.78,2024-12-21,tr
161,Paul Castaneda,civil engineer,Dubai,IT,,False,Active ,80228.07,2020-02-11,ru
162,Jennifer Adkins,data Analyst,???,Information Technology,,True,active,69396.85,2020-08-19,tr
163,Lindsey Walker,Civil Engineer,"Dubai, UAE",Engineering,,True,Active,65096.73,2019-07-22,ru
164,Jeffrey Johnson,data analyst,berlin,ENG,,True,active,68200.93,2015-12-05,ru
165,Michael Powell,accountant,LONDON,IT,,True,Active,70768.63,2022-09-04,ru
166,John Anderson,Civil Engineer,Berlin,ENG,,True,Active ,66971.08,2022-08-05,tr
167,Alyssa Long,ACCOUNTANT,New York City,Engineering,,False,terminated,56964.32,2021-09-05,ru
168,Alyssa Day,Software Engineer,New York,Fin.,,True,TERMINATED,93070.12,2021-12-08,ru
169,Joel Williams,Hr Analyst,???,HR,,True,Active ,47663.77,2016-02-23,en
170,Daniel Murphy,ACCOUNTANT,Moskva,PMO,,False,terminated,60617.43,2019-04-27,en
171,Jamie Walton,Data Analyst,New York City,Project Management,,True,Active ,64412.16,2018-02-04,ru
172,Darlene Miller,TBD,New York City,HR,,True,TERMINATED,92893.08,2021-12-15,ru
173,Joshua Cooke,Data Analyst,New York City,Fin.,,True,Terminated,79335.23,2018-07-31,ru
174,Matthew Harrington,Project Manager,"Dubai, UAE",it,,True,Terminated,116603.36,2023-08-11,tr
175,Nicole Herring,PROJECT MANAGER,MOSCOW,Eng.,,True,Active ,76958.96,2019-09-30,ru
176,Alex Hernandez,Accountant,MOSCOW,Information Technology,,False,TERMINATED,79052.84,2015-12-15,en
177,Michael Elliott,ACCOUNTANT,???,Engineering,,True,Terminated,62913.67,2021-04-04,tr
178,Michael Wang,Software eng.,dubai,PM,,True,ACTIVE,96380.12,2024-04-28,tr
179,Lawrence Adkins,Software Engineer,ISTANBUL,FIN,,True,Terminated,93480.79,2024-02-01,tr
180,Robert Oconnell,Data Analyst,Moscow,Finance,,True,Active,66584.64,2022-01-23,en
181,Alexander Collins,Data Analyst,Istambul,Project Management,,True,TERMINATED,55155.75,2023-12-05,en
182,Tina Sanders,Project Manager,Berlin,it,,False,Active ,103535.07,2019-05-11,tr
183,Angela Vaughn,Software Engineer,London,FIN,,True,TERMINATED,108687.16,2019-03-10,tr
184,Ashley Barton,accountant,Istanbul ,PMO,,True,Terminated,69065.05,2021-03-22,en
185,Lindsay Martinez,Project Manager,LONDON,engineering,,True,ACTIVE,94230.45,2022-04-28,ru
186,Dr. Hannah Patterson,Software Engineer,unknown,PMO,,True,active,79334.42,2020-02-17,tr
187,Jonathan Peterson,accountant,"Dubai, UAE",IT,,True,TERMINATED,61005.85,2021-02-15,en
188,Samantha Garcia,civil Engineer,London,ENG,,True,Terminated,58479.32,2017-05-09,tr
189,Madison Poole,HR Analyst,BERLIN,Information Technology,,True,Active,59251.86,2022-11-23,ru
190,Jessica Gross,Hr Analyst,NEW YORK,Finance,,True,ACTIVE,48172.2,2024-04-16,en
191,Debra Morton,ACCOUNTANT,"Dubai, UAE",project management,,True,TERMINATED,63559.75,2020-10-12,tr
192,Karen Graham,PROJECT MANAGER,NYC,PMO,,True,active,92922.46,2020-12-29,ru
193,Debra Christian,Project Manager,Istambul,Eng.,,True,Terminated,76529.71,2023-07-20,en
194,Angelica Keith,Civil Engineer,Moscow,Project Management,,False,Terminated,93321.27,2022-04-16,ru
195,John Bishop,project manager,ISTANBUL,HR,,True,TERMINATED,78276.25,2017-08-17,ru
196,Allen Rosales,various,Dubai,Human Resources,,True,Active,57986.11,2024-08-24,ru
197,Daniel Salinas,Hr Analyst,dubai,Project Management,,False,active,54189.04,2024-10-21,en
198,Spencer Haynes,accountant,dubai,İnsan Kaynakları,,True,Active ,56391.66,2019-12-18,en
199,Adam Vaughan,ACCOUNTANT,Moscow,Engineering,,True,Terminated,59435.11,2021-03-16,tr
200,Nathan Freeman,HR Analyst,BERLIN,HR,,True,Terminated,64595.04,2017-09-14,ru
201,Melissa Brewer,Project Manager,Dubai,IT,,True,Active ,98419.02,2023-08-22,en
202,Ricky Davis II,project manager,Moskva ,Human Resources,,True,active,89898.75,2019-10-01,tr
203,Elizabeth Perkins,project manager,London,it,,True,terminated,80159.87,2022-02-11,tr
204,Joseph Coleman,Data Analyst,Dubai,Fin.,,False,Active,70206.93,2023-04-26,tr
205,Erin Warner,Data Analyst,dubai,Human Resources,,True,Active,67134.68,2019-03-04,en
206,David Martinez,Project Manager,DUBAI,Human Resources,,False,TERMINATED,105616.16,2019-01-15,en
207,Bryan Herrera,misc,london,finance,,True,Active,70128.43,2019-04-18,en
208,Cathy Robinson,HR ANALYST,Istanbul,Information Technology,,True,Active ,52998.38,2022-07-20,en
209,Dr. William Warren,software engineer,istanbul,IT,,True,Terminated,85195.36,2018-04-09,tr
210,Brian Lee,PROJECT MANAGER,NEW YORK,Eng.,,True,terminated,97327.96,2015-04-08,en
211,Christopher Smith,civil Engineer,BERLIN,HR,,True,terminated,94324.63,2016-08-06,tr
212,Denise Mccann,Accountant,New York,human resources,,True,Terminated,52547.07,2015-11-03,tr
213,Melissa Martinez,HR ANALYST,Berlin,project management,,True,Terminated,54823.82,2017-08-14,en
214,Katherine Salas,hr analyst,istanbul,IT,,True,Active ,55162.81,2018-06-16,ru
215,Julie Alexander,DATA ANALYST,New York,human resources,,True,Active,66472.78,2020-10-04,en
216,Anthony Everett,civil Engineer,DUBAI,finance,,True,TERMINATED,64994.11,2015-02-18,en
217,Rodney Morales,PROJECT MANAGER,istanbul,Eng.,,True,ACTIVE,73749.36,2024-01-28,en
218,Mark Brown,software engineer,,Human Resources,,True,Active ,90674.91,2017-02-05,ru
219,Justin Torres,ACCOUNTANT,New York City,Engineering,,True,ACTIVE,76483.36,2019-09-14,en
220,Bailey Duran DDS,SW Engineer,dubai,IT,,True,TERMINATED,87362.22,2015-04-17,ru
221,Courtney Mills,civil Engineer,berlin,HR,,True,TERMINATED,93959.19,2024-02-26,tr
222,Jeremy Dalton,project manager,Moskva,???,,True,Active,110310.51,2021-05-14,tr
223,Elizabeth Oliver DDS,TBD,Istanbul ,unassigned,,False,Active ,51685.04,2024-01-17,en
224,Theresa Clark,Civil Engineer,new york,Finance,,True,active,89426.78,2019-06-09,tr
225,Matthew Moore,HR Analyst,moscow,FIN,,True,TERMINATED,61229.51,2021-11-18,ru
226,Benjamin Smith,PROJECT MANAGER,Istanbul ,Eng.,,True,terminated,70089.9,2023-08-24,tr
227,Kirk Carter,accountant,Moskva,I.T.,,False,Active ,72360.3,2024-12-05,en
228,Michael Warner,project manager,DUBAI,Project Management,,True,active,109351.0,2019-09-15,en
229,Michael Bradshaw,Accountant,"London, UK",PM,,True,Active ,67341.66,2023-12-18,en
230,Lori Guerrero,civil engineer,New York,FIN,,True,terminated,61436.18,2018-10-16,tr
231,Jessica Stephens,Data Analyst,Berlin ,H.R.,,False,terminated,66588.31,2023-03-09,tr
232,Susan Serrano,misc,NYC,finance,,True,TERMINATED,74637.93,2022-06-04,tr
233,Christopher Parker,Civil Engineer,Berlin ,Engineering,,True,ACTIVE,73942.83,2022-05-31,ru
234,Laura Roberts,Project Manager,Moskva ,project management,,True,terminated,83164.8,2015-09-10,en
235,Michael Lyons,Accountant,Dubai,HR,,True,active,74552.16,2020-04-28,tr
236,Kathryn Snyder,software engineer,Istambul,Finance,,True,active,94187.58,2017-02-28,en
237,Andrew Reynolds,HR Analyst,MOSCOW,H.R.,,True,Terminated,67854.35,2018-08-28,ru
238,David Davis,ACCOUNTANT,Berlin ,İnsan Kaynakları,,True,terminated,54445.99,2016-03-08,tr
239,Sara Johnston,SW Engineer,???,I.T.,,True,TERMINATED,104582.54,2022-08-20,tr
240,Yvonne Chambers,Data Analyst,???,PM,,True,Active ,86396.1,2024-08-16,tr
241,Andrew Avila,PROJECT MANAGER,Dubai,engineering,,True,Terminated,90838.64,2024-03-28,ru
242,Matthew Moon,Civil Engineer,"Dubai, UAE",I.T.,,True,ACTIVE,71135.41,2016-12-12,en
243,Kevin Walters,software engineer,Istanbul,Engineering,,True,TERMINATED,88942.88,2022-08-22,en
244,Brandon Bailey MD,Hr Analyst,ISTANBUL,PMO,,True,Terminated,67362.3,2019-05-03,en
245,Shannon Rivera,Data Analyst,Istanbul ,engineering,,True,ACTIVE,72964.84,2020-04-25,en
246,Donna Landry,HR ANALYST,dubai,IT,,True,TERMINATED,61068.51,2017-10-29,en
247,Krista Gibson,accountant,LONDON,Information Technology,,True,ACTIVE,67813.18,2018-10-09,ru
248,Frank Cordova,DATA ANALYST,DUBAI,FIN,,True,Active,63410.57,2019-07-14,tr
249,Jose Travis,Project Manager,new york,H.R.,,True,Terminated,71765.95,2023-02-23,tr
250,Kimberly Gutierrez,Accountant,Istanbul ,PM,,True,Active,64123.43,2017-01-19,tr
251,Isaiah Avila,HR ANALYST,New York,ENG,,True,Terminated,59639.27,2022-02-11,tr
252,Olivia Harris,accountant,Berlin,project management,,True,TERMINATED,51621.86,2019-08-04,tr
253,Tanya Kim,civil Engineer,london,finance,,True,TERMINATED,67536.56,2023-09-04,en
254,Barbara Dudley,Hr Analyst,TBD,Project Management,,True,Terminated,56935.01,2015-02-27,ru
255,Cynthia Moore,Data Analyst,berlin,Human Resources,,True,ACTIVE,58594.79,2015-07-07,ru
256,Kristen Davis,Software Engineer,New York City,I.T.,,True,Terminated,77247.69,2017-07-24,en
257,Susan Murray MD,ACCOUNTANT,???,Engineering,,True,active,69516.21,2021-08-29,en
258,Kathleen Moran,data analyst,Dubai,Human Resources,,True,Terminated,74154.88,2022-01-25,en
259,Denise Davenport,PROJECT MANAGER,New York City,İnsan Kaynakları,,True,Active ,75245.71,2016-03-11,ru
260,Mrs. Kristen Reyes,accountant,Istanbul ,ENG,,True,TERMINATED,54811.21,2020-05-22,ru
261,Katie Suarez,civil Engineer,Istanbul,Human Resources,,True,active,58001.93,2020-02-14,ru
262,Desiree Tyler,hr analyst,New York City,Human Resources,,True,Terminated,52817.68,2015-07-07,en
263,Timothy Romero,SW Engineer,istanbul,FIN,,True,ACTIVE,76886.51,2019-04-29,tr
264,Diane Evans,hr analyst,"London, UK",Engineering,,True,active,59768.76,2019-04-05,ru
265,Yvonne Burns,software engineer,Berlin,Eng.,,False,Terminated,82004.84,2023-08-10,tr
266,Joshua Reed,Software Engineer,berlin,Finance,,True,Terminated,106691.29,2021-11-15,en
267,Kimberly Gibson,Software Engineer,Moskva,Information Technology,,True,Active ,86508.16,2019-03-31,ru
268,Colin Terry,Accountant,Istanbul,PMO,,True,Active ,53561.21,2019-08-16,en
269,Cynthia Rowe,ACCOUNTANT,Berlin,İnsan Kaynakları,,True,TERMINATED,69637.88,2024-02-27,en
270,Patrick Thornton,DATA ANALYST,???,Information Technology,,False,terminated,78061.86,2018-04-10,tr
271,Jasmin Alvarado,Hr Analyst,BERLIN,Human Resources,,False,Active ,60271.29,2020-02-16,en
272,Veronica Simpson,civil engineer,DUBAI,H.R.,,True,Terminated,93247.61,2015-07-18,tr
273,Jonathan Lawrence,Data Analyst,"London, UK",it,,True,active,76019.11,2021-10-30,tr
274,Shelly Alexander,Project Manager,ISTANBUL,PM,,True,Active,105000.71,2024-08-26,ru
275,Joyce Bowen,ACCOUNTANT,dubai,engineering,,True,TERMINATED,70171.21,2020-08-25,tr
276,Matthew Moore,Accountant,DUBAI,HR,,True,TERMINATED,75241.68,2020-11-11,en
277,Wayne Morgan,data analyst,MOSCOW,Engineering,,True,ACTIVE,60632.74,2022-09-29,ru
278,Marie Christian,software engineer,Istanbul ,HR,,True,Active ,115979.97,2019-04-12,ru
279,Shannon James,CIVIL ENGINEER,LONDON,IT,,True,Active ,91459.46,2021-02-16,tr
280,Nathan Malone,Software Engineer,berlin,ENG,,True,Active,112780.17,2017-12-18,en
281,Amanda Jones,Project Manager,Istanbul ,Finance,,True,active,86131.5,2022-06-04,ru
282,Tammie Bright,accountant,LONDON,HR,,True,active,54781.11,2024-11-27,en
283,Jessica Garcia,project manager,???,FIN,,True,TERMINATED,119056.66,2021-11-18,tr
284,Shelia Wallace,civil Engineer,Istanbul,Fin.,,True,TERMINATED,55988.23,2020-09-14,ru
285,Stephanie Williams,misc,London,finance,,True,active,117813.81,2022-01-22,en
286,Elaine Brooks,various,"Dubai, UAE",misc,,True,TERMINATED,52163.61,2015-08-11,en
287,Joseph Knight,HR ANALYST,NEW YORK,İnsan Kaynakları,,True,Terminated,55111.2,2015-01-25,tr
288,Carolyn Miller,data analyst,Dubai,IT,,False,TERMINATED,82541.22,2019-11-28,ru
289,Lisa Allen,accountant,London,project management,,True,Active ,75484.02,2024-12-12,tr
290,Briana Murray,accountant,DUBAI,İnsan Kaynakları,,False,active,67899.65,2023-05-24,tr
291,David Smith,Data Analyst,DUBAI,Eng.,,True,Active,84216.19,2024-07-22,en
292,Stephanie Byrd,PROJECT MANAGER,Berlin ,IT,,False,ACTIVE,106279.46,2022-05-08,en
293,Jeremy Reed,HR ANALYST,moscow,IT,,True,Terminated,61485.56,2024-01-22,ru
294,Margaret Coleman,HR Analyst,london,HR,,True,Terminated,48357.65,2019-01-09,ru
295,Ryan Gonzalez,project manager,London,Engineering,,True,ACTIVE,101330.94,2022-01-31,en
296,John Young,CIVIL ENGINEER,Berlin ,it,,True,TERMINATED,69632.75,2018-04-06,en
297,Laura Haney,accountant,London,PM,,True,Active,54211.12,2024-10-12,en
298,William Barrett,Hr Analyst,"Dubai, UAE",Finance,,True,active,50850.47,2019-05-09,ru
299,Keith Jennings,CIVIL ENGINEER,London,HR,,True,TERMINATED,61953.99,2024-05-15,en
300,Amber Obrien,Accountant,BERLIN,project management,,True,Terminated,64463.3,2016-11-09,en
301,Tanner Mitchell DDS,HR Analyst,Moskva ,finance,,True,ACTIVE,65423.88,2016-04-09,ru
302,Heather Fields,accountant,"Dubai, UAE",project management,,True,terminated,53836.55,2024-12-27,tr
303,Megan Le,Hr Analyst,Istanbul,ENG,,True,ACTIVE,50414.84,2017-06-17,ru
304,Sara Fuller,ACCOUNTANT,berlin,it,,True,terminated,60280.14,2019-04-28,en
305,Maria Parker,hr analyst,Moscow,Eng.,,True,Active ,59995.34,2016-01-17,ru
306,Kevin Oconnor,data Analyst,dubai,IT,,True,Terminated,79417.5,2023-08-15,ru
307,Edward Burgess,Software Engineer,NEW YORK,IT,,True,Terminated,124155.55,2017-11-21,en
308,Carlos Ryan,accountant,Moscow,IT,,True,TERMINATED,74128.61,2021-07-25,ru
309,Kiara Mcintyre,Accountant,NEW YORK,PM,,True,terminated,73513.65,2017-11-05,ru
310,Dawn Summers,data analyst,BERLIN,project management,,True,Active ,88223.58,2023-12-25,tr
311,Dr. Paul Morgan,data analyst,Berlin,Eng.,,True,Active,76008.59,2021-10-30,en
312,Victor Taylor,data analyst,"Dubai, UAE",PM,,True,Active ,62059.75,2015-05-18,tr
313,Shannon Ramsey,data analyst,berlin,it,,True,terminated,89147.61,2022-07-05,ru
314,Tracy Ballard,data analyst,london,IT,,True,ACTIVE,74568.99,2017-07-15,tr
315,Richard Smith,project manager,Istambul,Project Management,,False,TERMINATED,73619.3,2017-11-21,tr
316,Jordan Chambers,Accountant,BERLIN,misc,,True,ACTIVE,63765.45,2017-11-22,en
317,Lauren Carson,SW Engineer,london,ENG,,True,ACTIVE,71045.61,2017-01-01,ru
318,Ashley Hall,HR Analyst,NYC,ENG,,True,TERMINATED,63385.73,2017-10-19,tr
319,Stephen Hoffman,civil Engineer,new york,Human Resources,,True,active,69847.86,2021-06-11,ru
320,Connie Brown,various,london,I.T.,,True,active,92506.43,2022-09-12,en
321,Susan Turner,PROJECT MANAGER,London,Information Technology,,True,active,88971.4,2017-02-05,tr
322,Charles Shah,Accountant,new york,Fin.,,True,terminated,56315.97,2018-02-19,ru
323,Johnathan Davis,CIVIL ENGINEER,Istanbul ,engineering,,True,Active ,62842.53,2015-02-09,en
324,Brandy Chavez,SW Engineer,"London, UK",ENG,,True,TERMINATED,68101.1,2017-11-07,ru
325,Natalie Bautista,Project Manager,Dubai,PM,,True,TERMINATED,110500.79,2022-08-15,tr
326,Patrick Moore,Project Manager,Istanbul ,it,,True,TERMINATED,108737.22,2020-03-14,tr
327,Brett Burns,data Analyst,istanbul,Fin.,,True,active,62987.63,2022-03-25,ru
328,Trevor Johnson,Software Engineer,New York City,Fin.,,False,active,80250.77,2017-05-12,en
329,Jeremy Sampson,software engineer,London,Human Resources,,True,Active ,129740.89,2024-12-05,ru
330,Ariana Jennings,Software Engineer,new york,ENG,,False,Active,108130.69,2024-10-07,tr
331,Vanessa Howard,Data Analyst,NEW YORK,project management,,True,TERMINATED,85705.28,2018-11-23,ru
332,Colton Martinez,Project Manager,berlin,H.R.,,True,Terminated,70527.79,2018-03-20,ru
333,Jordan Bates,project manager,Berlin,PMO,,True,Terminated,109838.37,2019-11-26,ru
334,Linda Smith,HR ANALYST,istanbul,PMO,,True,Active ,57915.25,2018-01-18,ru
335,Dana Martinez,Civil Engineer,DUBAI,project management,,False,ACTIVE,73213.72,2018-08-06,en
336,Andrea Hubbard,hr analyst,N/A,IT,,False,Terminated,55960.42,2018-11-01,ru
337,Daniel Kane,data analyst,New York City,Fin.,,True,terminated,88307.54,2020-04-09,en
338,Charles Lester,Civil Engineer,ISTANBUL,Project Management,,True,Terminated,94781.42,2022-06-20,en
339,Scott Thomas,hr analyst,"London, UK",FIN,,True,ACTIVE,52470.33,2016-04-07,en
340,David Thompson,HR ANALYST,"Dubai, UAE",Finance,,True,Active ,45223.25,2021-09-08,en
341,Allison Smith,software engineer,New York,engineering,,False,TERMINATED,88108.65,2020-06-21,en
342,Cynthia Morris,Data Analyst,NEW YORK,Fin.,,True,Active ,59715.63,2018-04-22,tr
343,Anthony Harmon,Accountant,"Dubai, UAE",engineering,,True,TERMINATED,76029.86,2020-12-15,en
344,Nichole Alvarez,software engineer,LONDON,FIN,,True,TERMINATED,66216.79,2023-02-01,en
345,Kayla Rodriguez,accountant,"Dubai, UAE",Eng.,,True,Terminated,59660.72,2016-06-15,en
346,Theresa Williams,hr analyst,Moskva,H.R.,,True,Active ,58145.53,2021-10-17,tr
347,Sharon Boyd,civil Engineer,Moscow,Eng.,,True,ACTIVE,92529.75,2024-03-27,tr
348,Victor Brown,project manager,NEW YORK,Human Resources,,False,active,81550.9,2021-05-23,tr
349,James Parks,data analyst,Istanbul ,Information Technology,,True,TERMINATED,78283.48,2019-07-03,tr
350,Theodore Jones Jr.,Project Manager,new york,Information Technology,,True,Terminated,101662.04,2021-02-12,en
351,Ana Hill,Software eng.,LONDON,Fin.,,True,active,103724.58,2018-05-15,en
352,Kimberly Nguyen,ACCOUNTANT,ISTANBUL,HR,,False,active,60669.67,2017-08-12,ru
353,Kerry Chavez DDS,accountant,New York,Information Technology,,True,ACTIVE,55187.07,2016-01-26,tr
354,Michael Farrell,software engineer,DUBAI,İnsan Kaynakları,,True,ACTIVE,118114.21,2017-07-17,tr
355,Patricia Le,PROJECT MANAGER,Dubai,Project Management,,True,ACTIVE,77479.0,2023-03-16,ru
356,Jesse Perez,Project Manager,London,Eng.,,True,Active,93792.73,2019-06-21,tr
357,Jesse Perry,accountant,london,Eng.,,True,Terminated,55882.98,2015-10-21,ru
358,Jeffery Ortega,various,LONDON,IT,,True,Terminated,67829.53,2018-12-03,tr
359,Christian Leblanc,HR Analyst,london,Project Management,,True,terminated,66319.1,2016-08-27,ru
360,Ronald Davis,Software eng.,moscow,HR,,True,ACTIVE,99970.35,2020-06-01,tr
361,Parker Cain,ACCOUNTANT,dubai,H.R.,,True,ACTIVE,58520.41,2022-05-05,en
362,Laurie Hoffman,civil engineer,MOSCOW,FIN,,True,TERMINATED,94191.71,2020-06-08,tr
363,Bryan Gomez,Accountant,Berlin,engineering,,True,active,65882.46,2018-11-21,tr
364,Nicole Parrish,,NYC,finance,,True,ACTIVE,76712.06,2017-07-12,en
365,Tracy Burke,data Analyst,New York City,Engineering,,True,Active ,60346.22,2021-01-29,en
366,Kenneth Lewis,HR ANALYST,istanbul,it,,True,Active ,69394.42,2018-07-24,en
367,Courtney Rodriguez,hr analyst,Berlin,ENG,,True,Terminated,52583.7,2023-04-13,ru
368,Holly Farmer,hr analyst,istanbul,human resources,,True,TERMINATED,50772.78,2022-09-19,ru
369,Renee Bruce,misc,Istanbul ,Information Technology,,True,Active ,59812.95,2019-08-19,en
370,Sabrina Austin,Hr Analyst,dubai,Engineering,,True,TERMINATED,56438.62,2023-03-31,ru
371,Allison Hickman,accountant,DUBAI,Project Management,,True,Terminated,51272.48,2023-03-31,en
372,Debra White,HR ANALYST,Berlin ,IT,,True,Terminated,64341.93,2015-08-12,tr
373,Ellen Morgan,civil engineer,,PMO,,True,Active,67938.44,2017-04-07,ru
374,Sergio Knight,data analyst,moscow,finance,,True,active,77192.53,2020-09-26,tr
375,Charles Schultz,Civil Engineer,Istambul,Information Technology,,True,TERMINATED,89506.9,2015-07-30,ru
376,Paul Lewis,TBD,NYC,PM,,True,Active,55123.65,2021-02-04,en
377,Glen Wood,ACCOUNTANT,Berlin ,engineering,,True,Terminated,52382.15,2021-12-13,tr
378,Paula Bradley,hr analyst,berlin,human resources,,False,terminated,45810.8,2015-12-26,en
379,Anthony Moore,DATA ANALYST,???,engineering,,True,Active ,67606.6,2024-03-13,en
380,Megan Nelson,hr analyst,London,Fin.,,True,Terminated,58116.16,2023-03-08,tr
381,Karla Ramos,SW Engineer,Berlin,PM,,True,TERMINATED,105510.87,2023-03-06,tr
382,Paul Wilson,DATA ANALYST,"London, UK",engineering,,False,active,71271.0,2021-11-25,ru
383,Douglas Gregory,ACCOUNTANT,London,FIN,,True,active,70700.51,2021-03-02,ru
384,Mr. Andrew Foster,software engineer,Moscow,FIN,,True,Active,86965.9,2022-03-29,en
385,Aimee Turner,,london,PM,,True,ACTIVE,109082.85,2023-12-19,ru
386,Chad Scott,Project Manager,Moskva,Finance,,True,Active ,75842.23,2022-12-17,en
387,Adam Burgess,HR ANALYST,New York City,H.R.,,True,Terminated,52557.96,2016-01-15,ru
388,James Padilla,HR ANALYST,Berlin,project management,,True,TERMINATED,52758.97,2020-10-15,tr
389,Sandra Drake,software engineer,istanbul,H.R.,,True,ACTIVE,109658.4,2015-07-08,en
390,Scott Williams,PROJECT MANAGER,BERLIN,İnsan Kaynakları,,True,ACTIVE,84328.37,2018-01-21,en
391,Thomas Atkins,ACCOUNTANT,ISTANBUL,Human Resources,,True,Active,66480.97,2021-06-09,en
392,Laura Mckinney,Accountant,Istanbul,FIN,,False,Active,77098.77,2019-05-25,en
393,Brian Smith,Project Manager,"Dubai, UAE",I.T.,,True,active,107787.15,2022-11-01,ru
394,Robert Montgomery,Software Engineer,MOSCOW,Fin.,,True,Active,105101.24,2022-06-17,ru
395,Tamara Davis,civil Engineer,New York City,Project Management,,True,ACTIVE,88830.65,2020-09-11,en
396,Dana Chapman,PROJECT MANAGER,London,Finance,,True,Terminated,81928.76,2015-09-28,ru
397,Jennifer Collins,Accountant,Istanbul ,PMO,,True,Active,52336.83,2021-08-22,tr
398,Gary Jackson,Software Engineer,LONDON,IT,,False,Terminated,72068.4,2020-07-17,tr
399,Ashley Hicks,hr analyst,Dubai,human resources,,True,Active,52287.58,2024-11-02,ru
400,Hannah Luna,DATA ANALYST,NEW YORK,Fin.,,True,active,72864.84,2021-02-26,en
401,Robin Young,project manager,Moskva ,Finance,,True,Active ,89713.42,2021-02-10,en
402,Craig Morrison,Hr Analyst,dubai,project management,,True,Terminated,69936.4,2015-03-06,en
403,Mary Thompson,Civil Engineer,"Dubai, UAE",project management,,True,Terminated,82815.62,2019-10-04,tr
404,Kathleen Webster,Hr Analyst,"London, UK",finance,,True,Active ,50918.75,2019-02-12,en
405,Joann Glass,civil Engineer,Moskva ,PM,,True,Active,76056.32,2020-10-18,en
406,Madison Weber,data analyst,Berlin,Eng.,,False,TERMINATED,67024.12,2020-04-05,tr
407,Lori Hernandez,Project Manager,DUBAI,PM,,True,active,99881.83,2022-01-21,ru
408,Jeremy Turner,DATA ANALYST,berlin,IT,,True,ACTIVE,59438.75,2021-11-27,ru
409,Anthony Romero,accountant,NYC,Human Resources,,True,Active ,55261.98,2020-11-30,en
410,Jesse Brown,Software eng.,New York,engineering,,True,terminated,112189.94,2015-08-11,tr
411,Angela Lin,Software eng.,New York,human resources,,True,Terminated,126636.37,2019-05-17,ru
412,Lisa Hunter,CIVIL ENGINEER,new york,Information Technology,,True,Terminated,93470.51,2022-02-23,ru
413,Julian Conner,project manager,LONDON,FIN,,True,TERMINATED,93055.43,2023-08-22,en
414,Joanna Pacheco,accountant,BERLIN,ENG,,False,active,52930.96,2018-03-06,ru
415,Erica Alvarez,civil engineer,Istanbul,İnsan Kaynakları,,True,active,59799.08,2022-04-07,tr
416,Antonio Garcia,Project Manager,Istanbul,ENG,,True,Active ,83819.18,2018-08-17,ru
417,Gwendolyn Klein,Software eng.,Istanbul,Finance,,True,terminated,117832.06,2017-04-01,tr
418,Carrie Wright,Hr Analyst,london,Project Management,,True,active,62885.01,2017-10-23,ru
419,Jeffrey Mills,civil Engineer,MOSCOW,Engineering,,True,terminated,91184.7,2020-07-02,ru
420,Jake Campbell,hr analyst,"London, UK",İnsan Kaynakları,,True,TERMINATED,57051.66,2022-08-24,ru
421,George Harper,Accountant,London,HR,,True,Active ,58698.76,2022-05-30,en
422,Maria Jones,software engineer,TBD,HR,,True,TERMINATED,67320.39,2023-11-22,tr
423,Michael Mitchell,civil engineer,DUBAI,PMO,,True,terminated,83840.48,2020-11-12,ru
424,Mary Escobar,civil engineer,dubai,it,,True,Active ,73848.79,2016-06-18,en
425,Felicia Aguilar,Software Engineer,Istanbul,Finance,,False,active,103673.53,2018-10-13,tr
426,Gregory Ponce,Data Analyst,"Dubai, UAE",Finance,,True,terminated,75757.98,2019-08-28,en
427,Jenna Larson,Software Engineer,DUBAI,,,False,Active,120078.84,2015-11-27,en
428,Emily Bennett,Project Manager,Moskva,İnsan Kaynakları,,False,TERMINATED,77154.39,2016-12-15,tr
429,Robin Santiago,data Analyst,Dubai,it,,True,ACTIVE,55159.95,2016-01-27,tr
430,Nancy Jennings,Software Engineer,NEW YORK,it,,True,terminated,116779.84,2016-12-23,en
431,Maria Henderson,project manager,Dubai,HR,,True,Terminated,110257.68,2021-01-10,en
432,Jack White,Civil Engineer,Istanbul,Project Management,,True,TERMINATED,71762.65,2016-03-27,ru
433,Travis Tucker,Hr Analyst,Istanbul,Eng.,,True,active,57110.19,2020-02-07,en
434,Chad Jones,Data Analyst,LONDON,Eng.,,True,Terminated,59452.41,2024-07-20,ru
435,Ashley Wise,HR ANALYST,"London, UK",ENG,,True,Active,58818.89,2024-09-01,en
436,Sophia Johnson,civil Engineer,Berlin ,PM,,True,Active,78178.68,2021-06-07,en
437,Ralph Anderson,data analyst,London,H.R.,,True,TERMINATED,83340.08,2015-12-07,tr
438,Christopher Guerra,Project Manager,MOSCOW,engineering,,False,active,103451.78,2021-07-18,en
439,Rhonda Martin,HR ANALYST,"London, UK",Eng.,,True,TERMINATED,66509.57,2015-05-14,ru
440,Jason Rhodes,data analyst,LONDON,it,,True,TERMINATED,73015.78,2019-04-18,ru
441,Jeremy Mitchell,hr analyst,London,FIN,,True,Active,50965.82,2021-07-04,tr
442,Joann Ferguson,PROJECT MANAGER,istanbul,FIN,,False,Terminated,88640.69,2020-04-09,tr
443,Robert Harrison,data analyst,BERLIN,PM,,False,Active ,68673.89,2016-11-05,ru
444,Holly Valentine,hr analyst,Moskva,project management,,True,Terminated,58535.87,2022-03-25,en
445,Mrs. Diane Reyes,HR ANALYST,new york,Human Resources,,True,TERMINATED,61151.28,2024-06-10,tr
446,Tracy Montoya,project manager,"London, UK",finance,,True,terminated,118536.2,2020-02-11,en
447,Brenda Wright,HR Analyst,berlin,I.T.,,True,Active,46028.79,2017-01-25,en
448,Shelly Spencer,TBD,Berlin,FIN,,True,TERMINATED,58341.07,2020-02-20,ru
449,Ryan Rosales,DATA ANALYST,Istanbul,I.T.,,True,Terminated,81395.66,2023-03-04,ru
450,Phillip Nelson,hr analyst,New York,Project Management,,True,terminated,66021.92,2022-03-11,en
451,Brittany Kim,civil engineer,berlin,finance,,True,TERMINATED,58495.08,2021-10-14,tr
452,Courtney Hayes,data Analyst,moscow,project management,,True,Terminated,64962.76,2015-12-25,en
453,Alexander Brown,project manager,"Dubai, UAE",PMO,,True,TERMINATED,76978.38,2020-04-28,tr
454,Cynthia Vang,civil engineer,New York,Information Technology,,True,TERMINATED,71580.56,2016-07-14,en
455,Alfred Galvan,CIVIL ENGINEER,N/A,Fin.,,True,Terminated,73538.07,2022-03-08,tr
456,Marie Moody,Hr Analyst,London,Fin.,,False,active,51930.43,2021-07-08,ru
457,Dustin Gallegos,data analyst,Berlin ,Fin.,,True,TERMINATED,55614.08,2020-03-03,tr
458,Brenda Thornton,Project Manager,ISTANBUL,Engineering,,True,TERMINATED,87799.22,2020-10-05,en
459,Aaron Miller,HR ANALYST,dubai,İnsan Kaynakları,,True,TERMINATED,51786.47,2018-12-11,en
460,Ruben Dunn,Project Manager,Moskva,I.T.,,True,Terminated,78151.46,2023-12-01,tr
461,Kelsey Rodriguez,civil engineer,Berlin,PMO,,True,active,67462.94,2021-09-13,tr
462,Eric Williams,data analyst,new york,Finance,,True,Active,59982.58,2015-11-18,ru
463,Riley Bryant,Software eng.,Dubai,Human Resources,,False,Active,116548.59,2017-11-02,en
464,Taylor Carlson,Civil Engineer,moscow,Human Resources,,True,Active,56170.36,2021-07-02,ru
465,Jose Allen,ACCOUNTANT,new york,it,,True,active,72897.32,2016-12-04,tr
466,Jeffrey Mendez,PROJECT MANAGER,Moscow,Eng.,,True,Active ,75366.23,2020-10-07,en
467,Jason Beck,software engineer,London,Finance,,True,Active ,110807.51,2016-04-18,ru
468,William Jones,data Analyst,New York City,I.T.,,True,Active ,84937.8,2020-05-02,tr
469,Katie Mcneil,data analyst,new york,H.R.,,True,Terminated,78678.15,2016-02-21,tr
470,Jeanette Harrison,project manager,Istanbul,finance,,True,terminated,91235.21,2021-08-28,ru
471,Veronica King,data Analyst,"Dubai, UAE",Fin.,,True,TERMINATED,81879.98,2022-01-17,en
472,Richard Cooper,software engineer,Moscow,Human Resources,,True,Active ,86252.13,2022-05-31,tr
473,Lori Ingram,data Analyst,"London, UK",ENG,,True,TERMINATED,67026.55,2015-05-10,ru
474,Evelyn Williams,Software eng.,MOSCOW,PM,,False,terminated,101183.33,2020-07-06,ru
475,Robin Thompson,civil Engineer,ISTANBUL,PMO,,True,Terminated,61252.44,2019-03-28,tr
476,Julie Dominguez,various,DUBAI,FIN,,True,Active,68955.07,2019-10-20,ru
477,Robin Brown,Data Analyst,New York City,Finance,,True,Active,75738.61,2018-10-14,en
478,Judith Carter,Software eng.,???,Finance,,False,Terminated,95530.49,2021-06-03,en
479,Curtis Williams,SW Engineer,London,ENG,,True,ACTIVE,93339.42,2024-06-04,tr
480,Kaylee Hays,PROJECT MANAGER,ISTANBUL,Finance,,True,terminated,117897.05,2018-01-24,en
481,Dawn Mullins,project manager,Berlin ,project management,,True,TERMINATED,91645.52,2022-01-03,tr
482,Howard Norman,Hr Analyst,london,İnsan Kaynakları,,True,Active ,60948.16,2021-05-07,tr
483,Evelyn Martinez,Project Manager,Dubai,it,,True,Active,104265.33,2024-04-23,en
484,Steve Paul,PROJECT MANAGER,dubai,???,,True,ACTIVE,81806.49,2020-03-16,ru
485,Jasmine Beltran,HR Analyst,Berlin ,Project Management,,False,terminated,64741.75,2015-06-22,tr
486,Jonathan Glass MD,PROJECT MANAGER,London,Human Resources,,True,terminated,90350.34,2024-06-01,tr
487,Monica Miller,data analyst,istanbul,İnsan Kaynakları,,True,Terminated,63332.69,2021-07-21,tr
488,Samantha Gardner,hr analyst,london,project management,,True,Active,55986.89,2019-03-15,tr
489,Bobby Guerrero,,moscow,misc,,True,terminated,111518.63,2022-09-30,tr
490,Lance Simmons,PROJECT MANAGER,ISTANBUL,Information Technology,,False,TERMINATED,113347.65,2019-05-29,ru
491,Heather Williams,HR Analyst,New York,ENG,,True,TERMINATED,65306.19,2015-11-25,ru
492,Heather Bolton,Civil Engineer,"London, UK",Fin.,,False,TERMINATED,71834.82,2022-10-18,en
493,William Gould,civil Engineer,Moskva,project management,,True,ACTIVE,58289.28,2024-04-25,tr
494,Mark Cox,Software eng.,Istanbul ,PM,,True,ACTIVE,103546.33,2019-02-14,en
495,Meghan Cisneros,civil engineer,"London, UK",it,,True,active,62930.65,2019-10-23,tr
496,Lawrence Harrington,hr analyst,new york,HR,,True,Active ,68207.12,2017-04-12,en
497,Austin Osborne,Hr Analyst,NYC,PMO,,True,Active,52074.18,2016-08-20,en
498,James Bradley,HR ANALYST,NYC,Eng.,,False,terminated,48330.12,2022-12-31,ru
499,Meghan Rush,civil engineer,"Dubai, UAE",I.T.,,True,active,64393.66,2023-12-31,tr
500,Phillip Berry,ACCOUNTANT,Dubai,HR,,True,Terminated,70137.86,2017-01-04,ru
501,Jennifer Banks,Software Engineer,Istanbul ,PM,,True,ACTIVE,93140.43,2020-08-06,ru
502,Brian Fitzgerald,PROJECT MANAGER,DUBAI,PM,,True,TERMINATED,114633.59,2016-09-11,tr
503,Mr. Justin Green III,hr analyst,"Dubai, UAE",human resources,,False,Active,51505.6,2020-07-20,en
504,Zachary Mitchell,Software eng.,LONDON,Information Technology,,False,Active,71082.56,2020-09-14,ru
505,Katherine Martinez,ACCOUNTANT,berlin,IT,,True,Active ,57384.72,2018-03-10,tr
506,Jodi Roach,accountant,Dubai,PM,,False,terminated,63807.0,2018-01-08,tr
507,Brandon Fleming,data Analyst,Dubai,Finance,,True,TERMINATED,86740.74,2023-12-28,tr
508,Emma Reed,ACCOUNTANT,NYC,Human Resources,,True,terminated,55340.32,2024-07-23,en
509,Joshua Vance,Data Analyst,Istambul,PM,,True,ACTIVE,70132.54,2016-06-21,ru
510,Michelle Ho,Software eng.,Dubai,finance,,True,Terminated,104022.15,2017-02-02,ru
511,Rebecca Hicks,Accountant,"Dubai, UAE",Human Resources,,True,TERMINATED,70587.1,2020-11-19,en
512,Curtis Taylor,SW Engineer,New York City,Project Management,,True,Active,84526.56,2021-03-06,en
513,Allison Spencer,Software eng.,Moskva ,İnsan Kaynakları,,True,Active ,101951.08,2020-08-24,en
514,Robert Arnold,software engineer,MOSCOW,engineering,,True,Active ,84347.09,2021-12-30,ru
515,Angelica Parker,CIVIL ENGINEER,new york,engineering,,True,Active ,55233.88,2022-10-04,ru
516,Dr. Kelly Hammond DVM,n/a,"Dubai, UAE",FIN,,False,terminated,55485.66,2017-05-07,ru
517,William Day,Data Analyst,dubai,Eng.,,True,ACTIVE,60185.8,2023-04-15,tr
518,Michael Cooper,TBD,"London, UK",Project Management,,True,ACTIVE,119199.5,2024-07-07,ru
519,Penny Bowman,Software eng.,DUBAI,H.R.,,True,terminated,99340.07,2022-04-09,ru
520,Vincent Reynolds,Software eng.,London,PM,,True,Active,77493.08,2022-09-06,ru
521,Amy Martinez,data Analyst,Berlin ,ENG,,True,TERMINATED,67608.94,2017-04-28,ru
522,Christopher Morris,HR Analyst,Dubai,project management,,False,Active ,55399.61,2015-07-12,en
523,Hannah Everett,hr analyst,NYC,finance,,True,ACTIVE,60439.07,2018-10-25,ru
524,Sarah King,data analyst,Moskva ,finance,,True,Active ,88692.65,2021-11-02,en
525,Krista Martinez,hr analyst,Berlin,IT,,True,ACTIVE,52303.07,2016-02-11,en
526,Joseph Shaw,Civil Engineer,DUBAI,finance,,True,Terminated,55263.5,2016-12-02,en
527,Todd Moore,Data Analyst,NYC,PM,,True,Active ,59829.8,2024-07-23,tr
528,Michelle Jacobs,hr analyst,DUBAI,H.R.,,True,active,55041.27,2015-06-01,tr
529,Kristy Bryan,DATA ANALYST,dubai,IT,,True,Terminated,79527.66,2018-11-10,en
530,Angel May,data Analyst,NEW YORK,it,,True,TERMINATED,74054.89,2024-12-14,tr
531,Marilyn Wang,CIVIL ENGINEER,london,Finance,,True,TERMINATED,90195.02,2020-09-26,tr
532,Mark Jimenez,civil engineer,NEW YORK,finance,,True,terminated,67157.68,2024-06-09,ru
533,Donna Frye,civil engineer,NEW YORK,Finance,,True,Terminated,55208.54,2021-07-10,tr
534,Dr. Michael Evans,PROJECT MANAGER,dubai,FIN,,True,Active ,82381.67,2019-01-19,ru
535,Anthony Gonzales,civil engineer,Moskva,PMO,,True,Active ,74050.12,2021-08-06,tr
536,Mr. Lawrence Edwards,data Analyst,Berlin ,Fin.,,True,TERMINATED,72133.94,2016-06-04,ru
537,Morgan Valencia,Data Analyst,"Dubai, UAE",Engineering,,False,Terminated,60489.39,2024-07-23,ru
538,Bianca Wood,n/a,Moscow,FIN,,True,ACTIVE,69978.39,2021-08-12,ru
539,Emma Owens,Hr Analyst,moscow,finance,,True,active,46689.11,2020-01-27,ru
540,David Davis,Hr Analyst,"London, UK",it,,True,TERMINATED,66658.64,2019-08-05,ru
541,James Gilbert,data Analyst,???,Finance,,False,TERMINATED,60796.52,2021-04-10,en
542,Sean Moore,ACCOUNTANT,Istanbul ,IT,,True,Active ,50559.92,2018-01-31,en
543,Kenneth Edwards,ACCOUNTANT,Istanbul ,Project Management,,True,Terminated,64744.19,2015-04-09,tr
544,Kathleen Robertson,civil engineer,New York City,Finance,,False,ACTIVE,65222.18,2016-11-24,en
545,Mr. Alexander Landry MD,data analyst,BERLIN,Engineering,,False,Terminated,59986.12,2016-05-10,en
546,Cindy Gomez,Software eng.,istanbul,it,,False,ACTIVE,95213.53,2017-08-15,en
547,Johnny Khan,HR Analyst,NEW YORK,IT,,True,TERMINATED,47097.71,2019-03-10,tr
548,Julie Herrera,Accountant,istanbul,Information Technology,,True,active,78833.43,2015-09-04,ru
549,Jessica Khan,PROJECT MANAGER,NEW YORK,Fin.,,False,ACTIVE,106959.15,2016-05-18,en
550,Pamela Diaz,ACCOUNTANT,DUBAI,project management,,True,TERMINATED,69055.1,2022-06-05,ru
551,Kelly Lee,Civil Engineer,new york,PM,,False,Active ,55383.14,2020-06-25,ru
552,Angel Gordon,civil Engineer,Berlin,İnsan Kaynakları,,True,ACTIVE,70055.06,2024-02-08,tr
553,Diana Hays,Hr Analyst,Moscow,PM,,True,Active,63960.52,2024-02-26,tr
554,Barbara Hester,TBD,DUBAI,engineering,,True,ACTIVE,110763.1,2018-02-10,tr
555,Robert Morgan,Data Analyst,Berlin ,engineering,,True,Active,59460.08,2023-03-05,ru
556,Nicole Gonzalez,data Analyst,Istanbul,I.T.,,True,Active ,88007.6,2019-07-25,ru
557,Kathryn Williams,PROJECT MANAGER,Moskva ,PMO,,False,Active,115919.57,2018-10-02,en
558,Gary Wells,TBD,Berlin,Eng.,,True,Active,57513.76,2021-08-24,tr
559,Larry Robertson,Software Engineer,NYC,Engineering,,True,terminated,98778.88,2019-12-02,en
560,Louis Martin,civil engineer,"Dubai, UAE",IT,,True,Active ,88907.69,2019-12-16,en
561,Nancy Evans MD,civil engineer,NEW YORK,Project Management,,True,ACTIVE,71067.32,2023-10-31,tr
562,Kim Erickson,Software eng.,TBD,PMO,,True,ACTIVE,108925.45,2016-02-25,en
563,Robert Richardson,accountant,Berlin,it,,True,Terminated,71738.69,2015-09-05,en
564,Veronica Silva,PROJECT MANAGER,NEW YORK,PM,,True,Active,100166.47,2022-05-17,tr
565,Molly Watts,SW Engineer,Istanbul,Engineering,,True,Active,78081.98,2022-10-04,ru
566,John Coffey,Accountant,BERLIN,I.T.,,True,Terminated,63629.06,2015-01-16,tr
567,Paula Lane,misc,istanbul,project management,,True,TERMINATED,55007.81,2015-05-03,tr
568,Lauren Jackson,HR ANALYST,Moskva,Fin.,,True,active,52102.52,2024-07-03,tr
569,Lisa Randall,HR ANALYST,istanbul,Engineering,,True,active,48431.09,2017-05-11,ru
570,Michael Johnson,Data Analyst,london,FIN,,False,TERMINATED,60055.13,2019-03-30,tr
571,Ashley Smith,Data Analyst,NYC,Information Technology,,True,Active,65296.4,2018-02-21,en
572,Christian Vaughn,software engineer,Berlin ,Engineering,,True,Active ,106929.65,2018-08-11,tr
573,Reginald Knapp,SW Engineer,unknown,PMO,,True,TERMINATED,102958.87,2017-08-18,ru
574,Nancy Brown,accountant,ISTANBUL,PMO,,True,Terminated,54029.91,2021-07-19,en
575,Daniel Nguyen,Software eng.,LONDON,PMO,,True,Terminated,85606.33,2022-03-28,en
576,Kelly Edwards,project manager,New York,Finance,,False,active,71914.07,2018-05-24,tr
577,Thomas Peterson,DATA ANALYST,DUBAI,engineering,,True,ACTIVE,67132.13,2023-07-01,tr
578,Raymond Le,Software Engineer,MOSCOW,it,,True,Active,98528.65,2020-03-04,ru
579,Melissa Bishop,data Analyst,moscow,Eng.,,True,Active ,74545.64,2023-04-11,en
580,David Grant,Software eng.,N/A,finance,,True,TERMINATED,86195.17,2018-09-14,tr
581,William Evans,software engineer,"Dubai, UAE",project management,,True,terminated,86374.69,2016-12-03,en
582,Daniel Bush,software engineer,dubai,İnsan Kaynakları,,False,Active,127594.65,2015-10-14,ru
583,Gregory Peck,HR ANALYST,moscow,IT,,True,Terminated,47768.6,2024-09-15,en
584,Denise Martinez,data Analyst,istanbul,unassigned,,True,ACTIVE,72586.63,2019-12-31,en
585,Jamie Baird,Accountant,london,I.T.,,True,Terminated,72118.72,2022-11-08,tr
586,Tina Ballard,Software Engineer,New York City,it,,True,Active ,124204.15,2015-06-28,en
587,Dwayne Klein,data analyst,ISTANBUL,I.T.,,True,Active ,81665.13,2020-08-28,ru
588,Jeremy Scott,hr analyst,"London, UK",ENG,,False,terminated,62362.14,2024-08-06,en
589,Dale Ryan,Civil Engineer,London,HR,,True,TERMINATED,74390.37,2019-11-28,en
590,Melissa Taylor,civil engineer,LONDON,???,,False,ACTIVE,84657.86,2016-09-20,ru
591,Laurie Sanchez,Data Analyst,new york,Engineering,,False,TERMINATED,77217.66,2016-02-26,ru
592,Kiara Little,accountant,DUBAI,Project Management,,True,Active ,77864.62,2019-09-24,en
593,Jason Love,hr analyst,moscow,Engineering,,False,Active,57812.5,2022-01-02,en
594,Randy Smith,n/a,Berlin ,Project Management,,True,ACTIVE,45374.86,2015-09-28,tr
595,Tanya Russell,Civil Engineer,NEW YORK,Finance,,True,Terminated,74983.04,2024-07-15,tr
596,Sherry Woods,PROJECT MANAGER,ISTANBUL,İnsan Kaynakları,,True,TERMINATED,108570.32,2022-09-17,ru
597,Victor Morris,civil Engineer,"Dubai, UAE",HR,,True,TERMINATED,64297.02,2021-11-29,en
598,Susan Davis,accountant,new york,,,True,Active,58898.44,2023-04-16,ru
599,Kimberly Sharp,Accountant,ISTANBUL,Finance,,True,terminated,71986.19,2022-06-16,en
600,Susan Thompson,Accountant,dubai,Information Technology,,True,Active ,51938.51,2016-08-02,en
601,Casey Gillespie,hr analyst,Istanbul,engineering,,True,TERMINATED,49103.97,2018-05-26,ru
602,Jennifer Simpson DVM,software engineer,Berlin ,ENG,,True,Terminated,95596.38,2016-09-30,ru
603,Tammy Mcdowell,PROJECT MANAGER,MOSCOW,Project Management,,True,Active,93182.56,2015-10-22,ru
604,Keith Rodriguez,hr analyst,Istambul,engineering,,True,ACTIVE,68142.28,2020-06-28,ru
605,Mrs. Virginia Daniels,civil Engineer,Dubai,Project Management,,True,Active,93283.88,2022-12-14,ru
606,Todd Rosales MD,Software Engineer,DUBAI,H.R.,,False,Active ,117853.22,2022-03-28,en
607,Brian Martin,project manager,NEW YORK,project management,,False,active,74615.29,2015-11-26,tr
608,David Lopez,PROJECT MANAGER,Istambul,Eng.,,True,TERMINATED,102924.3,2024-10-29,tr
609,Rachel Bradley,HR ANALYST,Moscow,I.T.,,True,Active ,45160.51,2023-09-05,tr
610,Casey Chase,HR Analyst,"London, UK",Fin.,,True,terminated,49950.51,2024-02-18,en
611,Samantha Robertson,HR ANALYST,istanbul,human resources,,True,Terminated,60610.54,2019-03-28,en
612,Michael Lopez,accountant,New York,misc,,True,Terminated,53024.27,2016-02-01,en
613,Franklin Wright,Software eng.,Berlin,PM,,True,TERMINATED,89101.03,2019-01-19,tr
614,David Molina,Project Manager,"London, UK",IT,,True,active,104915.41,2021-10-01,en
615,Elizabeth Sharp,Software eng.,BERLIN,???,,True,TERMINATED,129101.79,2024-10-17,en
616,Matthew Schwartz,Accountant,DUBAI,project management,,True,TERMINATED,52441.08,2022-05-20,tr
617,Bryan Parker,Data Analyst,MOSCOW,finance,,True,Active,58048.15,2020-03-27,en
618,Jonathan Jacobson,HR Analyst,???,project management,,False,active,69834.04,2017-06-21,tr
619,Emily Wilson,ACCOUNTANT,New York City,human resources,,True,terminated,59984.03,2015-09-22,tr
620,Elizabeth Mendez,HR Analyst,New York City,PMO,,True,terminated,47784.56,2016-04-20,tr
621,Casey Hernandez,ACCOUNTANT,new york,Fin.,,False,ACTIVE,66068.09,2019-02-04,tr
622,Lisa Perry,civil Engineer,Istanbul ,it,,True,Active ,87645.92,2016-08-26,tr
623,Kaitlin Medina,Project Manager,new york,İnsan Kaynakları,,True,ACTIVE,105326.11,2022-11-24,ru
624,Colleen Wright,Data Analyst,moscow,engineering,,True,Active,80458.84,2016-10-14,en
625,Shelley Miller,data Analyst,Berlin ,Fin.,,True,Terminated,73474.56,2024-08-08,tr
626,Michael Miller,accountant,London,ENG,,True,Terminated,67314.72,2017-05-09,en
627,Amy Kelley,data analyst,dubai,HR,,True,Active ,69948.89,2020-04-24,en
628,Laura Hernandez,Accountant,Moscow,I.T.,,True,Active ,53564.08,2016-12-07,tr
629,Joseph Wilson,data Analyst,"Dubai, UAE",H.R.,,True,TERMINATED,67856.31,2022-07-02,tr
630,Kevin Davis,PROJECT MANAGER,Istanbul,Information Technology,,True,Active,119997.71,2018-08-25,en
631,Rhonda Chavez,Software eng.,dubai,Project Management,,True,active,78485.15,2022-10-18,en
632,Joyce Brown,civil engineer,Moskva ,PM,,True,Active,58512.84,2016-05-25,tr
633,Robert Cummings,software engineer,NYC,it,,False,ACTIVE,126476.65,2016-07-26,tr
634,Robert Reese,ACCOUNTANT,unknown,I.T.,,True,active,51342.07,2016-07-03,tr
635,Amber Cooper,project manager,berlin,I.T.,,True,terminated,83033.72,2017-11-07,tr
636,Zachary Michael,CIVIL ENGINEER,london,it,,True,ACTIVE,80910.84,2018-07-19,ru
637,Timothy Johnson,CIVIL ENGINEER,London,it,,True,active,71271.25,2023-09-22,ru
638,Randy Cannon,civil Engineer,istanbul,Finance,,True,Active ,86309.34,2021-08-08,ru
639,Maria Fisher,Accountant,Moskva ,FIN,,True,active,78395.31,2023-11-05,tr
640,Janet Kane DVM,project manager,Berlin ,project management,,False,Active,98378.04,2019-02-25,tr
641,Michael Stanley,Hr Analyst,Istanbul ,PMO,,True,Terminated,51895.57,2024-02-17,en
642,Martha Bailey,project manager,New York,Fin.,,True,active,117243.35,2021-03-19,ru
643,Joshua Rice,TBD,MOSCOW,it,,False,Active ,77361.96,2023-05-29,ru
644,Courtney Smith,Accountant,Istanbul ,IT,,True,Active,61011.53,2020-07-22,ru
645,Edwin Nunez,Data Analyst,ISTANBUL,HR,,True,ACTIVE,65274.08,2017-06-09,ru
646,Kim Morrow,CIVIL ENGINEER,unknown,,,True,Active ,69155.71,2020-07-08,en
647,Gregory Hill,software engineer,Moskva ,it,,True,terminated,107681.17,2019-10-21,en
648,Molly Rodriguez,data Analyst,BERLIN,H.R.,,True,Active,70188.61,2017-02-15,ru
649,Jennifer Miranda,DATA ANALYST,Moskva,PMO,,True,Active,88193.15,2020-06-26,tr
650,Alexis Harris,ACCOUNTANT,unknown,unassigned,,False,terminated,53236.39,2015-08-02,tr
651,Andrew Harper,Software eng.,New York City,IT,,True,Terminated,114458.49,2017-10-18,ru
652,Amber Yang,Hr Analyst,moscow,Eng.,,True,Active,66371.8,2019-07-02,en
653,David Robinson,Civil Engineer,new york,Eng.,,True,active,75998.85,2019-10-12,ru
654,Amy Gordon,project manager,Moskva ,Project Management,,True,Terminated,87551.23,2015-06-17,en
655,Robert Dennis,SW Engineer,moscow,ENG,,True,Active ,126641.33,2015-02-25,tr
656,Kyle Chambers,DATA ANALYST,berlin,FIN,,True,terminated,62351.17,2023-04-30,tr
657,Eric Thomas,Hr Analyst,Moscow,it,,True,active,60475.26,2020-12-25,tr
658,Connie Turner,SW Engineer,Istanbul,engineering,,True,Terminated,111626.18,2020-08-25,en
659,Travis Hobbs,project manager,Istanbul ,finance,,True,Active,89874.69,2016-11-08,ru
660,Lori Simmons,,Berlin ,Information Technology,,False,Active,102173.37,2022-12-08,tr
661,William David DDS,PROJECT MANAGER,BERLIN,finance,,False,TERMINATED,81196.47,2024-11-28,ru
662,Emma Butler,hr analyst,ISTANBUL,human resources,,True,ACTIVE,69305.47,2017-12-17,tr
663,James Webster,project manager,Istambul,I.T.,,True,ACTIVE,118261.37,2024-09-25,tr
664,Samuel Turner,Software Engineer,MOSCOW,finance,,True,Terminated,105937.04,2023-03-09,tr
665,Renee Melendez,civil Engineer,LONDON,Eng.,,True,Active ,89494.09,2022-04-06,ru
666,Tracy Grant,Software Engineer,moscow,engineering,,False,Active,80941.5,2020-11-27,en
667,David Harris,Software eng.,Dubai,IT,,True,active,114623.97,2015-12-09,ru
668,Tammy Boone,CIVIL ENGINEER,Istanbul ,Human Resources,,False,Active,85386.87,2020-05-15,en
669,Nathaniel Lee,data analyst,Istanbul,I.T.,,False,active,65385.85,2017-07-07,en
670,Michael Morrison,PROJECT MANAGER,Istambul,project management,,True,terminated,104220.87,2020-07-07,en
671,Chelsea Gill,project manager,Moskva,HR,,True,terminated,116235.11,2019-10-22,tr
672,Kristin Mendoza,HR ANALYST,NEW YORK,Eng.,,True,Terminated,51777.33,2022-12-23,en
673,Felicia Krueger,Hr Analyst,Moskva,ENG,,True,TERMINATED,69408.48,2023-02-24,ru
674,Timothy Hayden,Hr Analyst,Istanbul,finance,,True,Terminated,57032.21,2016-07-20,tr
675,Zachary Mendoza,ACCOUNTANT,Istambul,PMO,,True,TERMINATED,56903.44,2023-09-16,tr
676,Larry Harris,project manager,dubai,human resources,,True,active,93696.32,2019-01-18,en
677,Kristen Rowe,HR Analyst,New York City,Eng.,,True,active,47930.9,2022-10-22,ru
678,Joseph Howard,TBD,New York,İnsan Kaynakları,,False,active,60651.1,2017-01-17,ru
679,Jose Crawford,Software eng.,dubai,I.T.,,True,Terminated,110191.06,2015-05-12,tr
680,William Harrison,Software eng.,Istanbul ,Engineering,,True,TERMINATED,81773.53,2016-10-04,ru
681,Suzanne Wood,Data Analyst,Moskva ,project management,,False,TERMINATED,68730.18,2015-11-13,tr
682,Justin Walker,Software Engineer,"London, UK",Fin.,,True,ACTIVE,77657.49,2024-06-29,ru
683,Dean Donovan,accountant,Moskva,finance,,True,Active,72695.64,2015-05-13,en
684,Jennifer Hernandez,Accountant,???,IT,,True,active,78305.27,2020-08-10,en
685,James Whitaker,data analyst,New York City,,,True,Terminated,72625.24,2020-05-07,tr
686,Mr. Michael Scott PhD,data Analyst,moscow,engineering,,True,active,63104.95,2023-01-22,en
687,Maria Henry,Project Manager,BERLIN,project management,,True,TERMINATED,91545.07,2017-05-05,tr
688,Robert Jackson,civil engineer,Berlin,Eng.,,True,ACTIVE,93757.88,2018-07-08,en
689,Katherine Stark,Accountant,new york,HR,,False,terminated,71319.65,2023-07-23,ru
690,Maria Brown,software engineer,dubai,İnsan Kaynakları,,True,Terminated,120705.06,2024-06-22,tr
691,Ryan Landry,Accountant,NYC,H.R.,,False,TERMINATED,79322.95,2021-04-16,en
692,Pamela Gutierrez,Hr Analyst,Istanbul,Fin.,,True,Active,56556.96,2024-03-05,ru
693,Crystal Mann,Software eng.,Moscow,Engineering,,True,Active ,85623.52,2020-05-04,en
694,Jonathan Brooks,Hr Analyst,New York City,İnsan Kaynakları,,True,Active,45783.08,2019-01-20,ru
695,Mary Jensen,civil Engineer,london,human resources,,True,Terminated,58343.65,2022-12-27,ru
696,Mr. Aaron Arnold,civil engineer,london,finance,,True,Terminated,66876.2,2021-01-02,tr
697,Joseph Hill,Civil Engineer,Istambul,Fin.,,True,Active,94454.72,2018-07-20,en
698,Alicia Li,project manager,Istambul,Eng.,,True,Terminated,70183.84,2020-01-15,tr
699,Renee Browning,Data Analyst,Berlin,human resources,,True,TERMINATED,60813.54,2022-08-15,tr
700,Brent Hernandez,Project Manager,moscow,Finance,,True,Active ,92799.87,2020-11-12,ru
701,Joseph Ochoa,project manager,Moskva,PMO,,True,Active ,112254.58,2021-12-16,en
702,James Watson,Accountant,Moscow,Human Resources,,True,Active ,68714.77,2024-01-14,en
703,Karl Branch,Hr Analyst,DUBAI,project management,,True,terminated,56739.36,2019-08-19,tr
704,Michael Abbott,HR ANALYST,"Dubai, UAE",HR,,True,TERMINATED,65962.1,2019-08-26,en
705,Shannon Malone,ACCOUNTANT,Moscow,ENG,,True,Terminated,67165.62,2021-11-29,tr
706,James Tran,Hr Analyst,London,Information Technology,,True,Active ,57931.93,2020-08-27,en
707,Adam Jackson,project manager,"Dubai, UAE",finance,,False,active,70576.91,2021-02-04,en
708,Mr. Richard Knight PhD,SW Engineer,Berlin ,human resources,,True,Active,79414.09,2024-01-19,ru
709,Joseph Williams,hr analyst,New York,Finance,,True,active,59897.36,2016-01-16,en
710,Sean Clay,civil Engineer,LONDON,Eng.,,False,Active ,93368.69,2018-07-08,tr
711,Anthony Jones,Civil Engineer,london,ENG,,True,active,94749.58,2016-10-10,tr
712,Stephanie Elliott,n/a,DUBAI,human resources,,True,Active,60946.72,2023-02-28,tr
713,Timothy Edwards,hr analyst,ISTANBUL,Fin.,,True,TERMINATED,52358.02,2019-06-27,en
714,Laurie Goodwin,software engineer,new york,ENG,,True,terminated,126994.53,2023-05-19,ru
715,Jennifer Jones,Software eng.,NEW YORK,???,,True,ACTIVE,106125.4,2021-07-31,ru
716,David Davenport,software engineer,NEW YORK,I.T.,,True,Active,92910.14,2019-03-03,ru
717,Steven Rivera,PROJECT MANAGER,ISTANBUL,Human Resources,,True,ACTIVE,98373.46,2018-03-07,tr
718,Brenda Hinton,Accountant,Istanbul ,Engineering,,True,Active ,63056.17,2020-07-16,ru
719,Kathryn Mccann,civil Engineer,N/A,Project Management,,True,ACTIVE,64456.88,2015-01-20,ru
720,Jeffrey Roberson,ACCOUNTANT,new york,Project Management,,True,ACTIVE,52083.62,2018-01-30,ru
721,Randy Friedman,Project Manager,New York City,İnsan Kaynakları,,True,Active ,119198.34,2024-06-15,ru
722,Raymond Johnson,civil engineer,Berlin,human resources,,True,active,89455.55,2023-02-13,ru
723,Willie Henry,civil engineer,Berlin,HR,,False,ACTIVE,68173.16,2016-11-28,en
724,Todd Reynolds,project manager,Berlin ,human resources,,True,TERMINATED,76118.67,2018-02-23,ru
725,Mary Miller,Project Manager,"Dubai, UAE",Engineering,,True,ACTIVE,113643.62,2015-11-16,en
726,Rebecca Marquez,Data Analyst,London,Engineering,,True,Terminated,58658.72,2024-08-17,ru
727,Christian Dawson,HR Analyst,New York City,Engineering,,True,Terminated,66696.47,2018-02-12,ru
728,Nancy Stewart,,ISTANBUL,IT,,True,active,67352.45,2017-12-23,en
729,Aaron Parker,HR Analyst,Berlin,Fin.,,True,TERMINATED,53343.49,2019-04-16,tr
730,Derrick Anderson,Software Engineer,london,finance,,True,TERMINATED,98710.2,2016-03-30,en
731,Jerry Peters,project manager,Moscow,İnsan Kaynakları,,True,active,114130.01,2017-06-19,tr
732,Alexander Gomez,HR Analyst,DUBAI,project management,,True,TERMINATED,59907.83,2022-11-09,tr
733,Kyle Nguyen,TBD,LONDON,engineering,,True,Active,114993.46,2015-03-27,en
734,Edgar Hughes,Accountant,New York,???,,False,TERMINATED,76196.56,2024-05-14,en
735,Steven Stein,CIVIL ENGINEER,berlin,Engineering,,True,Terminated,69031.24,2020-02-23,en
736,Laura Jackson,CIVIL ENGINEER,NYC,Fin.,,True,Active,89250.62,2017-09-27,tr
737,Charles Turner,data analyst,"Dubai, UAE",finance,,True,Active ,88790.86,2020-01-15,tr
738,Arthur Hamilton MD,Software eng.,ISTANBUL,FIN,,True,Terminated,102668.59,2023-12-02,ru
739,Mr. David Wright,civil Engineer,BERLIN,Finance,,True,Active ,75927.45,2020-06-17,ru
740,Linda Gonzalez,Civil Engineer,???,???,,False,TERMINATED,74534.66,2016-07-18,ru
741,Eric Rush,various,NEW YORK,it,,True,Active,91730.39,2022-08-11,tr
742,Manuel Brock,Project Manager,"London, UK",Project Management,,True,terminated,103946.16,2017-03-28,ru
743,George Ochoa,Project Manager,Istambul,it,,True,ACTIVE,101415.94,2019-11-25,en
744,Valerie Taylor,ACCOUNTANT,Istanbul ,PM,,True,Terminated,63996.58,2015-04-19,ru
745,Travis Harris,HR ANALYST,Moskva,I.T.,,False,ACTIVE,66127.68,2023-07-23,tr
746,Vincent Novak,PROJECT MANAGER,London,Human Resources,,True,ACTIVE,111097.01,2016-05-12,tr
747,Michael Henry,ACCOUNTANT,Berlin,engineering,,True,terminated,70270.42,2015-01-27,ru
748,Dana Bennett,Civil Engineer,TBD,Human Resources,,True,active,59144.28,2016-05-13,ru
749,Jenna Wilson,Accountant,"London, UK",engineering,,True,TERMINATED,62970.61,2022-05-16,en
750,Leslie Gardner,Software eng.,Istanbul ,it,,True,Terminated,127340.94,2022-10-28,en
751,Krista Benton,CIVIL ENGINEER,"London, UK",project management,,True,terminated,55440.79,2021-12-14,ru
752,Michael Gonzales,data Analyst,moscow,Eng.,,True,terminated,67521.17,2022-12-02,tr
753,Michael Fuentes,PROJECT MANAGER,London,engineering,,True,Terminated,109334.84,2019-06-02,en
754,Jennifer Porter,ACCOUNTANT,"Dubai, UAE",PMO,,False,ACTIVE,59722.3,2019-07-12,en
755,Dana Hopkins,civil engineer,Moscow,engineering,,True,TERMINATED,85396.37,2017-08-27,en
756,Rachel Jones,CIVIL ENGINEER,Istambul,Project Management,,True,active,57915.27,2016-12-13,ru
757,Karen Morales DDS,Data Analyst,MOSCOW,project management,,True,ACTIVE,78759.72,2020-12-04,en
758,Melissa Stephens,hr analyst,Moskva ,Human Resources,,True,active,55200.68,2023-03-09,tr
759,Heather Woodard,Accountant,"Dubai, UAE",engineering,,True,Terminated,66760.92,2019-03-21,en
760,Margaret Miller,civil engineer,???,ENG,,False,terminated,76621.52,2022-11-20,ru
761,Mary Kelly,ACCOUNTANT,Moskva,Finance,,True,ACTIVE,51699.45,2017-12-13,tr
762,Amanda Terrell,project manager,Moscow,Fin.,,False,terminated,97354.37,2024-11-06,en
763,Jennifer Goodwin,ACCOUNTANT,Istambul,İnsan Kaynakları,,True,ACTIVE,78497.23,2021-03-08,ru
764,Jessica Smith,civil Engineer,ISTANBUL,misc,,True,ACTIVE,67136.73,2015-04-18,en
765,Jorge Stone,software engineer,Berlin ,İnsan Kaynakları,,True,Terminated,92931.71,2021-11-26,ru
766,Laura Griffin,Civil Engineer,new york,Fin.,,True,active,64085.04,2021-05-15,en
767,Raymond Chapman,Civil Engineer,Moskva,Human Resources,,True,terminated,67565.04,2016-06-15,tr
768,Haley Johnson,CIVIL ENGINEER,"London, UK",Human Resources,,True,Active ,87536.99,2018-05-24,ru
769,Jason Nixon,PROJECT MANAGER,BERLIN,ENG,,True,active,90541.69,2016-07-15,tr
770,Todd Thomas,CIVIL ENGINEER,ISTANBUL,it,,True,active,82933.68,2020-08-05,en
771,Jesse Clark,project manager,,Information Technology,,True,ACTIVE,89196.81,2017-04-22,ru
772,Mr. Jeffrey Horton,DATA ANALYST,Istambul,IT,,True,ACTIVE,86851.89,2017-12-11,tr
773,Eric Patrick,software engineer,Istanbul,Fin.,,True,Active ,125610.73,2019-10-03,tr
774,Samuel Wong,Software Engineer,DUBAI,Eng.,,True,active,109368.92,2018-04-26,ru
775,Carly Riggs,various,Berlin ,İnsan Kaynakları,,True,TERMINATED,102651.56,2018-08-07,ru
776,Christopher Moore,software engineer,Istambul,Project Management,,True,terminated,96213.51,2015-11-22,ru
777,Tina Hall,HR ANALYST,BERLIN,H.R.,,True,Terminated,48180.56,2015-07-23,en
778,Cody Davidson,Accountant,Moscow,Eng.,,False,Active,71436.49,2024-08-13,ru
779,Allen Mendez,project manager,Berlin,it,,False,Active ,73872.51,2022-08-21,ru
780,Kevin Price,CIVIL ENGINEER,MOSCOW,finance,,True,Terminated,90895.69,2015-05-08,en
781,Christine Goodwin,accountant,New York,finance,,True,Active,65323.88,2018-11-10,en
782,Amy Garcia,data analyst,London,Eng.,,True,Active,89923.45,2016-05-11,tr
783,Chelsea Nguyen,Project Manager,Moskva ,PMO,,True,ACTIVE,86434.23,2018-07-13,tr
784,Dennis Huffman,project manager,Moskva,PMO,,True,TERMINATED,115731.78,2019-09-12,en
785,Margaret Harper,Software Engineer,berlin,it,,True,Terminated,72667.66,2020-07-17,tr
786,Laurie Bailey,hr analyst,istanbul,Project Management,,True,Terminated,62784.55,2024-05-08,ru
787,Lisa Cervantes,ACCOUNTANT,Moskva,human resources,,True,Terminated,62069.53,2024-04-01,ru
788,Elizabeth Mendez,DATA ANALYST,Berlin,Human Resources,,True,Terminated,80924.41,2023-03-24,en
789,Cesar Wilson,ACCOUNTANT,Dubai,Engineering,,True,TERMINATED,61381.24,2023-09-02,en
790,Clayton Steele,civil Engineer,ISTANBUL,PM,,True,Terminated,85292.01,2024-11-23,tr
791,Jennifer Taylor,ACCOUNTANT,Istambul,I.T.,,True,terminated,54967.78,2016-11-24,ru
792,Cody Reid,misc,NEW YORK,human resources,,True,active,84357.65,2021-01-20,tr
793,Maria Cooke,project manager,Istanbul,Project Management,,True,TERMINATED,92241.23,2023-01-12,tr
794,Katherine Taylor,project manager,MOSCOW,PMO,,True,ACTIVE,75823.13,2023-02-27,en
795,Jerry Brown,Project Manager,new york,I.T.,,True,ACTIVE,71917.84,2017-02-18,tr
796,Adam Taylor,Hr Analyst,Dubai,human resources,,True,Active,48785.83,2017-03-24,tr
797,Tracey Wagner,software engineer,???,Engineering,,True,TERMINATED,111149.38,2017-08-19,tr
798,Michael Perry PhD,project manager,New York City,it,,True,TERMINATED,109837.31,2016-01-31,en
799,Bradley Johnson DDS,project manager,moscow,PMO,,True,terminated,117815.78,2016-06-08,ru
800,Donald Medina,Project Manager,"London, UK",Engineering,,False,Active ,108589.93,2019-12-16,ru
801,Jim Newton,Software Engineer,LONDON,HR,,True,TERMINATED,85053.19,2017-04-24,tr
802,Krista Wilson,hr analyst,Moskva ,I.T.,,False,Active ,62618.26,2022-05-06,en
803,Reginald Morrow,Hr Analyst,berlin,finance,,True,ACTIVE,67766.34,2015-02-25,en
804,Rodney Williams,Software eng.,Moskva ,misc,,True,Active,66575.88,2024-02-13,ru
805,Kimberly Fritz,civil engineer,"Dubai, UAE",ENG,,False,Active ,84706.08,2021-08-06,ru
806,Ronald Potter,software engineer,Istanbul ,FIN,,True,Terminated,71479.15,2019-10-26,en
807,Zachary Cole,SW Engineer,Istambul,I.T.,,False,Active ,97307.27,2016-03-19,ru
808,Robert Gonzales,Hr Analyst,Istanbul ,H.R.,,True,Terminated,61070.46,2016-01-26,tr
809,Patricia Young PhD,Civil Engineer,istanbul,project management,,True,TERMINATED,75936.23,2020-07-14,ru
810,Heather Page,CIVIL ENGINEER,LONDON,finance,,True,terminated,63368.97,2022-04-24,en
811,Carol Taylor,civil Engineer,New York City,Project Management,,False,Active ,55544.98,2024-10-02,en
812,Daniel Brown,data Analyst,MOSCOW,project management,,True,Active ,65386.29,2022-08-03,ru
813,Douglas Ryan,ACCOUNTANT,BERLIN,I.T.,,True,Active,70550.72,2021-10-12,ru
814,Michael Roberts,Data Analyst,"London, UK",ENG,,False,Active ,69570.6,2018-07-01,tr
815,Scott Duke,SW Engineer,istanbul,İnsan Kaynakları,,True,active,103639.54,2018-11-13,tr
816,Anna Estes,SW Engineer,Moskva,FIN,,True,TERMINATED,125730.01,2021-08-24,en
817,Tamara Riddle,PROJECT MANAGER,Moskva,finance,,True,Active,99365.85,2021-08-22,tr
818,Beth Cline,hr analyst,NEW YORK,project management,,False,Active,65083.85,2018-08-17,en
819,Michael Poole,Software eng.,Moskva,Information Technology,,True,Terminated,72624.27,2020-04-27,ru
820,Megan Burns,accountant,NEW YORK,Finance,,True,ACTIVE,75196.28,2022-09-08,en
821,Debra Perry,CIVIL ENGINEER,Berlin ,finance,,True,TERMINATED,71963.12,2017-02-21,ru
822,Mark Beard,SW Engineer,new york,human resources,,True,active,86349.35,2015-02-23,tr
823,Jose Ramirez,software engineer,New York,Fin.,,True,Terminated,128124.15,2021-10-24,tr
824,Jackie Clements,data analyst,"London, UK",Eng.,,False,ACTIVE,86299.28,2016-06-23,en
825,Aaron Schroeder,data analyst,London,H.R.,,True,terminated,64711.74,2018-09-24,tr
826,Monica Ellis,accountant,new york,I.T.,,True,Terminated,70089.24,2023-03-05,ru
827,Heather Brown,various,Moskva,Project Management,,True,Active ,107341.42,2016-04-27,ru
828,Claudia Jordan,civil engineer,London,Information Technology,,True,Active,62426.36,2023-11-05,en
829,Derrick Clayton,Data Analyst,ISTANBUL,Project Management,,True,TERMINATED,86551.77,2015-08-07,ru
830,Kenneth Knight,HR ANALYST,DUBAI,ENG,,True,terminated,51819.99,2019-12-06,ru
831,Mr. Michael Williams,PROJECT MANAGER,MOSCOW,FIN,,True,TERMINATED,78523.73,2021-05-18,en
832,Richard Stevens,HR ANALYST,"Dubai, UAE",FIN,,True,terminated,50268.05,2020-10-18,tr
833,Scott Alexander,SW Engineer,N/A,project management,,True,TERMINATED,103245.4,2015-02-02,en
834,Tyler Harris,,"London, UK",FIN,,True,ACTIVE,71339.44,2021-06-17,tr
835,Bonnie Santos,PROJECT MANAGER,"London, UK",project management,,True,TERMINATED,103927.79,2023-07-23,tr
836,Timothy Hill,Accountant,MOSCOW,PM,,True,Active,77670.61,2017-03-23,tr
837,Danielle Watson,CIVIL ENGINEER,unknown,Finance,,True,ACTIVE,61613.68,2018-06-13,en
838,Carol Sanders,Civil Engineer,istanbul,Eng.,,False,ACTIVE,61373.19,2017-05-20,ru
839,Michael Young,civil Engineer,"Dubai, UAE",project management,,True,ACTIVE,60341.05,2023-03-11,ru
840,Michele Smith,Project Manager,Berlin ,IT,,True,Active,78908.0,2015-01-07,tr
841,Casey Perez,Hr Analyst,Berlin ,human resources,,True,active,55885.02,2018-03-13,ru
842,Alexandra Dominguez,Software Engineer,"London, UK",HR,,True,Active ,119225.11,2016-02-20,tr
843,Virginia Henderson,Hr Analyst,London,ENG,,True,terminated,68998.03,2017-11-25,tr
844,Benjamin Reyes,Accountant,Dubai,Information Technology,,True,TERMINATED,66050.72,2020-12-17,ru
845,Ashley Edwards,PROJECT MANAGER,Dubai,Engineering,,True,terminated,100726.01,2015-06-13,en
846,Breanna Ayala,various,"London, UK",Finance,,True,Terminated,70249.89,2019-01-01,ru
847,Brandi Haney,data analyst,MOSCOW,FIN,,True,ACTIVE,73594.4,2016-05-31,tr
848,Joseph Smith,Project Manager,TBD,PM,,False,Active ,86329.42,2024-11-21,en
849,Jessica Bowen,Software eng.,London,FIN,,True,Active,81695.77,2019-11-11,en
850,Brittany Jenkins,ACCOUNTANT,Istanbul ,FIN,,True,active,64187.55,2023-09-23,en
851,Shannon Miller,Software Engineer,NEW YORK,İnsan Kaynakları,,False,Terminated,78463.86,2020-03-09,tr
852,Paul Lawrence,hr analyst,DUBAI,human resources,,False,terminated,52195.78,2022-02-13,tr
853,Victor Edwards,accountant,NEW YORK,PMO,,True,Terminated,74678.86,2020-12-20,tr
854,Donald Miller,civil engineer,Istambul,Fin.,,True,TERMINATED,58323.68,2023-06-03,ru
855,Lindsay Lawson,ACCOUNTANT,"London, UK",human resources,,True,ACTIVE,62461.79,2023-05-06,ru
856,Melissa Abbott,software engineer,Istambul,it,,True,Active ,129488.51,2023-09-20,tr
857,Elizabeth Holmes,SW Engineer,"London, UK",finance,,True,Terminated,108175.25,2020-08-19,tr
858,Nicole Phillips,various,Berlin ,Eng.,,True,Terminated,121767.22,2022-05-11,en
859,Steven Blevins,Software eng.,Dubai,PMO,,True,active,74007.18,2023-03-18,ru
860,Brian Porter MD,Hr Analyst,moscow,it,,False,ACTIVE,60033.56,2017-03-01,en
861,Vanessa Hatfield,Software Engineer,LONDON,engineering,,True,terminated,123138.97,2021-10-06,ru
862,Bonnie Valencia,Accountant,N/A,Project Management,,True,Active,78874.22,2020-10-29,ru
863,Holly Vega,data analyst,London,PM,,True,Active ,80411.11,2023-08-15,en
864,Tiffany Townsend,software engineer,New York City,Information Technology,,True,Active,114266.13,2019-02-10,ru
865,Austin Baker,Software Engineer,DUBAI,engineering,,True,terminated,110091.54,2023-06-28,ru
866,Antonio Mccormick,various,NYC,PM,,False,TERMINATED,74101.36,2023-01-02,ru
867,Lori Mason,Software eng.,new york,I.T.,,True,terminated,110180.36,2022-02-21,en
868,Michael Miller,hr analyst,Moskva,I.T.,,True,Terminated,63636.43,2016-11-28,ru
869,Lisa Ramirez,Accountant,dubai,I.T.,,True,Terminated,76123.47,2022-07-02,en
870,Jorge Harris,HR Analyst,new york,finance,,True,TERMINATED,64731.86,2022-02-28,en
871,Kimberly Myers,data analyst,dubai,ENG,,False,TERMINATED,66533.03,2023-04-25,tr
872,Sandra Becker,HR ANALYST,Moscow,project management,,True,Active,62934.51,2018-02-10,en
873,Michael Blair,Accountant,dubai,human resources,,True,Active,67570.32,2023-10-06,en
874,Amy Miller,civil Engineer,New York,Eng.,,True,Active ,76694.75,2021-07-10,ru
875,Jesse Lynch,CIVIL ENGINEER,MOSCOW,Eng.,,True,TERMINATED,80245.13,2022-03-28,ru
876,Patrick Yang,PROJECT MANAGER,NEW YORK,ENG,,True,TERMINATED,118861.45,2020-09-18,ru
877,Michael Miles,SW Engineer,london,Engineering,,True,Active ,109652.33,2017-08-07,en
878,Troy Mills,Accountant,NEW YORK,FIN,,True,ACTIVE,56308.76,2019-06-11,en
879,Michelle Jackson,Accountant,Istanbul ,ENG,,True,TERMINATED,77985.31,2016-08-16,ru
880,Richard Adams,Project Manager,NYC,Fin.,,False,Terminated,116999.37,2016-07-27,ru
881,Patricia Johnson,DATA ANALYST,New York,engineering,,False,Terminated,69962.44,2023-12-11,en
882,Denise Brown,Civil Engineer,Berlin ,Finance,,True,ACTIVE,92659.77,2023-10-05,tr
883,Laura Jones,ACCOUNTANT,"London, UK",ENG,,False,terminated,69188.86,2016-03-30,ru
884,Ian Porter,HR Analyst,Istanbul,Fin.,,True,TERMINATED,47200.13,2017-12-03,tr
885,Holly Scott,CIVIL ENGINEER,BERLIN,human resources,,True,Terminated,63592.51,2017-03-26,tr
886,Kenneth Sharp,hr analyst,DUBAI,Finance,,True,Terminated,57158.94,2020-09-29,ru
887,Jordan Williams,Accountant,Moskva ,Project Management,,True,Terminated,69031.22,2023-10-03,en
888,Dana Ruiz,Accountant,berlin,IT,,True,active,62928.4,2023-04-15,en
889,Chris Velazquez,DATA ANALYST,DUBAI,human resources,,True,TERMINATED,80881.05,2018-04-18,en
890,Kristen Sloan,HR ANALYST,Berlin ,Human Resources,,True,terminated,50572.25,2022-06-18,en
891,Jennifer Morris,HR Analyst,BERLIN,it,,True,ACTIVE,45655.61,2021-01-21,ru
892,Nathan Nelson,Data Analyst,moscow,finance,,True,ACTIVE,89685.13,2015-04-22,en
893,Jake Shaw,Software Engineer,London,Project Management,,True,terminated,90946.58,2016-01-16,en
894,Cassie Brock,civil Engineer,Berlin,engineering,,True,TERMINATED,71605.11,2020-05-11,ru
895,Dr. Andrea Marshall,civil Engineer,Berlin,Project Management,,True,Terminated,59002.64,2024-07-04,tr
896,Ryan Murphy,software engineer,new york,H.R.,,True,TERMINATED,86012.61,2016-06-08,tr
897,Aimee Gonzalez,Civil Engineer,istanbul,Project Management,,True,Terminated,87930.03,2016-09-12,tr
898,Elizabeth Dean,hr analyst,dubai,Finance,,True,terminated,60632.81,2023-10-14,en
899,Kevin Snyder,Data Analyst,New York,Project Management,,True,terminated,81687.58,2018-11-29,en
900,Christie Mccullough,TBD,MOSCOW,Human Resources,,True,TERMINATED,120699.52,2017-11-18,en
901,Danielle Smith,Software eng.,NEW YORK,Finance,,True,Active,73437.49,2016-01-24,tr
902,David Reed,HR Analyst,LONDON,IT,,True,terminated,52527.7,2020-10-18,tr
903,Sherry Tapia,PROJECT MANAGER,new york,Fin.,,True,active,109988.57,2015-02-28,en
904,Matthew Sweeney,SW Engineer,Dubai,engineering,,True,Active ,87353.62,2020-01-26,en
905,Ashley Moreno,CIVIL ENGINEER,LONDON,Information Technology,,True,Terminated,62452.78,2020-02-13,tr
906,Johnathan Brown,CIVIL ENGINEER,moscow,I.T.,,False,TERMINATED,76732.75,2016-05-07,tr
907,Michelle Davis DVM,Project Manager,DUBAI,ENG,,True,TERMINATED,74148.36,2024-12-06,tr
908,Kelly Haynes,HR ANALYST,istanbul,Engineering,,True,active,54066.4,2019-03-14,en
909,William Miller,Data Analyst,Moskva,it,,True,terminated,88566.99,2019-09-22,ru
910,Casey Wilkins,civil engineer,LONDON,ENG,,True,TERMINATED,67464.21,2015-08-31,ru
911,Keith Graham,Hr Analyst,istanbul,project management,,True,Active ,49834.28,2018-02-05,en
912,Cynthia Green,Hr Analyst,London,it,,True,ACTIVE,45269.23,2022-01-18,tr
913,Robert Haynes,civil Engineer,london,PM,,True,active,85170.01,2015-06-17,ru
914,Emily Nelson,accountant,New York,PMO,,True,Terminated,53091.5,2019-01-25,en
915,Dale Chan,civil engineer,"Dubai, UAE",PMO,,True,TERMINATED,91189.25,2017-10-26,ru
916,Brittney Martin,Hr Analyst,Moscow,H.R.,,True,Active ,47599.14,2024-05-23,tr
917,Jason Herrera,civil engineer,"London, UK",İnsan Kaynakları,,True,active,64544.57,2024-02-22,ru
918,Christine Parker,software engineer,Dubai,Fin.,,True,TERMINATED,93066.83,2022-01-26,ru
919,Bryan Moore,data Analyst,moscow,Project Management,,True,Terminated,67041.74,2015-07-15,ru
920,Samantha Terry,ACCOUNTANT,LONDON,engineering,,True,TERMINATED,60456.17,2018-09-29,ru
921,Russell Murphy,civil engineer,berlin,FIN,,True,Terminated,80579.0,2020-06-11,ru
922,David Kelly,HR ANALYST,New York City,finance,,True,active,52763.19,2021-04-12,tr
923,Megan Green,hr analyst,Istambul,IT,,True,Active ,48644.14,2019-04-27,en
924,Amanda Sullivan MD,n/a,DUBAI,IT,,True,terminated,77750.59,2017-06-15,en
925,Danielle Murray,CIVIL ENGINEER,Istambul,engineering,,True,active,74330.93,2017-02-26,ru
926,Brenda Smith,data Analyst,Istanbul ,Information Technology,,True,TERMINATED,67738.91,2017-08-19,ru
927,Vickie Anderson,PROJECT MANAGER,BERLIN,human resources,,False,Active,115873.97,2016-03-05,tr
928,Jacqueline Mccoy,SW Engineer,ISTANBUL,it,,True,Active ,97313.64,2021-04-12,ru
929,Lauren Green,Data Analyst,Berlin,Fin.,,False,ACTIVE,80160.41,2023-01-01,tr
930,Alison Brown,Hr Analyst,"London, UK",Eng.,,True,TERMINATED,52616.53,2019-07-26,en
931,Jill Anderson,CIVIL ENGINEER,BERLIN,İnsan Kaynakları,,True,active,76190.88,2021-09-29,en
932,Sandra Rivera,project manager,Istanbul,Project Management,,True,Active ,117451.49,2016-07-21,ru
933,Joel Jackson,Hr Analyst,Istanbul,FIN,,False,Terminated,51512.64,2015-12-01,ru
934,Samantha Foster,various,London,I.T.,,False,ACTIVE,55069.16,2015-04-24,tr
935,Michael Thompson,Hr Analyst,BERLIN,human resources,,True,Active,47424.14,2016-12-25,ru
936,Cody Ramirez,software engineer,dubai,it,,True,active,85258.25,2020-10-24,en
937,Amanda Harvey,Accountant,MOSCOW,engineering,,True,TERMINATED,61665.38,2018-10-17,en
938,Edward Jenkins,Hr Analyst,new york,Eng.,,False,ACTIVE,69558.64,2023-06-18,tr
939,Amy Ramirez,ACCOUNTANT,Moskva ,HR,,True,TERMINATED,58476.85,2022-01-09,ru
940,Curtis Wilkerson,software engineer,"London, UK",Project Management,,True,terminated,96466.79,2018-03-22,tr
941,Lydia Pham,hr analyst,Dubai,IT,,True,TERMINATED,59281.87,2015-04-25,en
942,Virginia Casey,accountant,New York City,ENG,,True,TERMINATED,75476.62,2017-05-28,en
943,Joshua Washington,Civil Engineer,london,ENG,,True,terminated,79520.68,2016-04-21,ru
944,Kathryn Price,Software Engineer,Moskva,finance,,False,Terminated,74208.51,2019-09-28,tr
945,Francis Robinson,software engineer,BERLIN,ENG,,True,Terminated,119771.23,2015-02-12,tr
946,Paula Brown,HR Analyst,"Dubai, UAE",H.R.,,False,active,67555.43,2023-04-20,ru
947,Kendra Wang DVM,PROJECT MANAGER,"Dubai, UAE",FIN,,True,terminated,89745.31,2024-06-29,ru
948,Ariel Sandoval,Software eng.,istanbul,IT,,True,active,119151.16,2017-09-17,ru
949,Robert Stark,software engineer,unknown,project management,,True,Active,67844.26,2016-12-19,ru
950,Zachary Robinson,Software Engineer,london,H.R.,,False,TERMINATED,76957.61,2024-10-08,ru
951,Rebecca Kelly,accountant,Moskva,I.T.,,False,ACTIVE,70542.88,2016-11-26,tr
952,Sarah Thompson,Civil Engineer,NYC,human resources,,False,Active ,57336.7,2023-07-19,tr
953,Renee Wolfe,civil Engineer,Moskva ,IT,,True,Terminated,70470.69,2017-10-21,ru
954,Alyssa Haynes,SW Engineer,"Dubai, UAE",project management,,True,Active,112513.6,2016-10-18,ru
955,Kristy Hart,hr analyst,Dubai,PM,,True,Terminated,58537.46,2018-12-16,en
956,William Keith,data Analyst,"London, UK",PMO,,True,Terminated,66823.05,2017-10-04,en
957,Eric Henry Jr.,DATA ANALYST,dubai,it,,True,TERMINATED,82722.74,2020-04-10,en
958,Daniel Fox,Civil Engineer,Berlin ,Fin.,,True,ACTIVE,61268.77,2019-12-20,en
959,Thomas Harris,PROJECT MANAGER,dubai,project management,,True,Active ,110041.84,2023-04-13,en
960,Mitchell Sellers,data analyst,LONDON,IT,,False,active,87206.01,2019-01-01,en
961,Erica Johnson,CIVIL ENGINEER,dubai,ENG,,True,TERMINATED,72864.68,2023-12-31,tr
962,Sylvia Schroeder,civil Engineer,istanbul,Eng.,,True,Active ,66249.38,2016-08-23,ru
963,Shannon Yu,Software eng.,Moscow,Eng.,,True,terminated,103101.4,2021-05-31,en
964,Tom Foster,project manager,London,PM,,True,terminated,101201.55,2023-11-14,tr
965,Eric Taylor,PROJECT MANAGER,ISTANBUL,Finance,,True,terminated,99516.14,2020-10-03,ru
966,Travis Conner,hr analyst,Berlin,PM,,True,ACTIVE,69903.85,2022-05-13,ru
967,Marie Thompson,various,Dubai,Finance,,True,ACTIVE,67613.37,2018-10-06,ru
968,Melissa Mcfarland,HR ANALYST,Berlin ,PM,,True,TERMINATED,52041.03,2024-01-13,tr
969,Courtney Chapman,hr analyst,NEW YORK,Human Resources,,True,active,46623.98,2015-11-05,en
970,Eric Barker,Hr Analyst,Dubai,Finance,,False,TERMINATED,48049.46,2015-11-29,en
971,Nicholas Rush,Data Analyst,Moscow,H.R.,,True,active,68541.53,2022-12-10,ru
972,Jenna Gamble,data analyst,berlin,PM,,True,terminated,57784.54,2021-06-14,en
973,Amanda Guzman,HR ANALYST,Dubai,human resources,,True,Active,65901.01,2017-06-12,ru
974,Tracy Walker,DATA ANALYST,NYC,Engineering,,False,terminated,57197.4,2024-03-03,ru
975,Taylor Taylor,PROJECT MANAGER,MOSCOW,Human Resources,,True,TERMINATED,103909.78,2020-01-21,ru
976,Cynthia Haas,Project Manager,"Dubai, UAE",Fin.,,True,TERMINATED,79514.25,2020-03-19,ru
977,Stephen Davis,Software Engineer,New York City,PMO,,True,Active ,66591.19,2022-02-02,en
978,Margaret Tanner,Data Analyst,LONDON,H.R.,,True,Active,55573.63,2020-07-30,ru
979,Derek Wright,HR Analyst,ISTANBUL,I.T.,,True,TERMINATED,55821.41,2015-09-02,ru
980,David Rodriguez,Accountant,Moscow,Fin.,,True,Active,64826.95,2022-01-30,en
981,James Oconnor,accountant,NYC,Information Technology,,True,ACTIVE,61200.64,2020-04-23,en
982,Stacey Snyder,HR Analyst,MOSCOW,Fin.,,True,TERMINATED,66796.84,2023-10-28,ru
983,Joshua Garcia,Data Analyst,BERLIN,I.T.,,True,ACTIVE,75029.62,2024-02-14,en
984,Sean Curtis,accountant,"London, UK",HR,,True,terminated,52439.23,2023-03-01,ru
985,Carla Jones,PROJECT MANAGER,MOSCOW,project management,,True,ACTIVE,72951.06,2024-04-01,tr
986,Elizabeth Flores,SW Engineer,london,FIN,,True,Active,103843.17,2017-03-09,tr
987,Angela Jackson,software engineer,,Eng.,,True,Terminated,84246.72,2016-08-27,ru
988,Nicholas Payne,Accountant,"Dubai, UAE",it,,True,terminated,63678.3,2021-07-30,en
989,Anna Wheeler,TBD,New York,Human Resources,,False,Terminated,111590.22,2019-06-09,en
990,Karen Johnson,PROJECT MANAGER,NEW YORK,HR,,True,active,105683.21,2016-02-23,tr
991,Carmen Preston,Project Manager,istanbul,HR,,True,Active ,73478.83,2023-11-09,ru
992,Brian Harris,Hr Analyst,dubai,IT,,True,active,66716.63,2015-04-10,en
993,Michael Bowen,Civil Engineer,dubai,Project Management,,True,Active,60506.92,2019-06-10,en
994,Deborah Campbell,data Analyst,BERLIN,Project Management,,True,active,56260.2,2015-11-27,tr
995,Anthony Armstrong,HR Analyst,NEW YORK,Eng.,,True,ACTIVE,54357.51,2017-11-15,ru
996,Brittany Ward,CIVIL ENGINEER,ISTANBUL,Fin.,,True,terminated,93709.39,2016-04-06,en
997,Edward Stanley,ACCOUNTANT,London,engineering,,True,TERMINATED,76599.56,2022-01-08,en
998,Christina Johnson,project manager,BERLIN,Engineering,,True,Active,80317.63,2019-05-20,tr
999,Edgar Miller,Data Analyst,Istambul,PM,,True,active,84843.85,2015-01-01,ru
1000,Elizabeth Sanders,civil engineer,"London, UK",it,,True,terminated,93837.61,2022-05-01,en
1001,Matthew Davis MD,HR ANALYST,New York,HR,,False,terminated,60917.74,2020-05-05,en
1002,Stephen Wood,SW Engineer,Moscow,human resources,,True,terminated,96182.12,2022-08-09,ru
1003,Dennis Marshall,Software eng.,Moscow,PMO,,True,active,67862.19,2018-02-27,tr
1004,Derrick Brown,DATA ANALYST,london,Finance,,True,Active,83362.39,2024-08-11,ru
1005,Mary Miller,Project Manager,Berlin ,Engineering,,True,ACTIVE,93623.76,2021-03-06,tr
1006,Joshua Arellano,Hr Analyst,ISTANBUL,Fin.,,True,Terminated,64182.83,2022-07-30,tr
1007,Kristen Randall,Accountant,LONDON,Project Management,,True,ACTIVE,69363.92,2024-12-23,en
1008,Jennifer Nichols,ACCOUNTANT,NEW YORK,ENG,,True,Active,73768.33,2024-11-16,en
1009,Karen Keith,accountant,Berlin,IT,,True,TERMINATED,54941.06,2016-04-23,ru
1010,Blake Orr,ACCOUNTANT,DUBAI,Information Technology,,True,terminated,72494.79,2022-03-22,ru
1011,Kathryn Lester,civil Engineer,istanbul,İnsan Kaynakları,,True,active,67262.24,2022-02-27,en
1012,Megan Oliver,project manager,Istanbul,Human Resources,,True,Active,104024.08,2019-01-04,tr
1013,Peter Thompson,Project Manager,London,I.T.,,True,terminated,100962.89,2022-08-13,ru
1014,Dr. Rhonda Martinez,CIVIL ENGINEER,MOSCOW,FIN,,True,Terminated,85791.5,2022-09-06,ru
1015,William Graham,civil Engineer,MOSCOW,H.R.,,False,TERMINATED,64815.58,2019-04-05,tr
1016,Lori Flowers MD,CIVIL ENGINEER,new york,unassigned,,True,TERMINATED,89185.69,2021-08-27,tr
1017,Suzanne Jones,accountant,Moskva ,Project Management,,True,Terminated,61645.34,2021-07-26,en
1018,James Nguyen,project manager,"Dubai, UAE",Eng.,,True,ACTIVE,91336.58,2020-05-28,ru
1019,Jimmy Marks,software engineer,Istanbul,project management,,True,terminated,121261.76,2024-01-25,tr
1020,Lisa Mills,hr analyst,TBD,engineering,,True,Terminated,62473.03,2021-02-04,en
1021,Jason Hernandez,Software eng.,"London, UK",HR,,False,active,122055.77,2017-09-23,en
1022,Olivia Ayers,accountant,Moscow,Engineering,,True,Active ,66377.57,2022-05-12,en
1023,Kristine Garcia,Civil Engineer,Berlin ,İnsan Kaynakları,,True,Active,84865.69,2015-02-19,en
1024,Joseph Cooper,project manager,BERLIN,IT,,True,terminated,110061.26,2016-02-10,en
1025,James Washington,accountant,London,engineering,,True,Active ,79620.85,2024-06-01,tr
1026,Amanda Hill,civil Engineer,new york,Fin.,,True,ACTIVE,56106.61,2021-10-19,en
1027,Lee Steele,Data Analyst,dubai,PMO,,True,ACTIVE,57626.94,2022-11-25,en
1028,Steve Rivera,SW Engineer,Dubai,FIN,,True,TERMINATED,124612.2,2018-06-16,ru
1029,Patrick Mccall,SW Engineer,Berlin ,project management,,True,Active ,99628.04,2018-01-16,ru
1030,Alicia Roth,HR Analyst,berlin,FIN,,True,Terminated,53374.96,2022-07-06,tr
1031,Douglas Vasquez,HR ANALYST,Istanbul ,ENG,,True,terminated,59543.73,2022-02-28,en
1032,Annette Melton,data Analyst,Istanbul ,finance,,True,terminated,80096.45,2017-11-09,tr
1033,William Ramos,Accountant,moscow,H.R.,,True,active,78023.66,2021-07-18,ru
1034,Debra Butler,civil Engineer,Berlin ,ENG,,False,TERMINATED,72486.89,2023-07-11,en
1035,Chelsea Lewis,ACCOUNTANT,Moscow,Finance,,True,terminated,77772.43,2021-05-09,en
1036,Natalie Malone,Project Manager,Moscow,FIN,,True,Active,100183.06,2017-08-26,en
1037,Samantha Robertson,HR Analyst,Moskva ,I.T.,,True,terminated,45436.01,2018-01-09,ru
1038,Eric Hunter,HR Analyst,Moscow,Eng.,,True,TERMINATED,49338.58,2018-06-17,ru
1039,Samuel Suarez,hr analyst,Berlin ,project management,,True,Active ,56063.19,2019-04-07,en
1040,Corey Whitaker,SW Engineer,BERLIN,Eng.,,True,terminated,105016.46,2022-11-21,en
1041,Danielle Bryant,HR Analyst,Berlin ,Eng.,,True,Terminated,51219.14,2020-04-07,en
1042,Michele Hill,data analyst,dubai,H.R.,,True,TERMINATED,68333.98,2016-01-02,ru
1043,Kathy Reid,Project Manager,NYC,ENG,,True,terminated,112682.35,2024-06-26,en
1044,Andre Watson,Civil Engineer,LONDON,human resources,,True,active,76010.15,2019-11-21,ru
1045,Cassandra Harrell,hr analyst,istanbul,PM,,True,active,59315.23,2023-04-24,en
1046,Hannah Martin,HR Analyst,NEW YORK,PMO,,True,Active,46926.19,2020-12-27,en
1047,Nicole Barker,accountant,LONDON,engineering,,True,active,55153.84,2015-08-21,ru
1048,James Martin,HR Analyst,istanbul,H.R.,,True,ACTIVE,51981.93,2017-10-13,en
1049,Traci Vincent,hr analyst,Dubai,H.R.,,True,Terminated,57248.91,2024-12-19,tr
1050,Megan Adams,PROJECT MANAGER,LONDON,Information Technology,,True,terminated,94986.33,2019-02-14,ru
1051,Alejandro Deleon,SW Engineer,,PMO,,True,terminated,77915.69,2020-01-17,tr
1052,Alexa Buck,HR Analyst,dubai,Fin.,,True,Active,51323.0,2017-04-18,ru
1053,Lindsay Smith,hr analyst,Istambul,human resources,,False,Terminated,56627.24,2021-09-16,ru
1054,Robert Torres,misc,NEW YORK,Information Technology,,True,ACTIVE,67413.67,2022-12-22,tr
1055,Maria Coleman,HR ANALYST,New York,İnsan Kaynakları,,True,Active ,64962.78,2015-07-28,tr
1056,Gregory King,software engineer,Berlin,PMO,,True,Active,89565.12,2017-12-30,en
1057,Michael Holloway,SW Engineer,istanbul,İnsan Kaynakları,,False,terminated,84689.17,2019-09-07,en
1058,Brian Hunt,Civil Engineer,LONDON,Engineering,,True,ACTIVE,86480.49,2022-07-18,ru
1059,Sarah Brooks,ACCOUNTANT,Moscow,PM,,True,Terminated,57742.5,2018-09-16,tr
1060,Lisa Evans,DATA ANALYST,DUBAI,it,,True,Active,70185.57,2023-02-14,ru
1061,Arthur Mcneil,Civil Engineer,Moskva ,FIN,,True,Active,64949.52,2020-09-02,ru
1062,Shannon Green,project manager,"London, UK",PM,,True,Active,117424.58,2015-08-22,ru
1063,Stephanie Evans,software engineer,"London, UK",Eng.,,False,Terminated,80319.35,2021-08-07,en
1064,Ralph Yoder,HR Analyst,"London, UK",ENG,,True,terminated,59836.15,2023-04-09,en
1065,Rebekah Greene,Civil Engineer,Istanbul ,PMO,,True,active,56307.39,2024-04-09,tr
1066,Melanie Griffith,HR ANALYST,NEW YORK,Human Resources,,False,terminated,59571.59,2017-02-26,en
1067,Yolanda Green,Accountant,"London, UK",HR,,False,ACTIVE,63870.1,2020-10-09,en
1068,James Johnson,SW Engineer,london,Finance,,True,Active ,88318.87,2019-07-01,ru
1069,Laura Lee,Hr Analyst,ISTANBUL,finance,,False,Active,46468.7,2016-05-31,en
1070,Courtney Nichols,DATA ANALYST,Dubai,FIN,,True,Active ,59291.65,2021-08-04,ru
1071,Susan Powers,project manager,dubai,Project Management,,True,terminated,72445.61,2024-02-11,ru
1072,Sarah Pittman,HR ANALYST,"London, UK",unassigned,,True,TERMINATED,67887.33,2017-10-23,ru
1073,Catherine Davis,Civil Engineer,MOSCOW,finance,,True,Active ,91292.28,2022-01-30,ru
1074,David Stokes,project manager,DUBAI,I.T.,,True,Active ,118463.7,2024-08-14,tr
1075,Catherine Frazier,ACCOUNTANT,TBD,Information Technology,,True,Active ,71938.13,2023-06-23,ru
1076,Brandon Kelly,software engineer,moscow,Finance,,True,Terminated,124416.84,2021-08-17,en
1077,Elizabeth French,HR ANALYST,LONDON,Finance,,False,Terminated,50730.52,2015-01-10,ru
1078,David Carter,CIVIL ENGINEER,Moscow,Fin.,,True,Active ,63536.58,2017-08-19,ru
1079,Julie Delacruz,civil Engineer,unknown,engineering,,True,ACTIVE,92863.14,2016-11-23,tr
1080,Terry Jones,Software Engineer,NYC,project management,,False,ACTIVE,125563.2,2015-10-08,en
1081,Kathryn Dillon,CIVIL ENGINEER,Istanbul,human resources,,True,active,68501.19,2020-09-23,en
1082,Edwin Brown,,LONDON,HR,,True,Active ,76812.18,2023-11-24,en
1083,Brenda Gonzalez,HR Analyst,Moskva,ENG,,True,TERMINATED,53504.52,2020-09-29,ru
1084,Keith Knox,ACCOUNTANT,istanbul,Eng.,,True,Active,78013.89,2018-08-12,tr
1085,Eugene Baldwin,Software Engineer,new york,Human Resources,,False,ACTIVE,108197.72,2015-01-31,ru
1086,Katherine Welch,ACCOUNTANT,London,Engineering,,True,Active,66607.55,2024-02-04,en
1087,Mark Smith,Accountant,DUBAI,ENG,,True,terminated,51647.39,2017-11-23,ru
1088,Philip Jackson,CIVIL ENGINEER,???,Fin.,,True,Active ,66992.81,2024-10-01,en
1089,Katherine Gallagher,CIVIL ENGINEER,Berlin,Finance,,True,Terminated,62304.76,2018-02-06,ru
1090,Lucas Schultz,ACCOUNTANT,Berlin,I.T.,,True,terminated,72569.06,2022-05-18,ru
1091,Vincent Reyes,civil engineer,New York,Engineering,,False,Active ,87380.02,2021-04-17,en
1092,Curtis Watson,data analyst,moscow,engineering,,True,Active ,79785.65,2020-09-18,en
1093,Frank Whitaker,ACCOUNTANT,London,I.T.,,True,Active ,51781.15,2020-12-01,ru
1094,Michael Sims,Accountant,new york,PMO,,True,terminated,76687.03,2015-01-06,en
1095,Michael Cooper,accountant,london,finance,,False,Active,51206.19,2022-09-02,ru
1096,James Chapman,accountant,istanbul,Finance,,True,active,50412.8,2023-02-14,tr
1097,Rodney Evans,SW Engineer,moscow,Fin.,,True,TERMINATED,106278.35,2024-08-15,tr
1098,Nicholas Carlson,software engineer,Istambul,PM,,True,terminated,75309.33,2020-11-17,ru
1099,Stephen Cowan,HR ANALYST,Istambul,HR,,True,terminated,45344.19,2018-11-25,ru
1100,Steven Howard,DATA ANALYST,dubai,project management,,True,Terminated,71812.26,2022-03-27,ru
1101,Travis Hull,CIVIL ENGINEER,london,it,,True,TERMINATED,58953.38,2019-07-12,en
1102,Darryl Acosta,Project Manager,N/A,human resources,,True,Active,118872.59,2021-03-18,ru
1103,Nicholas Lawrence,HR Analyst,BERLIN,H.R.,,True,ACTIVE,55621.22,2019-07-05,tr
1104,Jacob Santos,Software Engineer,BERLIN,H.R.,,False,ACTIVE,86849.62,2017-07-21,ru
1105,Shawn Scott,accountant,Berlin,Human Resources,,True,Active ,56148.78,2022-08-21,tr
1106,Amber Vang,HR ANALYST,london,engineering,,True,active,67955.09,2024-12-23,ru
1107,Martha Smith,accountant,Istanbul,finance,,True,ACTIVE,66106.73,2022-09-23,ru
1108,Jennifer James,Hr Analyst,berlin,H.R.,,False,terminated,59571.98,2018-11-30,ru
1109,Kara Hernandez,data analyst,london,Human Resources,,True,terminated,60493.4,2017-05-06,en
1110,Lorraine Turner,data Analyst,ISTANBUL,Project Management,,False,Active,80401.03,2023-07-15,ru
1111,Mary Nelson,Hr Analyst,"Dubai, UAE",Engineering,,True,terminated,45878.24,2015-12-14,en
1112,Breanna Rivas,civil Engineer,Istanbul,Eng.,,True,Active,75810.47,2021-08-20,tr
1113,Nathan Wilson,Software eng.,New York City,engineering,,True,Active ,81914.86,2015-03-24,en
1114,Brian Gonzalez,civil engineer,LONDON,PMO,,True,active,83010.78,2022-04-14,tr
1115,Dennis Mills,HR Analyst,dubai,İnsan Kaynakları,,True,Active,57710.4,2021-03-12,en
1116,Michael Phillips,Project Manager,NEW YORK,IT,,False,TERMINATED,78915.5,2024-01-02,en
1117,Jon Clark,Accountant,Dubai,it,,True,Active ,66401.79,2018-02-05,ru
1118,Erin Smith,data analyst,Moscow,Human Resources,,True,active,81514.55,2017-02-18,ru
1119,Susan Conley,civil engineer,MOSCOW,I.T.,,True,ACTIVE,81887.14,2018-04-11,ru
1120,Brittany Davis,ACCOUNTANT,Istanbul,it,,True,Terminated,77307.61,2020-08-15,tr
1121,Misty Garcia,civil Engineer,moscow,PMO,,False,terminated,56954.13,2022-02-20,ru
1122,David Hinton,accountant,moscow,I.T.,,True,Terminated,57074.05,2018-08-10,ru
1123,John Garcia,Hr Analyst,Dubai,FIN,,True,active,46325.92,2021-04-05,ru
1124,Andrew Roberts,Data Analyst,BERLIN,İnsan Kaynakları,,False,active,83069.78,2020-12-05,en
1125,Emily Rodgers,Data Analyst,Berlin,FIN,,True,Terminated,63715.54,2022-04-07,en
1126,Peter Williams,data analyst,LONDON,engineering,,True,Active ,65330.29,2023-03-12,ru
1127,Mary Jackson,Hr Analyst,LONDON,Engineering,,True,ACTIVE,66125.99,2017-10-28,en
1128,Jeffrey Howell,data Analyst,London,PM,,True,ACTIVE,68078.27,2023-11-05,en
1129,Anna Briggs,project manager,DUBAI,finance,,True,active,85386.47,2024-02-20,tr
1130,James Rivers,project manager,Berlin,Engineering,,True,ACTIVE,118623.81,2022-09-20,ru
1131,James Jefferson,HR Analyst,moscow,HR,,True,Active,65598.44,2024-11-27,tr
1132,Mariah Robles,civil engineer,MOSCOW,engineering,,True,Active ,83850.07,2017-03-24,en
1133,Michael Brown,HR Analyst,Berlin,Eng.,,True,TERMINATED,50642.94,2015-12-10,tr
1134,Caitlin Perry,civil Engineer,unknown,misc,,True,TERMINATED,75978.96,2021-07-28,en
1135,Rebekah Gregory,hr analyst,New York City,İnsan Kaynakları,,True,Active ,60920.84,2021-09-07,en
1136,James Howard,Data Analyst,"Dubai, UAE",İnsan Kaynakları,,True,Terminated,67102.74,2024-01-25,en
1137,Michael Roberson,project manager,unknown,İnsan Kaynakları,,True,Active ,87147.51,2016-11-29,tr
1138,Bianca Knapp,Civil Engineer,istanbul,it,,True,Terminated,71730.76,2024-08-12,tr
1139,Jason Williams,data analyst,new york,Information Technology,,False,TERMINATED,82721.13,2023-11-13,tr
1140,Ernest Bush,Data Analyst,Moskva ,Human Resources,,True,terminated,88034.68,2019-01-19,ru
1141,Patricia Ray,Hr Analyst,London,H.R.,,True,ACTIVE,50321.34,2018-10-26,ru
1142,Vanessa Santiago,software engineer,MOSCOW,it,,True,TERMINATED,92590.78,2020-11-18,ru
1143,Joseph Haynes,PROJECT MANAGER,New York,human resources,,True,Active ,87130.46,2023-04-06,tr
1144,Matthew Wright,misc,Istambul,human resources,,False,active,54264.07,2021-05-01,tr
1145,Michael Cruz,accountant,Dubai,FIN,,True,Active ,67486.97,2021-12-29,tr
1146,Kristin Huerta,CIVIL ENGINEER,"London, UK",Fin.,,True,ACTIVE,80471.08,2018-04-20,en
1147,Mason Moore,HR Analyst,BERLIN,it,,True,Active,65176.94,2019-10-27,ru
1148,Sarah Booth,Accountant,Berlin,Project Management,,True,Active ,63715.44,2016-12-13,tr
1149,John Allen,ACCOUNTANT,ISTANBUL,it,,True,ACTIVE,68072.0,2016-07-21,tr
1150,Amber Walker,n/a,Berlin,Finance,,True,Active,98313.39,2023-07-23,ru
1151,Jennifer Young,TBD,berlin,PM,,True,Terminated,57912.17,2016-02-07,tr
1152,Robert West,Accountant,dubai,ENG,,True,ACTIVE,73316.56,2023-09-02,ru
1153,Jillian Wilson,Hr Analyst,BERLIN,Human Resources,,False,active,66305.19,2015-09-14,en
1154,Matthew Garcia MD,civil engineer,N/A,it,,True,ACTIVE,87932.99,2022-04-09,ru
1155,April Davis,DATA ANALYST,moscow,IT,,True,Active ,61201.62,2019-12-21,tr
1156,Lisa Torres,HR ANALYST,london,HR,,True,terminated,56016.24,2020-01-14,en
1157,Christine Powers,accountant,"Dubai, UAE",project management,,True,terminated,52762.09,2019-04-24,en
1158,Heidi Brown,project manager,Istanbul ,IT,,True,TERMINATED,83139.95,2016-01-01,en
1159,Jesse Castro,Project Manager,unknown,engineering,,True,Active ,73957.54,2016-10-31,en
1160,Kara Sandoval,HR ANALYST,London,Eng.,,True,Active ,59335.89,2015-11-01,tr
1161,Ashley Malone,accountant,BERLIN,FIN,,False,ACTIVE,75923.68,2019-11-02,ru
1162,Glenn Gallegos,HR ANALYST,New York,Eng.,,True,Active ,47707.07,2022-06-26,tr
1163,Dorothy Boyd,hr analyst,istanbul,Human Resources,,True,TERMINATED,49559.8,2019-09-16,en
1164,Amber Martin,Hr Analyst,BERLIN,PMO,,True,Active,66201.9,2015-04-30,ru
1165,Mitchell Griffith,Software eng.,Istanbul ,Project Management,,True,TERMINATED,72734.67,2020-07-26,en
1166,Levi Lopez,civil Engineer,london,HR,,True,active,61837.61,2015-12-20,ru
1167,Jenna Bryant,Accountant,DUBAI,HR,,True,ACTIVE,54510.22,2015-10-25,tr
1168,Michelle Rodriguez,software engineer,ISTANBUL,unassigned,,True,terminated,104582.48,2016-06-03,en
1169,Timothy Monroe,data Analyst,New York,it,,True,TERMINATED,77692.97,2021-11-02,tr
1170,Patricia Hayes,Project Manager,Berlin,HR,,True,terminated,92070.28,2019-07-04,ru
1171,Tina Taylor,civil Engineer,"London, UK",engineering,,True,Terminated,93540.95,2020-07-20,tr
1172,Mr. Anthony Mcconnell PhD,ACCOUNTANT,Berlin ,project management,,True,TERMINATED,75365.34,2017-03-14,ru
1173,Mr. Thomas Thompson,data analyst,Dubai,I.T.,,True,TERMINATED,76882.01,2015-05-03,tr
1174,Monica Anderson,data Analyst,New York City,PM,,True,active,60877.19,2024-07-23,ru
1175,Kyle Andrade,Software eng.,NYC,Eng.,,True,Active,117989.73,2016-06-29,tr
1176,Janice Petty,hr analyst,BERLIN,project management,,True,Terminated,46990.17,2018-10-15,tr
1177,Pamela Hill,HR Analyst,london,Fin.,,True,TERMINATED,62364.94,2016-02-23,en
1178,Tracy Chavez,Project Manager,Berlin,???,,True,Active ,117812.95,2023-06-24,ru
1179,Jason Graves,Civil Engineer,DUBAI,finance,,True,TERMINATED,90110.0,2024-05-02,en
1180,Elizabeth Miles,HR ANALYST,"London, UK",Engineering,,True,ACTIVE,47150.25,2018-04-17,ru
1181,Michelle Walls,Civil Engineer,moscow,finance,,True,ACTIVE,63578.7,2016-02-03,en
1182,Christina Weber,CIVIL ENGINEER,"London, UK",Finance,,True,active,85790.38,2019-04-18,tr
1183,Gregory Chambers,accountant,Berlin,Information Technology,,False,Active ,60829.6,2023-08-08,ru
1184,Miss Tina Gordon,Accountant,london,ENG,,True,terminated,75921.03,2021-01-16,ru
1185,Erica Wilson,SW Engineer,NYC,engineering,,True,TERMINATED,83174.89,2019-01-29,ru
1186,John Duncan,PROJECT MANAGER,DUBAI,engineering,,True,active,91405.36,2024-11-23,en
1187,Jennifer Adkins,Data Analyst,Moskva,FIN,,True,active,59589.48,2023-12-18,ru
1188,Donna Boone,Project Manager,New York,Engineering,,True,terminated,101670.89,2018-03-08,ru
1189,Kelly Johnson,Software eng.,NEW YORK,Information Technology,,True,Active ,109873.44,2023-11-06,ru
1190,Michael Gonzalez,data analyst,DUBAI,project management,,True,ACTIVE,89467.65,2015-10-13,tr
1191,Candace Mitchell,Data Analyst,istanbul,IT,,False,active,76230.27,2021-12-31,en
1192,Ryan Vaughn,accountant,MOSCOW,Human Resources,,True,Terminated,56118.71,2023-08-08,ru
1193,Paul Johnson,HR ANALYST,London,project management,,True,Terminated,63670.66,2019-04-02,en
1194,Ashley Parrish,accountant,Berlin,finance,,True,Terminated,66613.99,2017-01-14,tr
1195,Sharon Newton,civil Engineer,London,project management,,True,Active,83687.77,2017-02-01,en
1196,Cynthia Mueller,ACCOUNTANT,new york,engineering,,True,Active ,78660.26,2021-07-24,en
1197,Donna Beck,HR Analyst,DUBAI,engineering,,True,TERMINATED,69103.79,2018-08-04,tr
1198,Jasmine Frye,various,NYC,Project Management,,True,terminated,90550.32,2017-11-05,tr
1199,Emily Arnold,ACCOUNTANT,London,Eng.,,True,terminated,55229.92,2021-09-06,ru
1200,David Oliver,SW Engineer,Berlin ,human resources,,False,Active,66825.09,2019-02-01,ru
1201,Sheila Greer,hr analyst,Dubai,it,,True,ACTIVE,57223.64,2020-08-24,tr
1202,Michele Holland,DATA ANALYST,Berlin ,finance,,True,terminated,73724.63,2023-11-12,en
1203,Kimberly Morrison,Hr Analyst,Istanbul,FIN,,False,ACTIVE,46660.21,2023-03-01,tr
1204,Tracey Phillips,DATA ANALYST,Moscow,engineering,,True,active,71728.91,2021-11-12,en
1205,Michael Lopez,Civil Engineer,Moskva ,PMO,,True,terminated,59606.81,2016-04-18,en
1206,Jose Bennett,Software Engineer,Istanbul,PMO,,True,active,113491.37,2016-06-14,en
1207,Justin Anderson,Software Engineer,Moscow,IT,,True,TERMINATED,99395.09,2023-05-17,tr
1208,Dawn Rivera,Software eng.,Istanbul,finance,,True,terminated,107921.92,2023-09-17,tr
1209,Brittney Hernandez,civil engineer,Moskva,finance,,True,terminated,82321.67,2015-02-05,tr
1210,Anthony Randolph,Accountant,DUBAI,engineering,,False,terminated,74697.15,2018-12-04,tr
1211,Mary Henry,DATA ANALYST,London,human resources,,True,Active ,82172.7,2017-02-20,ru
1212,Heather Bowers,SW Engineer,NEW YORK,FIN,,True,Active,81858.22,2016-07-30,ru
1213,Daniel White,accountant,MOSCOW,HR,,True,terminated,58337.92,2023-02-03,en
1214,Jonathan Perry,Software Engineer,"London, UK",IT,,True,Active,99518.07,2024-09-09,en
1215,Anna Walker,Civil Engineer,Dubai,ENG,,False,active,69527.47,2023-08-14,tr
1216,Gary Ward,accountant,LONDON,PM,,True,Terminated,73351.41,2017-10-05,ru
1217,Paul Moreno,Software eng.,London,ENG,,False,active,68860.9,2017-04-28,en
1218,Samantha Zavala MD,civil Engineer,"Dubai, UAE",it,,True,Terminated,58599.23,2020-10-18,en
1219,Jill Conway,hr analyst,DUBAI,Project Management,,True,ACTIVE,56586.38,2017-10-06,en
1220,Lisa Haley,CIVIL ENGINEER,london,Finance,,True,TERMINATED,74681.33,2017-03-16,en
1221,Erica Moon,misc,Moskva ,project management,,True,Terminated,91474.25,2018-09-29,en
1222,Janice Fernandez,Hr Analyst,dubai,Information Technology,,True,Terminated,55920.22,2017-09-12,en
1223,Thomas Short,CIVIL ENGINEER,"Dubai, UAE",Human Resources,,True,Terminated,67424.05,2023-12-01,en
1224,Robert Griffin,data Analyst,MOSCOW,Information Technology,,False,ACTIVE,81215.79,2021-03-11,en
1225,Steven Lee,project manager,DUBAI,IT,,True,ACTIVE,72114.85,2018-05-04,tr
1226,Tiffany Jackson,Data Analyst,Berlin ,PMO,,True,Active,70365.61,2023-05-30,ru
1227,Kimberly Smith,HR Analyst,MOSCOW,Project Management,,True,Terminated,57125.53,2023-07-19,ru
1228,Michael Ayala,ACCOUNTANT,london,ENG,,True,Active ,52009.87,2024-07-05,tr
1229,Jessica Garcia,civil Engineer,Istanbul,???,,False,active,57196.9,2016-01-25,tr
1230,Michele Cherry,hr analyst,Moskva,Fin.,,True,Active ,63273.92,2022-06-02,tr
1231,Maria Case,Project Manager,Moscow,Information Technology,,True,Active,92564.57,2017-08-12,tr
1232,Brittany Stevens,accountant,LONDON,Project Management,,True,active,51404.67,2024-06-13,en
1233,Brandon Brown,PROJECT MANAGER,Istambul,IT,,True,terminated,103399.19,2024-03-01,tr
1234,Kristin Andrews,ACCOUNTANT,new york,Information Technology,,True,Active ,61763.14,2022-06-15,tr
1235,David Hughes,project manager,moscow,İnsan Kaynakları,,True,ACTIVE,74421.85,2020-07-17,tr
1236,Jessica Smith,PROJECT MANAGER,dubai,Eng.,,True,ACTIVE,87702.13,2024-01-10,tr
1237,Kimberly May,data analyst,"Dubai, UAE",ENG,,True,TERMINATED,84228.03,2021-11-10,ru
1238,Nicole Richards,hr analyst,moscow,PM,,True,terminated,53450.45,2021-07-03,en
1239,Angel Reilly,Civil Engineer,"Dubai, UAE",finance,,True,TERMINATED,82867.51,2017-11-24,ru
1240,Richard Turner,ACCOUNTANT,london,Information Technology,,False,Active ,74990.62,2016-04-07,tr
1241,Preston Kim,Hr Analyst,dubai,finance,,True,Active,62992.86,2015-06-29,ru
1242,Matthew Wells,SW Engineer,NEW YORK,IT,,True,Active,127149.64,2021-11-29,en
1243,Brandy Myers,DATA ANALYST,LONDON,human resources,,True,terminated,69573.68,2023-05-20,en
1244,Kimberly Choi,ACCOUNTANT,berlin,Finance,,True,Active ,66534.59,2020-10-18,en
1245,Michael Sloan,Software eng.,ISTANBUL,it,,True,TERMINATED,108105.92,2021-07-10,ru
1246,Monica Brooks,Accountant,"Dubai, UAE",Fin.,,True,ACTIVE,57836.57,2021-11-18,en
1247,Kristen Peters,project manager,dubai,H.R.,,False,TERMINATED,75669.43,2017-07-19,tr
1248,Aaron Carlson,project manager,Berlin ,Eng.,,True,TERMINATED,75000.42,2019-04-02,ru
1249,Theresa Torres,DATA ANALYST,Moscow,İnsan Kaynakları,,True,ACTIVE,75312.74,2019-03-17,tr
1250,Stephanie Cooper,Software eng.,NEW YORK,Information Technology,,True,terminated,93327.26,2018-07-13,ru
1251,Matthew Hunt,accountant,New York City,PM,,True,Terminated,78942.74,2019-10-08,en
1252,Daniel Davenport,Software Engineer,ISTANBUL,Fin.,,True,Active ,83797.38,2018-11-22,en
1253,Christopher Marsh,hr analyst,Moscow,project management,,True,Active,69081.97,2022-10-13,tr
1254,Sarah Randolph,PROJECT MANAGER,LONDON,project management,,False,Active ,73953.25,2024-07-20,tr
1255,Julia Dunn MD,civil engineer,NEW YORK,Information Technology,,True,active,75650.82,2016-06-07,en
1256,Brett Swanson,software engineer,Moskva,I.T.,,False,Terminated,111688.09,2019-10-07,en
1257,Mr. Carl Rios,HR ANALYST,Istanbul,Engineering,,True,Active ,55752.09,2020-12-20,en
1258,Manuel Mccullough,PROJECT MANAGER,LONDON,ENG,,False,ACTIVE,103587.46,2017-11-03,ru
1259,Jerry Jensen,Project Manager,New York,H.R.,,True,Terminated,86926.96,2016-04-01,en
1260,Kevin Cunningham,ACCOUNTANT,istanbul,PM,,True,TERMINATED,72003.19,2019-06-19,en
1261,Eugene Patterson,hr analyst,ISTANBUL,misc,,True,Active ,65491.19,2023-12-26,en
1262,David Walker,Project Manager,Berlin ,Engineering,,True,active,119716.5,2024-04-21,en
1263,Jessica Larsen,HR ANALYST,NEW YORK,ENG,,True,active,66580.57,2023-01-08,ru
1264,Nicholas Humphrey,accountant,"London, UK",I.T.,,True,Terminated,58365.62,2017-12-08,ru
1265,Ian Torres,data analyst,Moskva ,ENG,,True,TERMINATED,70761.78,2022-04-20,tr
1266,Casey Obrien,Hr Analyst,DUBAI,Engineering,,True,TERMINATED,65097.63,2020-10-08,en
1267,Shannon Taylor,Software Engineer,Dubai,misc,,True,terminated,94211.92,2024-08-31,tr
1268,Deborah Mercado,project manager,Berlin ,finance,,True,Active,78136.7,2016-04-06,tr
1269,Bernard Smith,HR Analyst,"Dubai, UAE",H.R.,,True,active,58926.15,2016-04-24,en
1270,Amanda Perkins,civil engineer,istanbul,Engineering,,True,Terminated,59584.57,2022-07-13,tr
1271,Kevin Escobar,civil engineer,"Dubai, UAE",Project Management,,True,terminated,86874.38,2021-03-15,ru
1272,Kimberly Lutz,accountant,new york,İnsan Kaynakları,,True,Terminated,72532.25,2018-06-21,ru
1273,Reginald Diaz,Civil Engineer,BERLIN,Human Resources,,True,Active ,71171.11,2018-09-11,tr
1274,Raymond Quinn,project manager,Berlin ,Project Management,,True,Active ,114844.34,2022-04-05,ru
1275,John Dixon,Data Analyst,NYC,Human Resources,,True,terminated,73957.88,2021-08-19,ru
1276,Jonathan Bates,accountant,Berlin ,İnsan Kaynakları,,True,TERMINATED,62896.9,2020-12-28,tr
1277,Renee Mendez,Accountant,Berlin ,Eng.,,True,Active,66740.9,2020-12-07,tr
1278,Jose Griffin,project manager,"Dubai, UAE",IT,,True,TERMINATED,88151.07,2015-04-06,tr
1279,Travis Hopkins,Civil Engineer,berlin,Engineering,,True,TERMINATED,69340.27,2024-04-26,en
1280,Nancy Webb,accountant,London,Finance,,True,terminated,73518.95,2016-04-27,ru
1281,Daniel Freeman,Data Analyst,"London, UK",Finance,,True,Terminated,61470.74,2022-03-26,tr
1282,Jacob Williams,data Analyst,ISTANBUL,İnsan Kaynakları,,True,Active ,60695.16,2015-11-01,ru
1283,Terry Ward,hr analyst,moscow,FIN,,True,TERMINATED,57152.66,2016-06-01,en
1284,Jesse Williams,software engineer,berlin,ENG,,False,active,90954.4,2015-08-05,ru
1285,Mrs. Michele Boyd,Software Engineer,istanbul,ENG,,True,ACTIVE,122556.12,2022-04-24,tr
1286,Sandy Baker,hr analyst,istanbul,Fin.,,False,Active ,68539.94,2015-01-26,ru
1287,Carrie Valdez,civil engineer,Moscow,Finance,,True,terminated,88753.62,2015-12-19,ru
1288,Matthew Houston,misc,Istambul,Human Resources,,False,Active ,74932.92,2021-08-28,ru
1289,Jamie Solomon,PROJECT MANAGER,Dubai,H.R.,,True,ACTIVE,86361.44,2021-05-13,tr
1290,Heather Parrish,SW Engineer,"London, UK",it,,True,ACTIVE,95694.13,2022-01-01,tr
1291,Mr. Larry Shaw,PROJECT MANAGER,berlin,project management,,True,Active,106267.64,2018-12-11,tr
1292,Christopher Jones,civil Engineer,"Dubai, UAE",engineering,,True,terminated,86346.86,2024-11-18,en
1293,Christine Lopez,SW Engineer,new york,Project Management,,True,terminated,94107.3,2017-10-26,ru
1294,Mitchell Wilson,HR ANALYST,berlin,I.T.,,True,Active ,64944.84,2016-07-18,tr
1295,Robert Cortez,Software eng.,moscow,Finance,,False,TERMINATED,88406.9,2019-06-15,en
1296,Mr. Daniel Martin,accountant,Istanbul ,Engineering,,False,Terminated,64801.54,2021-09-23,en
1297,Alison Williams,Software eng.,Istanbul,Human Resources,,False,active,117353.68,2022-09-13,tr
1298,Candace Soto,DATA ANALYST,istanbul,H.R.,,True,ACTIVE,87625.86,2015-01-03,en
1299,Kenneth Brown,PROJECT MANAGER,dubai,Eng.,,False,terminated,112996.58,2018-08-01,en
1300,Christopher Mullen,DATA ANALYST,new york,ENG,,True,TERMINATED,66892.45,2016-02-14,ru
1301,Kristy Smith,n/a,dubai,Eng.,,True,ACTIVE,67696.62,2024-04-19,en
1302,Mary Campbell,various,Moscow,PM,,False,TERMINATED,79151.03,2015-05-09,en
1303,Jerry Haney,civil engineer,London,I.T.,,True,TERMINATED,58751.81,2021-11-30,en
1304,Carolyn Greer,PROJECT MANAGER,,finance,,False,terminated,89396.12,2021-06-23,en
1305,Rebecca Hoover,accountant,Dubai,PMO,,True,Active ,64325.02,2020-05-15,tr
1306,Matthew Baker,TBD,new york,engineering,,True,TERMINATED,79596.51,2019-03-25,en
1307,Grace Chavez,HR ANALYST,NYC,human resources,,True,active,69634.21,2018-03-16,en
1308,Crystal Cruz,Data Analyst,LONDON,Engineering,,True,Active,65770.03,2015-05-11,tr
1309,Dale Heath,hr analyst,MOSCOW,HR,,True,TERMINATED,45348.61,2019-12-24,en
1310,Jennifer Hernandez,DATA ANALYST,Istanbul ,HR,,True,Terminated,89860.79,2024-08-12,tr
1311,John Mendez,project manager,Istanbul,Eng.,,True,terminated,112158.21,2015-02-04,tr
1312,Richard Gordon,accountant,TBD,FIN,,True,ACTIVE,63901.02,2016-04-14,en
1313,John Anderson,HR Analyst,new york,Engineering,,True,TERMINATED,47474.37,2018-12-15,tr
1314,Samantha Prince,data analyst,Moskva ,Information Technology,,False,TERMINATED,58724.56,2018-09-23,tr
1315,Marie Boyd,ACCOUNTANT,Berlin,I.T.,,True,TERMINATED,55024.38,2022-12-13,en
1316,Andrew Moreno,civil Engineer,new york,project management,,True,Active ,87148.23,2015-08-07,tr
1317,Robert Clarke,data Analyst,Moskva ,engineering,,False,active,74291.99,2024-05-28,en
1318,Kevin Figueroa,CIVIL ENGINEER,istanbul,HR,,True,Terminated,81193.35,2023-05-21,en
1319,Melissa Davis,data analyst,MOSCOW,finance,,False,active,77191.54,2016-09-03,en
1320,John Hall,project manager,istanbul,PMO,,True,Active,79698.16,2019-09-08,ru
1321,Diane Mcdowell,hr analyst,MOSCOW,Fin.,,True,ACTIVE,59871.77,2019-06-18,tr
1322,Colin Fletcher,hr analyst,Moskva ,it,,True,Active,47241.47,2015-10-31,ru
1323,Laura Wilson,HR Analyst,New York City,IT,,True,active,66053.67,2019-05-05,ru
1324,Matthew Watts,hr analyst,istanbul,IT,,False,Terminated,46396.93,2019-09-07,ru
1325,Jack Moore,data Analyst,London,project management,,True,active,83146.37,2023-09-25,ru
1326,Dawn Wyatt,Software Engineer,New York,PMO,,True,TERMINATED,111623.18,2021-10-12,ru
1327,Jacob Hill,Hr Analyst,Istambul,engineering,,True,Active ,47936.78,2019-08-11,tr
1328,Nicole Gutierrez,PROJECT MANAGER,ISTANBUL,I.T.,,True,active,112507.52,2020-07-12,tr
1329,Karen Wood,HR Analyst,Dubai,Information Technology,,False,TERMINATED,60019.63,2018-10-19,en
1330,Dawn Parker,PROJECT MANAGER,ISTANBUL,project management,,True,ACTIVE,81245.64,2024-01-27,tr
1331,Michael Fitzgerald,data Analyst,Istanbul,HR,,True,terminated,80156.88,2022-09-26,tr
1332,Mary Adkins,Software eng.,DUBAI,PM,,True,TERMINATED,123596.71,2017-09-09,ru
1333,Michael Martin,Software eng.,NEW YORK,PM,,True,terminated,123886.41,2015-04-01,tr
1334,James Morgan,Accountant,Dubai,I.T.,,True,ACTIVE,61973.03,2019-04-11,ru
1335,Melissa Mann,hr analyst,New York City,Engineering,,False,Terminated,54198.57,2019-04-26,en
1336,Vincent Smith,HR Analyst,New York,finance,,True,terminated,52918.37,2021-05-09,ru
1337,Charles Frost,data analyst,Istambul,Engineering,,True,active,73579.06,2015-11-22,ru
1338,Austin Walker,Project Manager,"Dubai, UAE",İnsan Kaynakları,,True,Active,118473.05,2020-09-01,ru
1339,Andrew Cruz,civil Engineer,NYC,Project Management,,True,Active,92350.35,2018-10-30,tr
1340,Miss Kelly Dawson,various,istanbul,PMO,,True,Terminated,91437.95,2022-03-29,en
1341,Theresa Wilkins,n/a,DUBAI,Eng.,,True,ACTIVE,65574.32,2022-08-27,en
1342,Jessica Harris,HR ANALYST,dubai,HR,,True,TERMINATED,49871.69,2021-06-07,tr
1343,Regina Mitchell,Software Engineer,Moskva,Project Management,,False,Active,89575.42,2019-05-20,en
1344,Kyle Black,ACCOUNTANT,Dubai,it,,True,terminated,71574.09,2022-05-24,tr
1345,Christopher Johnson,Hr Analyst,istanbul,engineering,,True,Active,60084.74,2022-10-02,tr
1346,Aaron Moore,Hr Analyst,ISTANBUL,engineering,,True,terminated,69299.82,2020-02-24,en
1347,Penny Gomez MD,Civil Engineer,berlin,PMO,,False,Active ,55566.38,2024-06-24,tr
1348,Kelly Mclaughlin,data analyst,Istanbul ,it,,True,TERMINATED,77059.34,2017-11-23,ru
1349,Brandon Mitchell,project manager,london,Fin.,,True,Active,118208.62,2016-10-23,tr
1350,Suzanne Bailey,Project Manager,Berlin,İnsan Kaynakları,,True,ACTIVE,103517.65,2022-09-08,tr
1351,Destiny Obrien,civil Engineer,istanbul,Fin.,,True,ACTIVE,81243.59,2023-11-12,tr
1352,Timothy Andrews,accountant,london,Human Resources,,True,Terminated,64753.29,2018-07-15,en
1353,Jason Rodriguez,project manager,BERLIN,İnsan Kaynakları,,True,active,89268.34,2022-06-12,ru
1354,Edward Arroyo,software engineer,Istanbul ,PM,,True,TERMINATED,95949.35,2016-12-14,tr
1355,Tina Walter,SW Engineer,Dubai,misc,,True,active,124690.28,2021-06-18,tr
1356,Laura Benson,n/a,london,I.T.,,False,terminated,117222.83,2016-10-10,tr
1357,Kristine Carrillo,Civil Engineer,Moscow,Information Technology,,True,Active,92632.03,2021-12-15,ru
1358,Tonya Ellis,ACCOUNTANT,"London, UK",Project Management,,False,terminated,62790.87,2023-08-22,en
1359,Kevin Johnson,SW Engineer,Istambul,Project Management,,True,TERMINATED,87907.1,2022-09-06,tr
1360,Austin Schultz,accountant,DUBAI,Engineering,,True,Terminated,50926.32,2018-10-03,en
1361,Megan Hall MD,hr analyst,Istanbul,Engineering,,True,ACTIVE,64364.89,2021-04-25,tr
1362,Kelli Smith,data analyst,LONDON,Project Management,,True,Active,74644.18,2019-11-18,ru
1363,Danielle Davis,Accountant,LONDON,Information Technology,,True,terminated,56039.19,2017-11-18,ru
1364,Samantha Jones,Project Manager,Moscow,project management,,True,Active ,99443.17,2017-02-02,ru
1365,Karen Gomez,DATA ANALYST,London,İnsan Kaynakları,,True,Active ,62206.1,2017-01-04,ru
1366,Debra Valentine,Software eng.,New York,engineering,,True,Active ,129184.13,2021-12-17,tr
1367,Susan Porter,Project Manager,BERLIN,Information Technology,,True,TERMINATED,84926.86,2018-04-11,tr
1368,Nicolas Salas,PROJECT MANAGER,ISTANBUL,Finance,,True,Active ,100174.03,2024-08-14,ru
1369,Dale Wright,HR ANALYST,NEW YORK,PM,,False,Terminated,63976.76,2017-07-08,en
1370,Brittney Rodriguez,Hr Analyst,BERLIN,Information Technology,,False,ACTIVE,48942.33,2019-12-30,en
1371,Megan Alvarado,civil Engineer,Moskva,H.R.,,True,Terminated,75742.88,2019-02-26,ru
1372,Pamela Weaver,hr analyst,london,Engineering,,True,ACTIVE,55820.93,2021-11-07,en
1373,John Oliver,DATA ANALYST,Berlin,human resources,,True,Active,62141.41,2018-12-30,tr
1374,William Prince PhD,Accountant,"Dubai, UAE",ENG,,True,terminated,62907.32,2015-10-09,ru
1375,William Moon IV,HR ANALYST,DUBAI,I.T.,,True,Terminated,47116.05,2024-12-04,en
1376,Kenneth Brown,HR Analyst,new york,Eng.,,True,Active,56437.98,2015-03-18,ru
1377,Karen Fernandez,ACCOUNTANT,Istambul,Information Technology,,True,TERMINATED,50980.09,2022-12-21,tr
1378,Jennifer Parks,accountant,Istanbul ,Fin.,,True,active,79168.37,2017-02-10,en
1379,William Wolfe,HR Analyst,new york,Finance,,True,terminated,65376.67,2017-01-12,ru
1380,Michael Smith,HR Analyst,new york,engineering,,False,active,48361.05,2024-11-04,en
1381,Kevin Nguyen,Project Manager,Istanbul,engineering,,False,Terminated,104612.9,2024-02-24,en
1382,Debbie Dunn,ACCOUNTANT,"London, UK",Eng.,,True,Terminated,72451.78,2015-11-17,en
1383,John Austin,Software Engineer,Istanbul ,I.T.,,True,active,111588.03,2018-04-27,ru
1384,Jonathan Clark,Software Engineer,Moskva ,Human Resources,,True,Active,122270.2,2024-04-28,ru
1385,Jacqueline Dickerson,data Analyst,"Dubai, UAE",H.R.,,True,Terminated,76780.45,2017-12-16,en
1386,Christopher Anderson,Accountant,LONDON,it,,True,Active ,60184.35,2021-09-18,en
1387,Crystal Garcia,Accountant,BERLIN,PMO,,True,TERMINATED,54422.99,2021-06-06,en
1388,David Reynolds,civil engineer,Istanbul,Engineering,,True,Active ,56678.55,2024-01-20,tr
1389,Charles Haley,civil Engineer,Berlin,H.R.,,False,TERMINATED,80171.18,2021-12-12,tr
1390,Robert Thompson,data analyst,NYC,ENG,,True,terminated,59973.67,2017-06-21,tr
1391,Dr. Samuel Holmes DDS,Project Manager,london,Engineering,,False,Active,78807.38,2024-11-09,tr
1392,Elizabeth Hart,,london,Engineering,,True,ACTIVE,70498.65,2020-08-06,tr
1393,Jennifer Vaughn,software engineer,BERLIN,HR,,True,active,104900.23,2021-11-12,ru
1394,Robert Woods,ACCOUNTANT,Istambul,PM,,True,Active ,69737.98,2019-08-24,en
1395,Joanna Cook,SW Engineer,N/A,PMO,,True,Active,101870.52,2015-12-09,en
1396,Justin Frederick,ACCOUNTANT,berlin,HR,,True,Active,53510.77,2019-08-09,en
1397,Alejandro Martinez,PROJECT MANAGER,Moskva,I.T.,,True,terminated,93163.62,2024-04-09,tr
1398,Tracey Gonzalez,Software eng.,TBD,Engineering,,True,ACTIVE,105527.65,2023-02-12,en
1399,Mariah Thompson,PROJECT MANAGER,Istanbul ,Human Resources,,False,Active,102118.31,2016-12-09,en
1400,Heather Nunez,DATA ANALYST,NYC,misc,,True,Active ,73752.49,2020-12-14,ru
1401,Dr. Steve James,SW Engineer,NEW YORK,IT,,True,terminated,108791.76,2020-08-20,ru
1402,Mark Thomas,Accountant,"London, UK",ENG,,True,TERMINATED,78371.95,2021-09-06,ru
1403,Robert Rogers,Data Analyst,dubai,ENG,,True,Active,70264.15,2018-06-05,tr
1404,Laura Sweeney,Accountant,Moscow,finance,,True,active,64567.93,2022-11-07,en
1405,Christopher Perez,Hr Analyst,MOSCOW,Information Technology,,True,TERMINATED,47413.38,2021-02-28,en
1406,Eddie Adams,software engineer,Moskva,PMO,,False,active,87609.31,2021-02-06,ru
1407,Denise Wallace,data analyst,Istanbul,???,,True,terminated,86020.36,2021-03-15,tr
1408,Heidi Matthews,data analyst,Istambul,it,,True,Active ,79412.73,2017-09-26,en
1409,Jennifer White,Data Analyst,Istanbul ,Eng.,,True,Active ,81144.43,2021-01-30,ru
1410,Nicholas Stanley,Hr Analyst,Istambul,Project Management,,False,terminated,46859.64,2017-07-13,tr
1411,Mercedes Miller,ACCOUNTANT,berlin,İnsan Kaynakları,,True,ACTIVE,63832.6,2018-08-25,tr
1412,Brian Brown,Software eng.,Dubai,misc,,True,active,105894.73,2024-08-08,tr
1413,Kimberly Johnson,Hr Analyst,new york,İnsan Kaynakları,,False,Terminated,67955.52,2021-07-01,tr
1414,Phillip Miller,PROJECT MANAGER,dubai,I.T.,,True,terminated,70831.82,2019-03-24,ru
1415,Christopher Pena,HR ANALYST,"Dubai, UAE",Information Technology,,True,Active,50103.5,2016-10-27,ru
1416,Ellen Wright,data Analyst,new york,I.T.,,True,Active ,86030.81,2022-01-13,ru
1417,Mark Anderson,Accountant,N/A,PMO,,True,Active ,61890.72,2018-06-11,tr
1418,Alyssa Alvarado,DATA ANALYST,"Dubai, UAE",FIN,,False,Terminated,72817.06,2016-04-05,ru
1419,Erika Alvarez,ACCOUNTANT,london,Fin.,,True,terminated,67445.75,2023-09-16,tr
1420,Kimberly Nelson,project manager,Berlin,FIN,,True,Active ,86333.35,2016-11-02,ru
1421,Wayne Wolfe,SW Engineer,Istambul,H.R.,,True,active,76644.2,2023-08-21,en
1422,Kyle Welch,data analyst,Moskva ,it,,True,Terminated,83518.12,2017-12-08,tr
1423,Kristy Mills,hr analyst,Moskva ,Fin.,,True,Active ,67879.96,2023-01-28,ru
1424,Emily Reed,Accountant,"Dubai, UAE",İnsan Kaynakları,,True,active,78509.47,2021-05-04,en
1425,Regina Ramos,accountant,LONDON,PMO,,True,TERMINATED,69608.83,2024-01-05,en
1426,David Torres,PROJECT MANAGER,Moscow,Eng.,,True,active,115946.7,2021-09-04,en
1427,Robert Charles,Software eng.,"London, UK",FIN,,True,terminated,67510.26,2018-11-10,tr
1428,John Smith,Project Manager,Berlin ,project management,,True,Active,79040.0,2022-02-14,tr
1429,Theresa Woods,Project Manager,DUBAI,Project Management,,True,Terminated,85178.7,2017-07-01,tr
1430,Jeffrey Carter,HR Analyst,LONDON,Engineering,,True,terminated,47045.89,2016-02-21,en
1431,Adam Brooks,Software Engineer,Dubai,human resources,,True,active,69419.31,2022-03-06,en
1432,Justin Foster,SW Engineer,"Dubai, UAE",project management,,True,ACTIVE,111303.76,2022-07-01,ru
1433,Omar Price,civil Engineer,ISTANBUL,ENG,,True,ACTIVE,79597.91,2020-12-07,tr
1434,Dennis Henderson,Project Manager,moscow,Finance,,True,Terminated,81516.05,2018-05-03,ru
1435,Phillip Kent,CIVIL ENGINEER,BERLIN,H.R.,,True,TERMINATED,77843.04,2017-04-12,en
1436,Melinda Mitchell,HR Analyst,new york,Project Management,,True,Active,66846.17,2020-11-04,tr
1437,Rhonda Gutierrez,,Istambul,İnsan Kaynakları,,True,ACTIVE,96194.74,2018-07-18,tr
1438,Catherine Roberts,SW Engineer,moscow,Engineering,,True,Terminated,78825.95,2023-10-18,tr
1439,Lisa Nelson,Project Manager,Moscow,IT,,True,terminated,113467.83,2019-04-01,en
1440,Chelsea Smith,project manager,Berlin ,IT,,False,Active ,100230.06,2017-12-09,ru
1441,Joseph Lopez,data analyst,Moskva ,IT,,True,active,74393.63,2017-08-16,tr
1442,Derrick Espinoza,data analyst,DUBAI,Engineering,,True,TERMINATED,86661.07,2020-10-08,tr
1443,Crystal Hernandez,Accountant,NEW YORK,Information Technology,,True,terminated,76305.25,2022-12-18,tr
1444,Glenn Collins DDS,accountant,NEW YORK,Engineering,,False,Active,72355.77,2022-06-06,tr
1445,Mrs. Raven Rivera DVM,data Analyst,Moskva,finance,,False,Active ,66485.82,2018-09-08,en
1446,Amy Rowe,Hr Analyst,TBD,PMO,,True,active,50440.95,2024-07-09,tr
1447,John Lee,Accountant,N/A,it,,True,ACTIVE,60096.78,2024-09-19,tr
1448,Ruth Clayton,software engineer,berlin,H.R.,,False,Terminated,120993.8,2023-11-08,ru
1449,Randy Wright,data Analyst,N/A,IT,,True,ACTIVE,78566.71,2021-07-22,en
1450,Jessica Rojas,Accountant,Moskva,it,,True,terminated,59454.47,2015-08-30,tr
1451,Joel Wise,ACCOUNTANT,BERLIN,IT,,True,active,51829.9,2019-06-29,en
1452,Vickie Kennedy,Software eng.,NEW YORK,project management,,False,Active ,109863.46,2017-05-06,ru
1453,Emily Morris,DATA ANALYST,Istanbul ,Human Resources,,False,Terminated,77150.42,2018-10-01,ru
1454,Amanda Pineda,accountant,london,Information Technology,,True,Terminated,53470.7,2021-11-17,en
1455,Dawn Little,Software eng.,dubai,it,,False,Active ,75296.52,2019-08-06,en
1456,Stephen Boyer,accountant,new york,finance,,True,Terminated,74510.01,2021-12-28,tr
1457,Brian Chen,ACCOUNTANT,LONDON,ENG,,True,Terminated,51285.61,2021-04-13,tr
1458,Christopher Hill,CIVIL ENGINEER,Moskva,project management,,True,Active ,71888.83,2022-02-08,ru
1459,Richard Smith,ACCOUNTANT,DUBAI,Project Management,,True,ACTIVE,77796.95,2020-07-21,ru
1460,Richard Alvarez,HR Analyst,NEW YORK,İnsan Kaynakları,,True,TERMINATED,64131.52,2024-08-05,tr
1461,Jacqueline Davis,Hr Analyst,ISTANBUL,Information Technology,,True,Active ,49913.65,2021-04-12,en
1462,Brandon Montgomery,HR ANALYST,MOSCOW,Finance,,True,active,50138.66,2020-09-28,en
1463,Yolanda Garrett,Project Manager,dubai,Eng.,,True,terminated,74714.65,2016-04-06,ru
1464,Matthew Miles,HR Analyst,Istanbul ,Project Management,,True,terminated,64688.11,2024-07-02,en
1465,Beth Hall,TBD,Istanbul,IT,,False,Terminated,64398.58,2024-05-28,tr
1466,Dr. Nicole Trujillo,HR ANALYST,New York,it,,True,terminated,61081.16,2016-02-09,tr
1467,Corey Norris,civil Engineer,istanbul,Fin.,,True,Active ,89622.01,2015-11-17,ru
1468,Chad Roach,CIVIL ENGINEER,new york,ENG,,True,Active,59315.29,2019-04-17,tr
1469,Mr. Edward Terry,civil Engineer,London,project management,,True,Active,72946.03,2023-09-26,en
1470,Cody Bailey,Software eng.,Moskva ,,,True,active,77778.6,2020-05-02,tr
1471,Denise Guerra,Software Engineer,,Human Resources,,True,ACTIVE,101600.58,2017-02-15,en
1472,Kristen Jones,civil engineer,"Dubai, UAE",engineering,,True,Active ,84729.78,2016-08-06,en
1473,Edward Baker,DATA ANALYST,Moscow,FIN,,True,terminated,58883.58,2020-04-25,en
1474,Aaron Little,software engineer,LONDON,finance,,True,Active,84053.82,2016-08-13,en
1475,Cody Smith,project manager,"Dubai, UAE",human resources,,True,ACTIVE,77095.8,2021-07-17,ru
1476,Patty Allen,software engineer,New York City,project management,,True,Active,105658.14,2019-08-03,en
1477,Mary Ryan,data analyst,"Dubai, UAE",I.T.,,True,ACTIVE,83950.64,2015-06-01,en
1478,Joseph Jimenez,PROJECT MANAGER,Moscow,IT,,True,Active,97024.63,2021-10-20,tr
1479,Lisa Morris,,LONDON,PMO,,True,terminated,61381.08,2020-02-12,ru
1480,Ashley Mills,data analyst,Moskva ,Eng.,,True,active,76689.89,2015-07-26,ru
1481,Russell Anderson,HR ANALYST,berlin,unassigned,,True,ACTIVE,57746.54,2016-04-25,en
1482,Christina Washington,Software Engineer,Berlin ,FIN,,True,active,129861.62,2023-04-30,en
1483,Kenneth Huff,HR Analyst,moscow,Finance,,False,active,58713.59,2019-07-10,ru
1484,Kelly Miles,civil engineer,TBD,İnsan Kaynakları,,True,active,71247.75,2019-04-24,tr
1485,Jacob Obrien,data Analyst,dubai,engineering,,True,Active ,75369.03,2023-04-20,tr
1486,Timothy Clark,ACCOUNTANT,Berlin,Project Management,,True,Terminated,75279.36,2019-10-08,ru
1487,Steve Miller PhD,civil engineer,New York City,Engineering,,True,TERMINATED,72382.48,2019-12-31,en
1488,Justin Hurley,CIVIL ENGINEER,Moskva ,HR,,True,Terminated,85369.18,2017-02-13,tr
1489,Jacob Erickson,HR ANALYST,New York,HR,,True,ACTIVE,45749.28,2017-10-22,ru
1490,Deborah Williams,Software Engineer,BERLIN,PMO,,False,active,73966.63,2022-12-03,tr
1491,Eric Blackburn,Data Analyst,,engineering,,True,TERMINATED,65114.51,2020-08-13,en
1492,Anne Hardy,Software Engineer,LONDON,finance,,True,TERMINATED,91753.08,2020-02-05,en
1493,Chelsey Fox,accountant,moscow,human resources,,False,ACTIVE,53485.86,2022-01-30,ru
1494,Mario White,data Analyst,NEW YORK,HR,,False,active,76056.53,2015-08-09,en
1495,Jennifer Garcia,software engineer,Istanbul ,engineering,,True,active,113466.44,2023-03-30,tr
1496,Heather Ellis,hr analyst,London,Finance,,True,TERMINATED,45288.21,2024-02-20,tr
1497,Sonya Jackson,PROJECT MANAGER,NYC,Project Management,,True,Active,90948.1,2015-04-14,en
1498,James Morgan,CIVIL ENGINEER,Berlin,finance,,True,TERMINATED,80036.86,2016-09-01,ru
1499,Zachary Ramos,civil Engineer,ISTANBUL,Information Technology,,True,TERMINATED,92608.05,2020-02-23,tr
1500,Ethan Frey,Accountant,Istambul,Project Management,,True,TERMINATED,78048.42,2024-08-06,en
1501,Jacob Duran,Software eng.,New York,Information Technology,,True,TERMINATED,95360.3,2017-04-30,ru
1502,Nicholas Franklin,Accountant,Moscow,Project Management,,True,Terminated,53766.62,2015-08-08,ru
1503,Cindy Cannon,Civil Engineer,"Dubai, UAE",project management,,True,ACTIVE,72312.95,2019-01-01,ru
1504,Dawn Nixon,DATA ANALYST,berlin,H.R.,,True,TERMINATED,81824.52,2017-03-12,tr
1505,James Barber,Software Engineer,Berlin,it,,True,Active ,79647.57,2024-09-08,tr
1506,Ms. Kelly Holder,Accountant,N/A,I.T.,,True,Active ,75985.14,2017-01-14,en
1507,Eric Walker,DATA ANALYST,ISTANBUL,finance,,True,Active,56025.77,2020-12-02,ru
1508,Alison Short,civil Engineer,Moskva,project management,,True,active,57499.28,2024-04-14,tr
1509,Desiree Spencer,project manager,Berlin,Human Resources,,True,Active,116839.34,2020-07-26,tr
1510,Tammy Moore,civil engineer,Moskva ,PMO,,True,terminated,92596.27,2015-07-28,tr
1511,Henry Taylor,DATA ANALYST,N/A,İnsan Kaynakları,,True,TERMINATED,67763.05,2018-10-27,en
1512,Kevin Hall,civil Engineer,NEW YORK,Engineering,,True,Active ,55138.52,2023-01-07,en
1513,Anna Ross,software engineer,London,Project Management,,True,Active ,75050.87,2021-08-05,tr
1514,Morgan Cummings,Civil Engineer,LONDON,PMO,,True,Terminated,56612.74,2015-01-29,en
1515,Carrie Petersen,Project Manager,NEW YORK,İnsan Kaynakları,,False,TERMINATED,78485.82,2023-08-12,en
1516,Laura Velez,civil Engineer,Istambul,engineering,,True,Active ,85536.73,2022-06-22,ru
1517,Elizabeth Cross,civil Engineer,MOSCOW,PM,,True,Active,94301.71,2016-08-04,en
1518,Angela Brown,project manager,New York,H.R.,,False,terminated,116387.18,2024-02-14,tr
1519,Hannah Montoya,hr analyst,BERLIN,misc,,True,Active,66381.99,2023-04-14,ru
1520,Sean Kane,hr analyst,Berlin,HR,,True,active,46781.71,2021-03-03,ru
1521,Matthew Guzman,HR ANALYST,DUBAI,project management,,True,ACTIVE,47336.81,2018-02-05,ru
1522,Richard Reyes,ACCOUNTANT,LONDON,Eng.,,True,terminated,57403.46,2016-03-31,en
1523,Andrew Fernandez,project manager,Berlin,PMO,,True,Active,108253.84,2016-09-25,ru
1524,Jonathan Walker,HR Analyst,Dubai,Information Technology,,True,terminated,64669.2,2023-08-27,ru
1525,Nicholas Long,CIVIL ENGINEER,"London, UK",project management,,False,Active ,73427.7,2019-04-23,ru
1526,Kurt Wagner,n/a,"Dubai, UAE",it,,True,active,84948.22,2018-04-29,en
1527,Dylan Foster,Data Analyst,NEW YORK,Fin.,,True,terminated,61046.54,2019-07-08,en
1528,Bradley Duncan,civil Engineer,london,I.T.,,True,Terminated,55411.42,2020-05-12,en
1529,James Miller,data Analyst,dubai,finance,,True,Terminated,67534.71,2020-08-26,ru
1530,Patricia Anderson,PROJECT MANAGER,Berlin,Project Management,,True,TERMINATED,78818.25,2017-11-29,en
1531,Justin Freeman,Software Engineer,New York,it,,False,TERMINATED,123812.36,2023-09-16,en
1532,Christina Gilbert,software engineer,new york,Fin.,,True,TERMINATED,95119.27,2024-07-15,en
1533,Danielle Jones,HR Analyst,Berlin,ENG,,True,terminated,63739.48,2022-12-02,en
1534,Erica Glass,civil engineer,istanbul,Project Management,,True,Terminated,74603.83,2016-11-04,en
1535,Michael Henderson,CIVIL ENGINEER,unknown,I.T.,,True,TERMINATED,77138.36,2021-06-27,en
1536,Frank Wheeler,Civil Engineer,Istanbul ,engineering,,True,TERMINATED,55556.57,2019-06-17,ru
1537,Eric Huerta,accountant,unknown,H.R.,,True,Active ,76611.77,2017-03-05,ru
1538,Wanda Ramos,PROJECT MANAGER,moscow,Human Resources,,True,Active,111756.54,2017-07-05,en
1539,Andrew Meyers,Software eng.,,I.T.,,True,active,127263.68,2015-09-07,en
1540,James Todd,Civil Engineer,NEW YORK,I.T.,,True,Active,61320.15,2016-10-17,tr
1541,Ashley Brown,data analyst,MOSCOW,ENG,,True,TERMINATED,57082.49,2022-03-30,ru
1542,Tammy Melton,project manager,Istambul,,,True,Terminated,101330.09,2018-05-19,en
1543,Alexis Benson,Civil Engineer,"London, UK",Fin.,,True,active,91894.64,2015-07-10,en
1544,Jerry Johnson,hr analyst,Istanbul,FIN,,True,Terminated,67846.74,2017-02-27,en
1545,Joshua Harris,HR ANALYST,istanbul,human resources,,True,active,54355.99,2015-09-01,en
1546,Deanna Webb,PROJECT MANAGER,berlin,FIN,,True,Active,99044.76,2023-10-14,en
1547,Brenda Hale,HR ANALYST,berlin,unassigned,,True,Active ,59802.39,2016-05-16,en
1548,Kevin Alvarado,accountant,NYC,human resources,,True,Terminated,61784.65,2015-08-20,en
1549,Christopher Campbell,hr analyst,istanbul,PMO,,True,Terminated,54292.38,2021-09-04,ru
1550,Lisa Brown,SW Engineer,Dubai,it,,True,Active,94012.01,2023-02-07,ru
1551,Alejandra Price,,Istambul,Fin.,,True,Terminated,114864.96,2020-01-12,en
1552,Samuel Keller,DATA ANALYST,Moscow,it,,True,terminated,61686.82,2024-08-23,ru
1553,Alicia Dillon,project manager,New York,Finance,,True,active,75253.37,2019-12-14,ru
1554,Crystal James,Software Engineer,Berlin ,ENG,,True,TERMINATED,120898.02,2022-12-10,ru
1555,Ariana Stewart,accountant,DUBAI,IT,,True,ACTIVE,64493.08,2021-06-11,en
1556,Kim Lopez,project manager,istanbul,Eng.,,True,TERMINATED,78296.46,2019-11-10,ru
1557,Judith House,Data Analyst,Moskva ,FIN,,True,ACTIVE,79871.05,2023-04-18,tr
1558,David Moreno,Data Analyst,New York City,project management,,True,Terminated,85179.22,2023-10-24,tr
1559,James Moore,HR Analyst,london,it,,True,terminated,58332.09,2019-07-20,en
1560,Harold Garrett,HR ANALYST,New York City,Eng.,,False,active,68644.1,2018-03-23,tr
1561,William Mason,civil Engineer,berlin,IT,,True,terminated,72735.36,2024-04-26,ru
1562,Lori Johns,HR Analyst,unknown,Fin.,,True,Active ,61175.4,2023-07-12,en
1563,Robin Johnson,HR Analyst,berlin,ENG,,True,Active,56592.01,2015-01-24,tr
1564,Diana Hernandez,Hr Analyst,MOSCOW,İnsan Kaynakları,,False,TERMINATED,54999.36,2024-04-26,en
1565,Mary Miller,project manager,"London, UK",Eng.,,False,terminated,86278.22,2019-12-27,ru
1566,Tyler Salazar,HR Analyst,dubai,Engineering,,False,terminated,68421.41,2019-11-18,ru
1567,Crystal Allen,Project Manager,istanbul,H.R.,,True,terminated,79831.37,2020-11-13,ru
1568,Wesley Browning,Data Analyst,"London, UK",H.R.,,True,TERMINATED,76828.65,2015-10-12,ru
1569,Joshua Clark,Accountant,NYC,İnsan Kaynakları,,True,active,64832.43,2017-01-18,en
1570,Joshua Mcbride,SW Engineer,ISTANBUL,it,,False,Terminated,97253.67,2023-12-05,en
1571,Ellen Thornton,software engineer,Berlin ,I.T.,,True,ACTIVE,115226.21,2016-07-14,ru
1572,Brandy Forbes,HR Analyst,N/A,Fin.,,True,TERMINATED,46580.48,2024-10-21,ru
1573,Brianna Fitzpatrick,misc,DUBAI,PM,,True,TERMINATED,53032.18,2017-06-21,ru
1574,Emily Grant,CIVIL ENGINEER,Berlin,Fin.,,True,TERMINATED,84481.57,2020-11-10,ru
1575,Bailey Stewart,Software eng.,new york,Project Management,,True,Active ,127596.23,2024-07-09,ru
1576,Monica Cannon,accountant,Istambul,Eng.,,True,TERMINATED,70820.2,2021-05-28,en
1577,Jennifer Jenkins,Data Analyst,Moskva,PMO,,True,active,65782.29,2021-04-21,ru
1578,Timothy Shannon,Software eng.,moscow,ENG,,True,ACTIVE,79813.09,2020-09-16,en
1579,Denise Maxwell,data Analyst,Istanbul,PMO,,True,active,71485.11,2016-07-09,en
1580,Cody Farmer,SW Engineer,dubai,PMO,,True,active,94387.93,2023-07-10,ru
1581,Debra Bradley,Hr Analyst,Dubai,PMO,,True,ACTIVE,49229.0,2023-06-24,ru
1582,David Mcdaniel,CIVIL ENGINEER,London,FIN,,True,Active,82778.77,2023-07-31,tr
1583,Michael Woods,civil Engineer,Moskva ,PMO,,True,terminated,57447.69,2022-08-01,en
1584,Lisa Joseph,ACCOUNTANT,london,it,,True,Active,66855.57,2017-04-15,en
1585,Samuel Henry,,London,Project Management,,True,TERMINATED,62156.75,2022-06-16,en
1586,Corey Johnson,data analyst,Moskva,FIN,,True,ACTIVE,74795.33,2021-09-18,en
1587,Alexis Nelson,hr analyst,Moskva ,Fin.,,True,Terminated,58262.55,2020-09-30,tr
1588,Patrick Mcneil,data analyst,new york,human resources,,True,TERMINATED,69499.98,2019-03-24,tr
1589,Andrea Ho,data analyst,new york,HR,,True,Active ,63840.92,2024-07-13,tr
1590,Dr. Katherine Nguyen,Hr Analyst,Berlin,Finance,,True,active,68422.89,2020-01-02,en
1591,David Sullivan,ACCOUNTANT,Istanbul,IT,,True,Active ,54506.68,2022-04-21,ru
1592,Nicolas James,data analyst,NEW YORK,Finance,,True,terminated,78091.99,2022-04-03,ru
1593,Logan Newton,software engineer,DUBAI,Human Resources,,True,TERMINATED,111750.1,2023-12-21,ru
1594,Kelly Liu,accountant,"London, UK",Engineering,,True,active,53601.41,2019-09-22,en
1595,Kelly Hayes,HR ANALYST,DUBAI,FIN,,True,TERMINATED,61048.13,2020-06-07,en
1596,Amanda Forbes,misc,Moskva,HR,,True,terminated,68087.72,2016-10-01,en
1597,Jennifer Moss,HR ANALYST,LONDON,Engineering,,True,Terminated,68171.12,2020-01-13,en
1598,Kelli Mccoy,project manager,ISTANBUL,Eng.,,True,terminated,81115.29,2022-11-06,tr
1599,Eddie Sanders,Hr Analyst,LONDON,Finance,,True,TERMINATED,47971.41,2017-10-15,tr
1600,Ronald Murray,HR Analyst,NYC,PMO,,True,Active,54528.99,2020-12-06,ru
1601,Louis Brown,PROJECT MANAGER,NEW YORK,human resources,,True,TERMINATED,118389.53,2023-05-24,en
1602,Brenda Gallegos,HR Analyst,new york,Information Technology,,True,TERMINATED,45276.99,2021-05-20,tr
1603,Nathan Wilson,Software Engineer,london,ENG,,True,Active,100934.99,2020-03-15,tr
1604,Teresa Horton,Project Manager,"London, UK",it,,False,ACTIVE,82740.35,2017-10-27,tr
1605,Jason Hayes,ACCOUNTANT,N/A,finance,,True,active,53781.64,2015-07-23,tr
1606,Kevin Marquez,ACCOUNTANT,"Dubai, UAE",project management,,True,ACTIVE,69840.05,2021-04-29,en
1607,Jesse Wright,,ISTANBUL,Human Resources,,True,terminated,66090.41,2022-03-24,ru
1608,Susan Hogan,Data Analyst,"Dubai, UAE",finance,,True,terminated,88936.73,2018-10-11,en
1609,Becky Wilson,software engineer,Moskva ,PMO,,True,TERMINATED,91044.12,2023-09-17,tr
1610,Jack Mills,civil engineer,TBD,project management,,True,TERMINATED,80117.9,2020-11-25,ru
1611,Richard Hunt,DATA ANALYST,BERLIN,project management,,True,ACTIVE,87878.18,2017-07-12,en
1612,Jamie James,software engineer,dubai,PM,,True,active,97231.43,2018-12-03,en
1613,Susan Cunningham,Data Analyst,Istambul,İnsan Kaynakları,,True,Active,84166.41,2021-08-16,en
1614,Brittany Melton,software engineer,Berlin ,engineering,,True,ACTIVE,117673.73,2018-03-19,tr
1615,Michael Barnes,software engineer,Berlin,Fin.,,True,TERMINATED,92038.88,2024-12-03,en
1616,Randy Griffin,civil engineer,"Dubai, UAE",PM,,False,TERMINATED,91756.73,2020-06-02,tr
1617,Autumn Anderson,CIVIL ENGINEER,istanbul,I.T.,,True,Terminated,65231.73,2020-09-15,en
1618,Marcus King,data analyst,NYC,IT,,True,Terminated,80140.96,2022-06-22,en
1619,Scott Stephens,civil engineer,London,PMO,,True,terminated,90690.43,2018-06-30,en
1620,Stephen Young,ACCOUNTANT,BERLIN,human resources,,False,Active,66188.83,2016-10-18,tr
1621,Karen Ortiz,TBD,Dubai,ENG,,True,TERMINATED,68850.26,2015-02-20,en
1622,Kyle Sanchez,civil Engineer,LONDON,ENG,,True,TERMINATED,79012.53,2019-09-07,en
1623,Lisa Grant,Project Manager,Istanbul,Eng.,,True,active,112021.58,2021-04-06,ru
1624,Amber Hernandez,data analyst,Moskva ,Engineering,,True,ACTIVE,57760.13,2019-05-16,ru
1625,Amanda Nash,Accountant,Moscow,FIN,,True,ACTIVE,61980.22,2019-07-10,en
1626,Sara Evans,CIVIL ENGINEER,New York City,engineering,,True,Active ,74041.95,2020-05-21,tr
1627,Amber Butler,Data Analyst,Dubai,it,,True,Active ,65124.64,2023-03-06,en
1628,Michael Carr,Software eng.,BERLIN,unassigned,,True,Active ,86236.6,2015-02-25,en
1629,Linda Cobb,project manager,"Dubai, UAE",İnsan Kaynakları,,True,ACTIVE,97776.2,2019-07-02,en
1630,Jesse Riley,civil Engineer,New York,project management,,True,terminated,55334.55,2015-12-26,tr
1631,Anna Evans,ACCOUNTANT,"Dubai, UAE",Finance,,True,active,67599.25,2023-04-23,en
1632,James Jones,hr analyst,Dubai,ENG,,True,Terminated,50000.77,2022-10-22,tr
1633,Joshua Carter,Data Analyst,new york,İnsan Kaynakları,,False,terminated,80081.27,2018-11-29,ru
1634,Michael Hill,Data Analyst,NYC,FIN,,True,ACTIVE,74489.29,2017-07-11,tr
1635,Kelly Dominguez,data analyst,Moscow,IT,,True,Terminated,73528.74,2018-09-14,ru
1636,Ashley Blair,TBD,london,ENG,,True,TERMINATED,52872.43,2019-09-17,en
1637,Victoria Webb,software engineer,NEW YORK,unassigned,,True,Terminated,75027.12,2018-12-18,en
1638,Taylor Andersen,CIVIL ENGINEER,NEW YORK,Finance,,False,active,64215.98,2024-01-27,en
1639,Lee Stewart,Accountant,New York City,HR,,False,ACTIVE,57669.8,2019-12-17,tr
1640,Whitney Gomez,DATA ANALYST,New York,PM,,True,active,66195.59,2018-07-31,tr
1641,Justin Stone,data Analyst,London,IT,,True,TERMINATED,84666.43,2024-12-04,en
1642,Katherine White,TBD,berlin,ENG,,True,TERMINATED,71100.21,2017-01-30,en
1643,Michelle Krause,various,"Dubai, UAE",Project Management,,True,active,53007.85,2017-09-17,en
1644,Alexander Garrett,HR Analyst,istanbul,Information Technology,,True,Active ,45997.95,2023-07-23,en
1645,Ryan Marsh,project manager,"London, UK",project management,,True,Terminated,101097.47,2018-10-17,tr
1646,Mrs. Felicia Castro DDS,Data Analyst,Istanbul,engineering,,True,active,89705.14,2023-12-15,en
1647,Curtis Campbell,HR ANALYST,BERLIN,finance,,False,TERMINATED,59774.74,2020-06-02,ru
1648,Elizabeth Hunter,DATA ANALYST,New York,FIN,,False,Active ,87409.33,2015-10-12,en
1649,Aaron Jennings,civil Engineer,berlin,Human Resources,,True,terminated,61189.02,2023-09-27,en
1650,Nathaniel Gilbert,TBD,Istambul,PMO,,True,active,112188.48,2018-05-08,tr
1651,Christopher Rivera,HR ANALYST,London,Project Management,,True,Active,45863.83,2018-05-31,en
1652,Michael Hendricks,data Analyst,DUBAI,Human Resources,,False,TERMINATED,86423.24,2020-04-22,ru
1653,Maria Olson,Software Engineer,berlin,PMO,,True,TERMINATED,119720.73,2017-09-30,tr
1654,Stephanie Herrera,data Analyst,london,I.T.,,True,Terminated,64895.36,2021-07-29,en
1655,Richard Gutierrez,DATA ANALYST,Moskva ,Eng.,,True,ACTIVE,79712.3,2018-07-14,ru
1656,Sandy Evans,Hr Analyst,moscow,it,,True,Terminated,48294.7,2016-02-20,en
1657,Emily Herrera,misc,Moskva,IT,,True,TERMINATED,87647.5,2020-01-19,ru
1658,Michael Marsh,ACCOUNTANT,dubai,engineering,,True,Terminated,74801.33,2020-03-03,tr
1659,Heather Montes,ACCOUNTANT,Berlin ,İnsan Kaynakları,,True,Active,65775.79,2021-02-17,ru
1660,Andre Terrell,software engineer,MOSCOW,IT,,True,ACTIVE,89055.06,2021-01-06,ru
1661,Sarah Duncan,data Analyst,London,Fin.,,True,TERMINATED,68538.72,2024-08-08,tr
1662,Kurt Hancock,civil engineer,london,Eng.,,True,Active,70367.64,2018-07-29,tr
1663,Michele Edwards,Software eng.,"London, UK",FIN,,True,Terminated,88300.81,2017-11-09,ru
1664,Jason Crawford,civil Engineer,LONDON,Human Resources,,True,Terminated,87371.8,2015-08-24,ru
1665,Jesse Sampson,Project Manager,MOSCOW,PM,,True,Active,82834.39,2021-11-10,ru
1666,Eric Rodriguez,Hr Analyst,New York,engineering,,True,terminated,50834.53,2015-09-18,ru
1667,Paula Gentry,CIVIL ENGINEER,Moskva,project management,,True,terminated,75507.78,2018-09-25,tr
1668,Alexander Webb,CIVIL ENGINEER,Moskva ,it,,True,Active,78135.46,2021-10-23,ru
1669,Cheryl Mclean,HR ANALYST,Berlin ,Information Technology,,True,terminated,47737.9,2018-05-08,ru
1670,Kelly Rowe,Software eng.,MOSCOW,ENG,,True,TERMINATED,65920.45,2021-06-05,ru
1671,Shane Short,Hr Analyst,Dubai,Finance,,True,Active,51274.37,2023-12-27,en
1672,Megan Anderson,PROJECT MANAGER,moscow,it,,True,TERMINATED,70878.11,2016-01-30,tr
1673,Julia Reeves,PROJECT MANAGER,"Dubai, UAE",PMO,,True,Terminated,88264.98,2019-10-09,tr
1674,April Randolph,Civil Engineer,NEW YORK,engineering,,True,TERMINATED,70857.27,2019-09-18,en
1675,Linda Miller,CIVIL ENGINEER,istanbul,Eng.,,True,TERMINATED,66198.04,2020-10-15,en
1676,Angel Meyer,Software eng.,MOSCOW,Engineering,,True,Active,106745.7,2020-12-09,en
1677,Emily Lane,TBD,london,finance,,True,TERMINATED,105485.74,2017-08-22,en
1678,Steven Flores,civil Engineer,london,,,True,Active,64119.96,2018-07-19,ru
1679,Donald Flores,Project Manager,"Dubai, UAE",İnsan Kaynakları,,True,TERMINATED,82974.5,2018-07-09,en
1680,Bruce Hernandez,Software Engineer,Berlin,IT,,False,TERMINATED,102907.06,2018-05-24,ru
1681,Adrian Dean,accountant,Berlin ,Eng.,,True,TERMINATED,62330.75,2022-09-07,ru
1682,Christine Bell,various,London,engineering,,False,Active,68947.9,2021-02-19,tr
1683,Charles Bush,data analyst,Moskva,Information Technology,,True,active,72095.9,2021-09-07,en
1684,David Jones,Hr Analyst,Moscow,project management,,True,Active,60167.38,2022-06-07,ru
1685,Gina Wallace,Civil Engineer,DUBAI,Information Technology,,True,terminated,68116.15,2023-03-08,en
1686,John Lowe,civil Engineer,ISTANBUL,Fin.,,True,terminated,85637.69,2016-02-15,ru
1687,Anthony Simmons,software engineer,NYC,HR,,True,terminated,99111.84,2020-10-16,ru
1688,Kyle Watkins,Project Manager,DUBAI,Finance,,True,active,85568.17,2022-11-13,en
1689,Melissa Jensen,Hr Analyst,istanbul,Finance,,True,terminated,63751.3,2023-05-05,en
1690,Robert Marquez,accountant,Berlin ,PMO,,True,Active,59076.59,2018-04-10,ru
1691,Kim Beltran,Civil Engineer,"London, UK",I.T.,,True,TERMINATED,93151.15,2016-07-05,tr
1692,Julie Anderson,ACCOUNTANT,New York City,Eng.,,True,active,78347.1,2022-11-20,tr
1693,Tamara Mcdonald,Accountant,Istambul,Engineering,,False,active,74895.99,2018-05-31,tr
1694,Michael Mckinney,project manager,istanbul,engineering,,True,TERMINATED,97499.51,2019-11-08,ru
1695,David Walker,Project Manager,MOSCOW,ENG,,True,TERMINATED,78834.3,2021-02-09,ru
1696,Lisa Durham,data analyst,Dubai,PM,,True,terminated,66783.45,2022-06-14,en
1697,Michael Ortega,HR ANALYST,London,Finance,,True,TERMINATED,62476.26,2017-04-13,tr
1698,Sonya Chavez,Data Analyst,"London, UK",Finance,,True,Active ,77292.27,2024-02-08,en
1699,John Bell,data Analyst,LONDON,İnsan Kaynakları,,True,active,61601.27,2019-03-27,ru
1700,Christopher Tate,HR ANALYST,"London, UK",Human Resources,,True,terminated,65282.69,2016-06-08,en
1701,Bethany Garcia,Civil Engineer,dubai,,,True,Terminated,90644.13,2024-09-09,ru
1702,Rebecca Nguyen,DATA ANALYST,Berlin,finance,,False,Terminated,65281.8,2018-12-06,en
1703,Rebecca Patel,SW Engineer,LONDON,PM,,True,Active ,72152.84,2017-06-12,en
1704,Jason Oliver,PROJECT MANAGER,BERLIN,PM,,True,Active,91933.58,2021-10-25,en
1705,Valerie Reyes,Civil Engineer,Moskva,I.T.,,False,Terminated,83880.26,2023-09-28,ru
1706,Robert Garza,Software Engineer,DUBAI,Information Technology,,True,Active,84544.85,2019-01-19,ru
1707,Jessica Cobb,PROJECT MANAGER,London,Fin.,,True,Active,75722.84,2020-03-26,tr
1708,Cynthia Bates,data analyst,new york,human resources,,True,terminated,64989.52,2020-10-05,en
1709,Timothy Andrews,civil engineer,Moskva ,Finance,,False,terminated,63245.22,2017-07-26,ru
1710,Mr. Joel Peters,civil Engineer,"London, UK",Engineering,,False,Active ,79605.58,2016-06-11,ru
1711,Casey Blanchard,Hr Analyst,London,Project Management,,True,Active,63037.15,2017-03-14,en
1712,Brian Cervantes,hr analyst,London,human resources,,True,Active ,69420.17,2022-07-28,ru
1713,Jamie Snyder,CIVIL ENGINEER,istanbul,Finance,,True,active,74215.98,2021-08-08,tr
1714,Ann Montoya,various,Istanbul,H.R.,,False,Active,120437.24,2021-08-01,en
1715,Stephanie Fields,Software Engineer,istanbul,HR,,True,active,113045.41,2017-04-30,ru
1716,Charles Hernandez,accountant,BERLIN,engineering,,True,Active,60908.52,2017-05-29,en
1717,Jean Lane,SW Engineer,Istanbul ,FIN,,True,terminated,77068.58,2019-12-19,ru
1718,Michael Stewart,Software Engineer,Moskva,Fin.,,True,terminated,112429.36,2020-02-02,tr
1719,Susan Torres,DATA ANALYST,"Dubai, UAE",ENG,,True,Active ,67467.4,2019-04-21,ru
1720,Jessica Haas,Project Manager,NYC,IT,,True,terminated,82314.41,2019-09-02,ru
1721,Brandon Smith,HR Analyst,moscow,PM,,True,TERMINATED,48981.35,2023-07-30,ru
1722,Mrs. Bethany Phillips,Hr Analyst,LONDON,ENG,,True,ACTIVE,48852.4,2019-05-10,ru
1723,Joshua Brown,Project Manager,berlin,Finance,,True,Active,113170.56,2022-01-05,tr
1724,Samantha Howard,DATA ANALYST,ISTANBUL,finance,,True,TERMINATED,81217.9,2016-02-19,ru
1725,Sharon Young,ACCOUNTANT,dubai,Fin.,,True,active,60634.54,2019-06-01,tr
1726,Jennifer Flores,Civil Engineer,dubai,Project Management,,True,Active ,73959.35,2024-04-23,en
1727,James Gardner,software engineer,moscow,Information Technology,,True,Active ,102299.65,2019-06-20,en
1728,Karen Lopez,HR ANALYST,BERLIN,PMO,,True,terminated,69787.38,2018-11-11,ru
1729,Tim Larsen,Software Engineer,istanbul,IT,,True,terminated,118342.86,2022-06-28,en
1730,Zachary Santiago,Accountant,Istambul,PM,,True,Active ,70167.05,2018-09-08,en
1731,Benjamin Smith,software engineer,Berlin,Human Resources,,True,ACTIVE,102129.25,2021-09-30,ru
1732,Katelyn Kim,HR Analyst,Dubai,human resources,,True,Terminated,67941.05,2022-09-09,ru
1733,Angela May MD,ACCOUNTANT,Berlin,Finance,,True,terminated,78650.4,2015-10-30,ru
1734,Richard Munoz,CIVIL ENGINEER,Berlin,H.R.,,False,active,67462.02,2016-09-08,tr
1735,Christopher Hicks,software engineer,Berlin ,Project Management,,True,active,74384.66,2023-05-01,ru
1736,Joanna Kelly,Civil Engineer,NEW YORK,finance,,False,terminated,57455.34,2024-05-22,tr
1737,Larry Lane,civil engineer,Moskva,Information Technology,,False,Terminated,83075.6,2016-07-07,tr
1738,Cynthia Shaw,HR ANALYST,Moskva ,Finance,,True,TERMINATED,49039.3,2018-03-31,en
1739,Joshua Richardson,DATA ANALYST,Moskva,Information Technology,,True,terminated,87686.03,2019-11-22,ru
1740,Laura Bush,Project Manager,BERLIN,PMO,,True,active,109430.9,2021-11-22,en
1741,John Vaughn,project manager,"Dubai, UAE",İnsan Kaynakları,,False,Active,84197.94,2018-10-06,en
1742,Nicholas Terrell,Data Analyst,New York,PMO,,True,terminated,63864.48,2023-07-01,tr
1743,Dr. Julie Miller,HR ANALYST,LONDON,Human Resources,,True,Terminated,46625.11,2021-11-18,ru
1744,Ann Kennedy,Accountant,BERLIN,PMO,,False,active,53179.01,2020-01-24,ru
1745,Toni Miller,PROJECT MANAGER,"Dubai, UAE",ENG,,True,terminated,79211.57,2019-07-14,en
1746,Rebecca Edwards,CIVIL ENGINEER,DUBAI,PM,,True,terminated,81533.47,2018-01-29,en
1747,Greg Osborne,HR ANALYST,,PMO,,True,Active ,47565.19,2022-07-16,ru
1748,Jose Harrison,civil Engineer,MOSCOW,engineering,,True,terminated,83804.6,2016-07-27,en
1749,Jennifer Yu,HR Analyst,Istanbul ,engineering,,True,terminated,56776.06,2021-10-18,tr
1750,Donna Johnson,project manager,BERLIN,Human Resources,,True,ACTIVE,110126.69,2016-04-17,en
1751,Nicole Acosta,Project Manager,New York,finance,,True,Active,96530.63,2019-11-24,ru
1752,Amy Kennedy,various,moscow,Project Management,,False,active,66213.48,2018-03-24,tr
1753,Anthony Mooney,Accountant,new york,Finance,,True,active,57879.11,2023-03-21,tr
1754,Lori Mitchell,Civil Engineer,Istanbul ,human resources,,True,Active ,68774.11,2015-04-13,tr
1755,Jonathan York,Data Analyst,Istambul,IT,,True,Active,76719.78,2017-09-08,tr
1756,Casey Campbell,Accountant,London,FIN,,True,Terminated,67770.69,2018-02-13,en
1757,Alexis Rodriguez,ACCOUNTANT,Berlin,misc,,True,ACTIVE,54596.79,2023-03-01,en
1758,Kevin Hernandez,HR Analyst,LONDON,PMO,,True,Terminated,67342.0,2016-01-17,en
1759,Robert Green,HR ANALYST,London,Finance,,True,active,49861.28,2021-11-15,ru
1760,Kari Lloyd,Software Engineer,NYC,Fin.,,True,terminated,108895.29,2017-05-20,ru
1761,Grace Miller,civil Engineer,Berlin,HR,,False,ACTIVE,68239.76,2018-09-03,tr
1762,Timothy Moore,accountant,NYC,PM,,True,terminated,66892.99,2020-01-27,en
1763,Wyatt Townsend II,Accountant,istanbul,engineering,,True,Terminated,56667.23,2016-07-24,tr
1764,Mark Clark,Civil Engineer,london,HR,,True,Terminated,90269.85,2020-06-11,ru
1765,Haley May,CIVIL ENGINEER,Istanbul ,engineering,,True,Active ,92104.45,2021-08-15,en
1766,Audrey Jackson,software engineer,"London, UK",it,,True,terminated,118261.44,2017-08-02,tr
1767,Eric Reese,Accountant,Istanbul ,HR,,True,Active,62539.61,2022-03-18,en
1768,Kim James,Software eng.,ISTANBUL,it,,False,active,106998.3,2016-02-12,ru
1769,Karen Thomas,DATA ANALYST,istanbul,Fin.,,True,terminated,67896.32,2021-07-01,tr
1770,Alexandra Ho,PROJECT MANAGER,istanbul,HR,,True,Active,74142.19,2023-10-08,tr
1771,Michael Nixon,Project Manager,moscow,Fin.,,True,terminated,109118.57,2017-03-13,tr
1772,Amanda Hardin,Software eng.,Berlin,H.R.,,True,TERMINATED,68796.87,2019-09-09,en
1773,Tina Reynolds,accountant,Istanbul,it,,True,Terminated,62203.38,2016-06-24,en
1774,Shannon Rogers,data Analyst,Moscow,PMO,,True,Active ,71723.82,2017-03-23,tr
1775,Brett Pena,accountant,London,I.T.,,True,Active,69072.77,2017-06-22,ru
1776,Raymond Curry,Accountant,Moscow,finance,,False,active,78168.79,2017-10-03,tr
1777,Leah Lee,HR Analyst,berlin,Engineering,,True,Terminated,61467.64,2016-06-03,ru
1778,Michael White,Data Analyst,BERLIN,H.R.,,True,Terminated,57505.24,2016-07-25,en
1779,Megan Decker,SW Engineer,Moscow,Finance,,True,Active ,76959.29,2024-12-14,ru
1780,Brent Garcia,Project Manager,Moskva,project management,,True,terminated,115479.36,2018-07-10,ru
1781,Daniel Campbell,Accountant,Berlin ,PM,,True,TERMINATED,54940.6,2024-04-24,en
1782,Alexander Davis,project manager,moscow,project management,,False,TERMINATED,98374.13,2016-03-25,en
1783,Mary Houston,TBD,Dubai,project management,,True,terminated,80041.98,2017-06-01,ru
1784,Margaret Erickson,hr analyst,DUBAI,Engineering,,True,Terminated,61418.58,2018-04-13,ru
1785,Scott Anderson,Software eng.,London,unassigned,,False,ACTIVE,98783.91,2022-04-15,tr
1786,Stephanie Knight,Software Engineer,berlin,HR,,True,Active,112523.88,2022-11-20,ru
1787,Stephanie Dominguez,Software eng.,New York,PMO,,True,Active ,105959.11,2024-01-23,tr
1788,John Mayer,Civil Engineer,london,Human Resources,,True,active,88640.46,2020-08-23,ru
1789,Tammy Hill,HR Analyst,Istambul,finance,,True,Terminated,54525.64,2022-10-02,tr
1790,Steven Carrillo,Data Analyst,Berlin ,Project Management,,True,terminated,77404.02,2024-10-30,tr
1791,Christopher Jones,SW Engineer,Istanbul,I.T.,,True,active,74462.14,2021-04-28,en
1792,Janet Cook,CIVIL ENGINEER,New York,Human Resources,,False,Terminated,68799.22,2022-03-15,en
1793,Tyler Baker,Project Manager,Berlin,Engineering,,True,active,83596.96,2018-10-24,en
1794,John Mcfarland,ACCOUNTANT,dubai,finance,,True,ACTIVE,56517.24,2017-03-18,en
1795,Cassandra Vasquez,Accountant,Berlin,misc,,True,Terminated,64611.75,2016-09-25,ru
1796,Randy Robinson,software engineer,Dubai,project management,,False,terminated,98537.2,2019-09-27,en
1797,Susan Baldwin,Software eng.,Moskva ,Information Technology,,True,TERMINATED,98885.56,2024-10-02,en
1798,Benjamin Duncan,accountant,DUBAI,HR,,True,terminated,69308.71,2022-11-30,en
1799,Jeremy Mosley,HR Analyst,BERLIN,ENG,,True,ACTIVE,55004.49,2020-05-28,ru
1800,Martin Fitzpatrick,Accountant,Berlin,HR,,True,Terminated,68142.57,2015-01-27,en
1801,Deborah Graves,Software Engineer,BERLIN,engineering,,True,Terminated,101411.42,2019-02-28,tr
1802,Laura Robertson,HR ANALYST,Dubai,ENG,,False,Terminated,50963.83,2015-02-01,tr
1803,Katherine Graham,data Analyst,Berlin ,Engineering,,True,Active,82767.53,2016-04-19,en
1804,Priscilla Floyd,Hr Analyst,N/A,ENG,,False,terminated,60063.48,2016-08-02,tr
1805,April Finley,DATA ANALYST,new york,ENG,,True,terminated,88750.92,2022-10-04,tr
1806,Karen Bradley,data Analyst,"London, UK",İnsan Kaynakları,,False,Active ,67766.76,2023-08-19,ru
1807,Heather Maldonado,,LONDON,İnsan Kaynakları,,True,TERMINATED,55843.14,2016-09-15,en
1808,Mark Benjamin,Hr Analyst,new york,PM,,False,Active,47206.09,2022-11-21,en
1809,Joseph Woodward,Software Engineer,London,FIN,,True,terminated,86747.37,2018-09-08,en
1810,Joe Miranda,Software Engineer,Dubai,Human Resources,,False,terminated,67125.29,2022-07-04,ru
1811,Cassandra Williams,accountant,LONDON,Information Technology,,True,ACTIVE,65011.81,2017-02-04,en
1812,Connor Dominguez,accountant,NEW YORK,PMO,,True,Terminated,76887.4,2024-07-26,ru
1813,Lydia Howard,hr analyst,dubai,Engineering,,False,TERMINATED,61434.99,2018-06-25,ru
1814,Mark Moss,data Analyst,BERLIN,finance,,False,ACTIVE,83379.54,2015-03-27,tr
1815,Corey Cortez,data Analyst,London,HR,,False,ACTIVE,55843.07,2020-07-22,en
1816,Katherine Brown,HR ANALYST,london,human resources,,True,TERMINATED,54534.74,2015-02-22,en
1817,Elizabeth Ferguson,Civil Engineer,Moscow,İnsan Kaynakları,,True,Active ,84084.74,2015-07-03,en
1818,Joann Forbes,CIVIL ENGINEER,berlin,FIN,,True,active,64204.61,2019-09-05,ru
1819,Anthony French,hr analyst,Moskva,PMO,,True,Active,61859.48,2024-09-13,tr
1820,Bruce Roman,CIVIL ENGINEER,New York City,Fin.,,True,active,89526.57,2017-05-18,tr
1821,Judy Gregory,Software eng.,dubai,İnsan Kaynakları,,True,Active ,83864.03,2023-05-18,ru
1822,Brittany Riley,Software eng.,Istambul,it,,False,TERMINATED,112350.76,2024-09-20,en
1823,Amanda Thomas,HR Analyst,Berlin ,PMO,,True,terminated,58149.12,2022-05-05,ru
1824,Kaitlin Hardin,HR Analyst,dubai,PMO,,True,Active ,56096.33,2022-09-18,en
1825,Michael Anderson,project manager,"London, UK",H.R.,,True,active,99039.01,2016-07-09,ru
1826,Anthony Parker,n/a,NEW YORK,PMO,,True,Terminated,119336.48,2019-02-21,tr
1827,Joy Jackson,CIVIL ENGINEER,Berlin,Finance,,False,Active ,92888.98,2021-05-30,en
1828,Sabrina Rodriguez,project manager,Istanbul ,Fin.,,True,terminated,112075.68,2022-04-22,ru
1829,Robert Walker PhD,Project Manager,Moscow,it,,True,Active ,114449.68,2017-08-12,tr
1830,Robert Hendrix,civil engineer,Moskva,it,,True,Active,55527.71,2020-07-13,ru
1831,Erika Daugherty,DATA ANALYST,Istanbul ,H.R.,,True,Active,84784.37,2021-04-16,en
1832,Brenda Copeland,Software Engineer,london,Human Resources,,True,Active,116057.26,2017-11-29,tr
1833,Pamela Watkins,SW Engineer,Berlin ,finance,,True,ACTIVE,115823.15,2019-05-21,tr
1834,Bryan Thomas,project manager,BERLIN,PMO,,True,TERMINATED,109449.29,2017-06-15,ru
1835,Michael Tran,data Analyst,New York,Fin.,,True,Terminated,72993.97,2023-10-27,ru
1836,Timothy Williams,Data Analyst,berlin,Fin.,,True,Terminated,89252.31,2015-05-01,tr
1837,Ryan Salazar,CIVIL ENGINEER,"London, UK",Fin.,,True,Active,81017.78,2024-04-19,tr
1838,Alexis Tucker,ACCOUNTANT,NYC,Eng.,,False,TERMINATED,50713.38,2019-01-19,tr
1839,Christopher Davis,Software eng.,Moskva ,ENG,,False,active,77809.79,2017-03-14,tr
1840,Stacie Butler,data Analyst,MOSCOW,project management,,True,ACTIVE,82596.41,2017-09-16,tr
1841,Patricia Schwartz,PROJECT MANAGER,Moscow,project management,,True,terminated,103829.2,2018-11-07,en
1842,Mark Mills,project manager,dubai,IT,,True,terminated,76963.46,2022-07-16,tr
1843,Todd Bishop,hr analyst,istanbul,PM,,False,active,61420.51,2019-07-01,ru
1844,Christopher Porter,Accountant,Istambul,finance,,True,terminated,60318.38,2020-12-04,en
1845,Lori Patton,project manager,BERLIN,FIN,,True,TERMINATED,118839.96,2021-07-22,en
1846,Aaron Young,DATA ANALYST,New York,H.R.,,True,Terminated,78949.21,2019-09-08,en
1847,Joseph Davis,Software eng.,london,IT,,True,Active,90042.63,2018-07-24,ru
1848,Philip Fernandez,project manager,New York City,Eng.,,False,Active ,82876.93,2019-05-26,en
1849,Randy Hopkins,Software Engineer,Moskva ,IT,,True,Active ,116356.47,2015-10-30,ru
1850,Cory Hogan,project manager,"Dubai, UAE",HR,,True,TERMINATED,99508.65,2022-11-23,tr
1851,Tracy Wells,HR Analyst,"London, UK",Engineering,,True,terminated,58275.39,2018-11-10,en
1852,Michael Williams,HR ANALYST,DUBAI,Engineering,,True,Active ,46154.95,2017-08-30,en
1853,Dominique Hamilton,Project Manager,ISTANBUL,Eng.,,True,Terminated,100318.93,2015-04-10,tr
1854,Robert Chang,ACCOUNTANT,NYC,Engineering,,True,ACTIVE,76487.97,2015-06-06,tr
1855,Patrick Buckley,software engineer,dubai,Information Technology,,False,ACTIVE,74560.03,2021-10-13,en
1856,Richard Washington,HR Analyst,LONDON,H.R.,,False,Active ,60359.59,2024-03-13,tr
1857,Steven Griffith,accountant,istanbul,İnsan Kaynakları,,True,TERMINATED,73605.39,2020-06-05,en
1858,Erika Gonzalez,software engineer,moscow,Eng.,,True,TERMINATED,120278.77,2024-09-06,en
1859,Erika Maxwell,civil engineer,moscow,FIN,,False,active,80848.08,2021-03-23,tr
1860,Brent Rojas,Civil Engineer,Moskva,FIN,,True,TERMINATED,85449.3,2015-02-04,tr
1861,Jaime Walker,data Analyst,dubai,Fin.,,True,Terminated,73776.43,2020-08-30,en
1862,John Zamora,Software Engineer,Moscow,engineering,,True,active,85382.18,2021-02-12,ru
1863,Timothy Gibson,HR Analyst,istanbul,Human Resources,,True,terminated,64273.71,2023-06-09,tr
1864,Chad Cortez,software engineer,London,project management,,True,active,110591.89,2020-03-23,tr
1865,Vanessa Harris,Software Engineer,BERLIN,PMO,,False,active,73411.1,2020-04-25,en
1866,Michael Brown,PROJECT MANAGER,London,project management,,True,terminated,103564.59,2020-02-23,en
1867,Samuel Ellis,accountant,BERLIN,Human Resources,,True,TERMINATED,57786.25,2019-06-08,ru
1868,Greg Tanner,Hr Analyst,New York City,İnsan Kaynakları,,False,Terminated,55979.77,2022-07-30,tr
1869,Rachel Little,HR ANALYST,Berlin ,Eng.,,False,terminated,55043.13,2017-06-15,en
1870,Carolyn Cordova,software engineer,NYC,project management,,True,Active ,118505.68,2022-05-08,tr
1871,Angelica Vincent,Project Manager,New York City,HR,,True,terminated,80239.68,2015-10-21,ru
1872,Zachary Vargas PhD,data analyst,London,finance,,True,terminated,62936.75,2017-04-28,ru
1873,Nicholas Fitzgerald,SW Engineer,New York City,,,True,TERMINATED,90187.45,2021-03-07,tr
1874,Garrett Riley,accountant,Istanbul,HR,,True,TERMINATED,69220.89,2023-08-02,ru
1875,Leslie Hernandez,Data Analyst,berlin,Engineering,,True,terminated,75940.85,2019-03-25,tr
1876,Abigail Baird,civil Engineer,dubai,IT,,True,Active,66230.63,2016-04-12,ru
1877,John Mack,PROJECT MANAGER,"Dubai, UAE",H.R.,,True,TERMINATED,109502.93,2020-05-08,ru
1878,Joseph Mendoza,project manager,Berlin ,IT,,True,active,75518.94,2019-09-07,ru
1879,Samantha Chavez,civil Engineer,Berlin,IT,,True,Active ,87031.55,2024-08-29,en
1880,Justin Smith,Hr Analyst,MOSCOW,Engineering,,True,Terminated,49450.21,2018-06-03,tr
1881,Tiffany Anderson,Civil Engineer,london,Project Management,,True,Active ,92910.38,2024-03-26,en
1882,Matthew Davis,project manager,London,PMO,,True,active,110123.79,2024-05-23,en
1883,Eric Warner,PROJECT MANAGER,MOSCOW,I.T.,,True,active,100102.56,2019-01-03,tr
1884,Nicole Johnson,accountant,NYC,I.T.,,True,TERMINATED,79030.58,2021-02-23,en
1885,Raymond Sawyer,ACCOUNTANT,Istambul,finance,,True,Active,73315.87,2015-10-13,tr
1886,Richard Wood,DATA ANALYST,dubai,Finance,,True,Terminated,86661.13,2017-02-08,ru
1887,Mark Dalton,HR ANALYST,Moscow,Information Technology,,False,Terminated,50197.73,2018-07-09,ru
1888,Steven Cook,civil Engineer,Istanbul,it,,True,TERMINATED,68507.0,2022-10-20,tr
1889,Jeffery Nelson,HR ANALYST,NYC,Information Technology,,True,Active,56522.56,2023-07-12,en
1890,Kimberly Norton,Civil Engineer,unknown,IT,,True,Active ,72151.69,2022-12-04,ru
1891,Angela Gilmore,Data Analyst,Moskva,finance,,False,ACTIVE,76585.53,2024-01-29,en
1892,Amy Dougherty,SW Engineer,london,engineering,,False,terminated,100378.08,2018-04-29,tr
1893,Stacy Rodriguez,DATA ANALYST,new york,human resources,,False,ACTIVE,76032.3,2016-01-08,en
1894,Manuel Diaz,SW Engineer,"Dubai, UAE",HR,,False,ACTIVE,97174.53,2017-02-27,ru
1895,Justin Jones,Project Manager,moscow,finance,,True,active,111232.59,2023-09-30,en
1896,Christine Zavala,PROJECT MANAGER,Moskva,Fin.,,True,terminated,99681.62,2020-05-21,ru
1897,Brian Mendoza,accountant,"Dubai, UAE",PMO,,True,ACTIVE,66117.78,2022-01-04,tr
1898,Lauren Haley,HR ANALYST,Istanbul ,İnsan Kaynakları,,True,ACTIVE,66466.54,2020-09-29,tr
1899,Patrick Perez,HR ANALYST,ISTANBUL,project management,,True,Active,56816.0,2019-11-22,tr
1900,Derek Frazier,Project Manager,New York,Information Technology,,True,ACTIVE,98101.0,2018-09-12,ru
1901,Arthur Reed,project manager,MOSCOW,finance,,True,terminated,112628.24,2019-03-09,tr
1902,Mr. Bryan Mckinney,Accountant,New York City,human resources,,True,Terminated,59681.48,2015-07-03,ru
1903,Kim Carter,civil engineer,London,it,,False,Terminated,75346.35,2023-04-18,tr
1904,Rebecca Dougherty,Software eng.,Berlin ,PMO,,False,Terminated,110551.75,2024-10-12,ru
1905,Teresa Jones,Accountant,Berlin,HR,,False,active,72761.53,2023-01-11,ru
1906,Judith Miller,Project Manager,moscow,PMO,,True,TERMINATED,102630.96,2015-03-23,tr
1907,Donna Frye,PROJECT MANAGER,MOSCOW,PM,,True,Active,80374.36,2019-11-17,tr
1908,Donald Terry,project manager,BERLIN,HR,,True,Terminated,105370.47,2015-07-06,en
1909,Shaun Meyer DDS,civil Engineer,DUBAI,Eng.,,True,ACTIVE,59974.87,2024-09-01,tr
1910,Wayne Weaver,Software Engineer,Istanbul ,Fin.,,True,Terminated,116323.06,2022-04-03,ru
1911,Gregory Wallace,data Analyst,berlin,Project Management,,True,ACTIVE,62725.71,2024-07-14,en
1912,Dorothy Brown,Civil Engineer,"London, UK",I.T.,,True,ACTIVE,75148.6,2020-06-28,ru
1913,Crystal Meza,Civil Engineer,NEW YORK,PMO,,True,Terminated,57064.22,2022-08-17,ru
1914,Jennifer Cooper,ACCOUNTANT,Istanbul ,Fin.,,True,TERMINATED,57338.15,2017-03-14,en
1915,Erin Watkins,software engineer,New York City,Project Management,,True,terminated,122584.07,2024-12-08,ru
1916,Sarah Wallace,Hr Analyst,Istambul,Eng.,,True,TERMINATED,46028.5,2021-10-15,ru
1917,Carlos Clarke,Accountant,LONDON,PM,,True,TERMINATED,58557.79,2024-07-07,en
1918,David Washington,TBD,unknown,Finance,,True,Terminated,56882.99,2018-12-23,en
1919,Patricia Williams,HR ANALYST,NEW YORK,PM,,True,active,56779.61,2021-08-06,en
1920,Jesus Jackson,data analyst,Moscow,I.T.,,True,Terminated,80409.04,2018-11-07,en
1921,Michelle Mitchell,HR ANALYST,BERLIN,PM,,True,Active,48253.34,2022-07-11,en
1922,Sara Schwartz,ACCOUNTANT,moscow,Project Management,,False,active,57365.45,2024-03-31,ru
1923,Brittany Young,project manager,Moscow,Information Technology,,True,active,85914.08,2018-02-07,ru
1924,Eugene Martinez,Software eng.,London,,,True,terminated,114667.46,2023-03-22,tr
1925,Cody Hart,data analyst,"London, UK",misc,,False,TERMINATED,69144.06,2018-02-05,tr
1926,Evan Cooper,Data Analyst,???,Engineering,,True,Active ,65002.04,2021-12-27,tr
1927,Joshua Martin,TBD,london,Engineering,,True,terminated,74411.97,2024-09-23,en
1928,Thomas Sullivan,Project Manager,Istanbul ,IT,,True,terminated,84961.61,2021-10-16,ru
1929,Mr. Jimmy Flores Jr.,Data Analyst,New York,human resources,,True,TERMINATED,67507.21,2023-06-19,ru
1930,Vanessa Rivera,project manager,LONDON,???,,True,active,115933.66,2020-10-06,ru
1931,Kara Roberts,accountant,ISTANBUL,PM,,True,terminated,78069.95,2016-05-02,ru
1932,Veronica Berry,ACCOUNTANT,BERLIN,Finance,,True,TERMINATED,73809.59,2019-03-17,ru
1933,Keith Meadows,SW Engineer,NEW YORK,H.R.,,True,Active,126260.16,2021-05-31,en
1934,Michael Dennis,accountant,Berlin,human resources,,True,Terminated,53814.06,2016-10-05,en
1935,Brenda Pierce,Data Analyst,DUBAI,Information Technology,,True,active,73025.36,2015-12-23,ru
1936,James Randall,hr analyst,"Dubai, UAE",human resources,,True,TERMINATED,49894.43,2017-02-16,en
1937,Brandon Brown,software engineer,NYC,H.R.,,True,active,122719.96,2023-08-12,ru
1938,Lauren Walker,HR ANALYST,New York City,PMO,,False,Terminated,58959.04,2019-07-24,tr
1939,Diana Johnson,civil Engineer,BERLIN,finance,,False,TERMINATED,79724.95,2016-03-04,tr
1940,Jill Powers,civil engineer,"Dubai, UAE",Project Management,,True,Active,60359.9,2024-03-30,tr
1941,Jorge Lee,PROJECT MANAGER,istanbul,H.R.,,True,terminated,89051.44,2015-05-05,tr
1942,Larry Harding,data analyst,ISTANBUL,Project Management,,True,ACTIVE,59870.33,2022-02-08,ru
1943,Heather Hernandez,Civil Engineer,london,Eng.,,False,Active,93406.52,2018-10-23,tr
1944,Jaclyn Watson,Accountant,london,finance,,True,Active,52651.17,2018-09-18,tr
1945,Gregory Madden,civil Engineer,Berlin,???,,True,ACTIVE,61940.1,2024-07-02,ru
1946,Anita Luna,DATA ANALYST,LONDON,PMO,,True,active,57920.11,2019-11-20,ru
1947,Willie Lara,civil Engineer,DUBAI,Engineering,,True,TERMINATED,72256.61,2020-09-14,tr
1948,Robert Waller,Data Analyst,"London, UK",Fin.,,True,Active,88564.36,2024-06-16,tr
1949,Steven Taylor,Accountant,Moscow,human resources,,True,ACTIVE,67673.65,2023-06-15,tr
1950,Angelica Clark,HR ANALYST,Berlin,Engineering,,True,ACTIVE,58026.38,2021-04-13,en
1951,Sean Hatfield,ACCOUNTANT,DUBAI,Finance,,True,ACTIVE,66900.73,2016-06-08,tr
1952,Tyler Avila,data Analyst,Istanbul ,Finance,,True,terminated,83702.57,2019-06-02,ru
1953,Jason Rocha,data Analyst,Moskva ,Fin.,,True,Terminated,60223.74,2022-06-06,tr
1954,Justin Page,data analyst,dubai,engineering,,True,Active,68073.08,2019-10-16,tr
1955,Breanna Lopez,Software eng.,DUBAI,PMO,,True,Active ,117111.16,2021-06-11,ru
1956,Julian Williams,Civil Engineer,Berlin ,finance,,True,TERMINATED,92505.13,2018-09-12,tr
1957,Sandra Torres,PROJECT MANAGER,dubai,Information Technology,,False,Terminated,104291.56,2022-09-02,en
1958,Julie Johnson,data analyst,"London, UK",Finance,,True,Terminated,62840.69,2023-08-10,ru
1959,Dennis Blanchard,Accountant,"Dubai, UAE",Finance,,True,TERMINATED,57127.49,2017-04-26,ru
1960,Kaitlyn Valdez,Software Engineer,dubai,Human Resources,,True,active,86273.27,2018-02-24,en
1961,Jennifer Vasquez,PROJECT MANAGER,Istanbul ,finance,,True,Active ,97664.86,2022-05-06,tr
1962,Danielle Wilson,project manager,Moscow,IT,,True,Active,97677.44,2019-12-02,tr
1963,Zachary Jones,Software eng.,ISTANBUL,Information Technology,,True,ACTIVE,82716.77,2019-05-29,en
1964,Lauren Cunningham,data Analyst,Berlin ,PM,,False,Active ,77019.42,2023-11-24,ru
1965,Lori Alvarez,Data Analyst,Berlin,İnsan Kaynakları,,True,Terminated,76928.81,2015-06-24,en
1966,Barbara Hunt,accountant,moscow,finance,,True,Active ,76242.56,2017-01-17,ru
1967,Sarah Martin,Software eng.,new york,,,True,Terminated,65164.3,2024-04-23,ru
1968,Francisco Johns,ACCOUNTANT,Moskva ,IT,,True,Active ,61109.76,2016-01-29,ru
1969,Christopher Nelson,data analyst,berlin,finance,,True,Terminated,61224.51,2022-03-23,ru
1970,Thomas Kelly,Software eng.,N/A,Fin.,,True,Terminated,102852.68,2021-11-14,ru
1971,Joseph Mayer,Software eng.,dubai,finance,,True,terminated,91684.27,2024-04-22,tr
1972,Pamela White,Software Engineer,NEW YORK,H.R.,,True,terminated,88396.23,2015-07-15,en
1973,Paul Stephens,Software Engineer,moscow,Fin.,,True,TERMINATED,80625.48,2021-01-06,ru
1974,Samantha Cohen,SW Engineer,istanbul,FIN,,False,Terminated,87269.57,2016-01-26,ru
1975,Michael Barker,HR ANALYST,BERLIN,???,,True,Active,58410.17,2020-06-13,tr
1976,Kevin Morrow,accountant,BERLIN,PM,,False,Terminated,73622.44,2022-03-07,en
1977,Joseph Watson,HR ANALYST,Istambul,engineering,,True,terminated,56625.35,2019-12-27,tr
1978,Mr. Thomas Garcia,data Analyst,Dubai,Fin.,,False,ACTIVE,67225.48,2022-12-29,en
1979,Daniel Lopez,civil engineer,LONDON,Fin.,,True,terminated,87985.83,2022-08-08,en
1980,Lisa Guerra,data analyst,Dubai,H.R.,,True,Terminated,77617.2,2021-09-12,en
1981,Kim Arnold,Software Engineer,BERLIN,Finance,,True,ACTIVE,115738.58,2019-10-04,ru
1982,Ashley Stevens,Software eng.,london,finance,,True,ACTIVE,116712.94,2015-08-25,ru
1983,Robert Mclean,project manager,istanbul,it,,True,Active,111013.64,2017-02-15,en
1984,Eric Cox,SW Engineer,Berlin ,finance,,True,Active ,108704.19,2021-05-14,ru
1985,Stacy Harper,hr analyst,London,Finance,,True,Active ,50708.18,2021-04-15,en
1986,Gloria Mckinney,project manager,London,it,,True,terminated,93543.78,2015-10-07,en
1987,Robert Walker,Civil Engineer,Berlin ,Project Management,,True,Active,61649.88,2016-10-13,ru
1988,Brenda Perez,Data Analyst,Moscow,Information Technology,,True,TERMINATED,68801.01,2022-01-21,tr
1989,Carlos Miller,HR ANALYST,New York City,finance,,True,Terminated,46910.27,2022-06-19,tr
1990,Rachel Jones,Software Engineer,New York,Eng.,,False,ACTIVE,78395.04,2021-08-26,en
1991,Nicole Williams,CIVIL ENGINEER,"London, UK",I.T.,,True,terminated,81830.43,2020-11-09,en
1992,Ricky Palmer,misc,istanbul,FIN,,True,Active,76668.11,2024-11-07,ru
1993,Bryan King,data analyst,New York City,Project Management,,True,TERMINATED,70242.17,2016-08-14,tr
1994,Michael Webster,Software eng.,BERLIN,H.R.,,True,Active ,71097.59,2020-10-15,ru
1995,Tamara Harris,Accountant,Berlin,Finance,,True,active,74813.31,2023-12-04,ru
1996,Cathy Bell,project manager,NEW YORK,PMO,,False,Active ,105896.2,2019-05-04,ru
1997,Ryan Mcmahon,data analyst,Berlin,Information Technology,,False,ACTIVE,83502.28,2022-08-28,en
1998,Hannah Martin,ACCOUNTANT,Moskva ,???,,True,Active,66344.88,2016-12-18,en
1999,Monica Allen,Hr Analyst,unknown,İnsan Kaynakları,,True,ACTIVE,55038.23,2023-06-27,en
2000,Annette Lane,accountant,Berlin ,FIN,,True,Active,79809.64,2017-02-25,tr
2001,Daniel Lee,Project Manager,Berlin,H.R.,,True,ACTIVE,94000.9,2023-08-27,tr
2002,Steven Medina,hr analyst,DUBAI,Human Resources,,True,terminated,64128.93,2021-05-29,ru
2003,Annette Lewis,ACCOUNTANT,NEW YORK,Information Technology,,True,Active,72751.01,2015-11-30,ru
2004,Michelle Richardson,Project Manager,Dubai,Engineering,,True,terminated,85173.24,2015-01-20,ru
2005,Jessica Rosario,DATA ANALYST,MOSCOW,finance,,True,Active,74551.54,2019-07-12,ru
2006,Henry Gray,SW Engineer,"London, UK",Human Resources,,True,ACTIVE,127020.97,2020-02-07,tr
2007,Darren Rodriguez,hr analyst,dubai,H.R.,,True,Active,59503.6,2018-09-27,ru
2008,Mrs. Ashley Taylor,PROJECT MANAGER,NYC,Human Resources,,True,TERMINATED,99332.43,2017-06-08,en
2009,Michele Hawkins,CIVIL ENGINEER,Berlin,Fin.,,True,terminated,73200.57,2024-03-03,tr
2010,Garrett Wilson,civil engineer,DUBAI,PMO,,True,active,94729.18,2018-04-02,tr
2011,Kyle Collins,Software Engineer,DUBAI,PM,,True,terminated,109403.03,2022-08-18,en
2012,Jill Spencer,Accountant,,İnsan Kaynakları,,True,TERMINATED,72249.29,2021-09-13,en
2013,Scott Lopez,accountant,"Dubai, UAE",human resources,,True,TERMINATED,68743.87,2019-12-04,tr
2014,Ryan Alvarez,ACCOUNTANT,New York City,human resources,,True,terminated,64910.07,2019-12-24,en
2015,Cassie Lutz,HR ANALYST,Dubai,H.R.,,True,Active,55486.07,2022-04-29,en
2016,Brian Kim DDS,HR Analyst,new york,,,True,Active,59734.67,2024-02-18,tr
2017,Charles Morales,Data Analyst,MOSCOW,I.T.,,True,Active ,77902.8,2018-08-16,en
2018,Ashley Schaefer,Accountant,BERLIN,human resources,,True,Active ,51456.8,2020-12-15,tr
2019,Amy Hester,project manager,NYC,unassigned,,True,active,101587.56,2019-01-23,ru
2020,Kurt Ewing,project manager,new york,,,True,Terminated,85134.17,2021-03-05,tr
2021,Ryan Hardy,Civil Engineer,"Dubai, UAE",Information Technology,,True,Active,93038.21,2020-05-22,en
2022,Micheal Perkins,Software Engineer,Moskva ,Fin.,,True,Active ,115487.85,2024-04-07,tr
2023,Richard Schneider,Accountant,moscow,ENG,,True,terminated,53393.01,2016-04-15,ru
2024,John Morrison,ACCOUNTANT,Moskva,engineering,,False,Active ,59725.44,2018-10-18,tr
2025,John Ramirez,Data Analyst,Moskva,human resources,,True,active,72118.44,2018-02-02,tr
2026,Ashley King,Project Manager,london,Human Resources,,True,terminated,85976.9,2019-07-20,tr
2027,Mark Taylor Jr.,hr analyst,"Dubai, UAE",FIN,,False,Active ,58363.84,2024-01-11,en
2028,Barry Gregory,Accountant,Istanbul,I.T.,,True,Active,56485.02,2023-12-03,en
2029,Janet Shelton,HR Analyst,NYC,project management,,False,Terminated,63538.17,2022-02-10,ru
2030,Marco Davis,data analyst,Moscow,Finance,,True,Terminated,84645.82,2018-12-06,en
2031,Paul Saunders,accountant,berlin,???,,True,terminated,71150.96,2021-06-14,tr
2032,Christina Bates,accountant,Istambul,I.T.,,True,ACTIVE,78137.26,2015-11-13,ru
2033,Dennis Cooper PhD,PROJECT MANAGER,Istanbul ,Project Management,,True,active,93332.28,2016-03-29,ru
2034,Tiffany Johnson,Hr Analyst,ISTANBUL,Information Technology,,False,Active ,60032.25,2016-12-29,ru
2035,Thomas Reyes,data Analyst,"Dubai, UAE",project management,,True,Terminated,81302.37,2024-11-27,ru
2036,James Stevens,Hr Analyst,NEW YORK,PMO,,False,Terminated,67600.09,2020-10-24,tr
2037,Justin Dalton,HR ANALYST,Dubai,Engineering,,False,ACTIVE,56772.51,2023-02-01,en
2038,Michael Henry,civil Engineer,BERLIN,İnsan Kaynakları,,True,Terminated,71607.99,2023-09-27,tr
2039,Mike Freeman,accountant,istanbul,FIN,,True,Active,67987.86,2018-01-04,tr
2040,Michael Keller,Software Engineer,Moscow,finance,,True,active,76982.53,2020-07-05,ru
2041,Laura Alvarez,Accountant,London,Human Resources,,True,Active,59898.77,2018-06-08,en
2042,Katie Myers,DATA ANALYST,Istanbul ,it,,True,TERMINATED,79273.88,2018-12-16,en
2043,Wesley Jensen MD,Software Engineer,Berlin,engineering,,True,Terminated,80358.04,2021-10-14,tr
2044,Erica Johnson,SW Engineer,Moskva ,Human Resources,,False,Terminated,119646.22,2017-10-18,tr
2045,Russell Bailey,data analyst,DUBAI,FIN,,True,terminated,59372.93,2023-05-30,en
2046,Alyssa Vance,PROJECT MANAGER,"Dubai, UAE",PM,,True,Active,81559.88,2024-07-28,en
2047,Brent Reed,Accountant,dubai,finance,,True,ACTIVE,57443.6,2017-10-05,en
2048,Gregory Stanley,HR Analyst,london,FIN,,True,Active,55577.51,2020-05-02,ru
2049,Matthew Watkins,Hr Analyst,Moskva ,I.T.,,True,active,53671.02,2017-10-15,en
2050,Ana Torres,data analyst,New York,H.R.,,True,Terminated,85071.98,2022-02-10,tr
2051,Alejandro Nguyen,DATA ANALYST,moscow,engineering,,True,Terminated,57754.37,2015-12-25,en
2052,Scott Bradley,software engineer,new york,IT,,True,Active,112629.4,2023-05-02,en
2053,Deborah Dominguez,civil Engineer,DUBAI,I.T.,,True,ACTIVE,89332.86,2019-05-26,ru
2054,Victoria Gray,Project Manager,istanbul,it,,True,active,91529.16,2022-07-12,tr
2055,Kenneth Stokes,project manager,BERLIN,project management,,True,active,116977.39,2021-10-22,tr
2056,Michael Rogers,data Analyst,"Dubai, UAE",I.T.,,True,Terminated,65712.52,2020-08-31,en
2057,Pamela Morgan,CIVIL ENGINEER,Dubai,Human Resources,,False,TERMINATED,57002.21,2020-11-18,tr
2058,Heidi Graham,CIVIL ENGINEER,Berlin,it,,False,TERMINATED,92530.83,2020-04-21,tr
2059,Ryan Cobb PhD,DATA ANALYST,TBD,İnsan Kaynakları,,False,TERMINATED,67268.11,2023-07-05,tr
2060,Donna Williams,,berlin,PMO,,True,Active ,62863.39,2022-07-02,ru
2061,Jennifer Perez PhD,HR ANALYST,london,unassigned,,False,Terminated,57894.13,2015-07-23,ru
2062,Ryan Davis,CIVIL ENGINEER,Berlin ,I.T.,,True,Terminated,63176.78,2017-12-15,tr
2063,Austin Solis,SW Engineer,MOSCOW,PMO,,True,ACTIVE,123059.0,2018-12-09,tr
2064,Daniel Flynn,project manager,BERLIN,misc,,True,active,102791.06,2016-07-05,ru
2065,Elizabeth Brock,HR Analyst,unknown,PM,,True,TERMINATED,64865.05,2021-04-01,ru
2066,Joshua Gonzalez,CIVIL ENGINEER,Moskva ,Eng.,,True,TERMINATED,61147.96,2016-07-21,ru
2067,Mario Chavez,data analyst,NYC,Finance,,True,Terminated,56097.27,2021-07-28,tr
2068,Catherine Smith,various,Istanbul ,PMO,,False,Active ,68212.73,2017-06-19,tr
2069,Shari Ray,CIVIL ENGINEER,Moscow,İnsan Kaynakları,,True,ACTIVE,67288.54,2023-01-03,ru
2070,Victor Harmon,Project Manager,MOSCOW,Information Technology,,True,Terminated,100959.86,2023-12-15,ru
2071,Timothy Patel,SW Engineer,unknown,finance,,False,terminated,73280.66,2019-03-05,ru
2072,Patricia Hamilton,HR ANALYST,"Dubai, UAE",Project Management,,True,ACTIVE,63414.47,2022-01-20,en
2073,Lori Boyd,Software eng.,Berlin,Finance,,True,terminated,117067.48,2020-11-29,tr
2074,Charles Hernandez,ACCOUNTANT,NYC,Project Management,,True,terminated,59791.55,2024-02-02,ru
2075,Elizabeth Graham,HR Analyst,NYC,Engineering,,True,TERMINATED,51276.55,2017-09-27,ru
2076,Ronald Brown,n/a,Istambul,HR,,True,active,113574.38,2019-04-09,tr
2077,Jason Colon,accountant,Berlin,Finance,,True,terminated,50735.22,2020-08-15,tr
2078,Dawn Burke,accountant,Dubai,İnsan Kaynakları,,True,Terminated,70296.24,2021-04-13,tr
2079,Brian Lee,Civil Engineer,dubai,Finance,,True,terminated,62920.17,2024-08-02,tr
2080,Ronald Marshall,project manager,Dubai,Finance,,True,Active,75792.21,2020-01-19,en
2081,Jessica Lucas,ACCOUNTANT,BERLIN,Project Management,,True,terminated,77082.05,2020-02-23,tr
2082,Christopher Taylor,CIVIL ENGINEER,Istanbul,human resources,,True,Terminated,73952.05,2020-04-18,tr
2083,Robert Hopkins,Civil Engineer,New York,PM,,True,Active ,79729.48,2015-01-16,tr
2084,Samuel Stuart,Data Analyst,istanbul,IT,,True,TERMINATED,76520.47,2018-05-15,en
2085,Mr. Scott Miller,Hr Analyst,MOSCOW,human resources,,True,Terminated,46634.19,2019-06-13,en
2086,Sharon Lester,ACCOUNTANT,Moscow,Human Resources,,True,TERMINATED,62210.11,2019-05-11,ru
2087,Jack Sandoval,PROJECT MANAGER,Moscow,Fin.,,True,Terminated,113840.7,2020-10-26,tr
2088,Tony Ramsey,software engineer,NEW YORK,Finance,,True,Active ,66647.96,2015-01-17,en
2089,Brian Navarro,,"London, UK",Eng.,,True,TERMINATED,80099.45,2024-12-03,en
2090,Kelly Calderon,civil engineer,London,Information Technology,,False,TERMINATED,91876.55,2024-02-01,ru
2091,Tara King,project manager,NEW YORK,PMO,,True,Active,95949.14,2018-11-03,ru
2092,Cynthia Martinez,software engineer,istanbul,IT,,True,Active,123946.65,2022-10-16,tr
2093,Erin Silva,project manager,berlin,PMO,,False,TERMINATED,106984.96,2020-02-05,en
2094,Paul Young,PROJECT MANAGER,BERLIN,project management,,True,TERMINATED,116454.72,2018-11-30,tr
2095,Charles Thompson,Software eng.,LONDON,engineering,,False,TERMINATED,110584.2,2017-04-02,en
2096,Jessica King,software engineer,"London, UK",Project Management,,True,Terminated,71582.43,2016-05-28,en
2097,Katherine Brooks,project manager,Dubai,project management,,True,TERMINATED,97864.61,2019-05-30,ru
2098,Emily Coleman,n/a,london,Information Technology,,True,TERMINATED,80835.53,2017-08-30,ru
2099,Tracey Suarez,data Analyst,dubai,Project Management,,True,TERMINATED,60282.04,2015-08-13,ru
2100,Heidi Baldwin,civil engineer,Moskva ,Eng.,,True,active,86850.89,2024-03-04,ru
2101,Alisha Rasmussen,Accountant,London,Project Management,,True,ACTIVE,79038.29,2015-12-26,en
2102,Sarah Bates,Data Analyst,Moscow,it,,True,TERMINATED,84127.28,2024-12-23,tr
2103,Melissa Mccormick,HR Analyst,Berlin ,project management,,True,active,51559.98,2020-03-24,tr
2104,Juan Parker,data Analyst,Istambul,FIN,,False,Active,57513.76,2015-03-27,ru
2105,Heidi Burnett,project manager,Istanbul,unassigned,,False,Terminated,101484.66,2019-08-21,ru
2106,Sean Mathews,Software Engineer,MOSCOW,unassigned,,True,TERMINATED,69297.64,2016-08-26,en
2107,Theodore Long,Data Analyst,Berlin,it,,True,terminated,73678.11,2020-02-04,en
2108,Dawn Davis,SW Engineer,Istambul,it,,True,terminated,85346.39,2018-05-19,tr
2109,Cynthia Clark,data Analyst,BERLIN,Eng.,,False,active,82410.38,2021-10-14,tr
2110,Sydney Welch,software engineer,Berlin,Fin.,,True,Terminated,103599.09,2019-05-11,tr
2111,Pamela Sullivan,accountant,???,Information Technology,,True,ACTIVE,70642.86,2020-03-31,en
2112,Sean Morrow,software engineer,MOSCOW,Eng.,,True,Active,98066.8,2018-08-01,ru
2113,Kaitlin Gutierrez,data Analyst,"Dubai, UAE",project management,,True,ACTIVE,84845.02,2022-03-20,en
2114,Michelle Mcdowell,,New York City,Finance,,True,TERMINATED,70660.54,2018-12-25,ru
2115,Samantha Hale,misc,"Dubai, UAE",Project Management,,True,TERMINATED,89006.49,2019-01-20,ru
2116,Heather Guzman,accountant,Istanbul,it,,True,TERMINATED,65338.29,2023-12-19,en
2117,Nancy Chavez,Civil Engineer,MOSCOW,it,,True,terminated,94263.59,2017-01-23,en
2118,Anthony May,Accountant,london,Human Resources,,False,ACTIVE,64098.81,2016-10-18,ru
2119,Rachel Taylor,various,Berlin ,Eng.,,True,ACTIVE,74568.72,2015-05-13,tr
2120,Mark Edwards,Data Analyst,Moskva ,,,True,Active ,62279.69,2016-07-05,en
2121,Christopher Black,Data Analyst,ISTANBUL,human resources,,True,Active,78898.1,2020-02-15,ru
2122,Sandra Hines,accountant,Istanbul ,H.R.,,True,active,71283.93,2019-10-13,tr
2123,Melissa Sparks,misc,"London, UK",Finance,,True,ACTIVE,67747.04,2017-12-16,tr
2124,John Moss,Project Manager,London,İnsan Kaynakları,,False,TERMINATED,86459.89,2021-07-04,ru
2125,Michael Serrano,accountant,dubai,IT,,False,terminated,50182.14,2019-07-29,tr
2126,Christina Perry,CIVIL ENGINEER,Berlin ,human resources,,True,ACTIVE,82925.24,2021-03-13,en
2127,Shawn Duffy,Software eng.,NEW YORK,it,,True,terminated,82615.86,2020-07-28,ru
2128,Courtney Vaughan,civil engineer,ISTANBUL,ENG,,True,active,86051.74,2024-05-12,en
2129,Maria Sims,software engineer,"London, UK",???,,True,active,82963.42,2023-12-31,tr
2130,Valerie Gonzalez,civil Engineer,Berlin,Information Technology,,True,ACTIVE,60249.85,2022-11-17,ru
2131,Caroline Morales,CIVIL ENGINEER,DUBAI,finance,,True,TERMINATED,67847.01,2016-03-14,tr
2132,David Davis,CIVIL ENGINEER,Istambul,it,,True,Terminated,60711.84,2016-03-02,en
2133,Travis Wilson,ACCOUNTANT,London,I.T.,,True,terminated,53270.89,2016-04-21,en
2134,Jessica Mora,civil engineer,Istambul,Information Technology,,True,ACTIVE,82230.35,2024-12-16,tr
2135,Michael Wilson,Project Manager,berlin,H.R.,,True,active,106526.13,2024-11-29,tr
2136,Cheryl Atkins,data Analyst,Istambul,HR,,True,Active,78686.56,2024-11-23,en
2137,Donna Snyder,ACCOUNTANT,BERLIN,Information Technology,,True,ACTIVE,79074.63,2021-05-17,en
2138,Scott Greene,SW Engineer,Dubai,project management,,True,Terminated,109459.42,2018-02-09,en
2139,Diane Byrd MD,data Analyst,MOSCOW,project management,,True,Active ,87418.82,2024-04-24,ru
2140,Charles Roberts,DATA ANALYST,Berlin,Project Management,,True,ACTIVE,87186.11,2022-01-10,tr
2141,Luke Solomon,PROJECT MANAGER,Dubai,PMO,,True,Terminated,81148.42,2023-12-11,tr
2142,Michael Ellis,HR ANALYST,MOSCOW,PM,,True,Active ,62335.59,2024-01-16,tr
2143,Casey Morris,Data Analyst,"London, UK",Project Management,,False,TERMINATED,76924.63,2016-10-03,en
2144,Melissa Reeves,project manager,istanbul,I.T.,,True,Active,99393.43,2023-08-03,en
2145,Nancy Scott,Hr Analyst,dubai,Engineering,,True,terminated,50947.32,2018-03-12,tr
2146,Anthony Cook,HR Analyst,london,Finance,,True,Active,57182.47,2015-05-17,tr
2147,Terry Barajas,PROJECT MANAGER,ISTANBUL,FIN,,True,terminated,77439.83,2017-03-07,ru
2148,Tracy George,Software eng.,NYC,FIN,,False,Active,101641.7,2016-08-27,ru
2149,Amber King,civil Engineer,Dubai,PM,,True,terminated,61754.4,2022-05-11,tr
2150,Elizabeth Foster,Project Manager,???,Fin.,,True,TERMINATED,82416.62,2018-10-25,tr
2151,Walter Hansen,HR ANALYST,New York,Eng.,,True,terminated,57182.21,2023-11-25,en
2152,Debbie Gordon,hr analyst,istanbul,PMO,,True,TERMINATED,45884.14,2019-06-28,tr
2153,Sherry Anderson,misc,london,Project Management,,True,active,54363.12,2021-10-16,en
2154,Joseph Thomas,PROJECT MANAGER,"London, UK",Human Resources,,False,Active,80360.32,2020-02-16,ru
2155,Andrew Anderson,Software Engineer,Berlin ,Engineering,,True,Active,114069.1,2024-05-29,en
2156,Sandy Adkins,Data Analyst,dubai,Information Technology,,True,active,62851.6,2015-06-22,en
2157,Diane Mcdowell,data Analyst,berlin,engineering,,True,TERMINATED,70891.05,2020-07-04,tr
2158,Pam Baker,civil Engineer,Berlin ,misc,,True,Active,81409.35,2016-11-16,ru
2159,Steven Stewart,Software eng.,Berlin,,,True,TERMINATED,73928.02,2024-03-06,tr
2160,Pamela Hernandez DVM,HR ANALYST,MOSCOW,Fin.,,True,terminated,50437.97,2021-02-20,tr
2161,Rebecca Brown,DATA ANALYST,New York,Project Management,,True,Terminated,71035.19,2021-11-23,tr
2162,David Johnson,Hr Analyst,Berlin ,ENG,,True,Active,69722.6,2022-03-22,ru
2163,Michael Graham,CIVIL ENGINEER,New York,Project Management,,False,Active ,75637.84,2019-06-18,tr
2164,Tammy Williams MD,data Analyst,Berlin,Engineering,,True,Terminated,88929.49,2020-03-24,tr
2165,Karina Vasquez,project manager,berlin,human resources,,True,terminated,103612.57,2015-12-14,tr
2166,Sharon Martinez,accountant,TBD,I.T.,,True,terminated,53555.0,2020-06-13,en
2167,Sean White,software engineer,new york,H.R.,,True,Active ,68783.99,2019-03-08,tr
2168,Jordan Nelson,,"London, UK",project management,,True,terminated,66463.31,2015-07-29,tr
2169,Laurie Silva,ACCOUNTANT,London,H.R.,,True,terminated,50354.62,2020-04-23,en
2170,Kelly Duncan,civil engineer,dubai,it,,True,Active,90427.84,2018-01-06,tr
2171,Billy Tate,PROJECT MANAGER,LONDON,Eng.,,True,TERMINATED,111570.83,2022-08-19,tr
2172,Stacy Johnson,project manager,DUBAI,Engineering,,False,Terminated,108928.02,2023-10-29,tr
2173,Melanie Long,Software Engineer,New York,engineering,,True,Terminated,90705.53,2019-04-03,tr
2174,Tiffany Hood,Project Manager,MOSCOW,İnsan Kaynakları,,True,terminated,92890.25,2018-05-06,tr
2175,Brad Rivas,Project Manager,"Dubai, UAE",IT,,True,active,110974.37,2015-07-04,tr
2176,Jordan Moses,project manager,New York City,FIN,,True,terminated,88694.27,2021-08-18,en
2177,Abigail Booker,DATA ANALYST,Moscow,Human Resources,,True,ACTIVE,69850.18,2018-08-09,tr
2178,Tiffany Nguyen,PROJECT MANAGER,istanbul,human resources,,True,terminated,80482.23,2022-04-19,ru
2179,Morgan Bernard,Hr Analyst,Dubai,???,,True,terminated,69195.14,2018-04-29,tr
2180,Christine Williams,accountant,Istanbul ,Information Technology,,True,active,74130.96,2021-01-20,ru
2181,Erica Brown,project manager,LONDON,Project Management,,True,Active ,94088.95,2023-11-28,en
2182,Trevor James,Software Engineer,moscow,Project Management,,True,Terminated,117563.69,2017-01-11,ru
2183,Christopher Hanna,ACCOUNTANT,"London, UK",Information Technology,,True,Terminated,58363.42,2015-10-11,en
2184,Ann Phelps,HR Analyst,New York,İnsan Kaynakları,,True,terminated,69064.02,2015-09-20,tr
2185,Richard Mitchell,hr analyst,berlin,Fin.,,True,Active,66037.23,2017-09-19,ru
2186,Martha Martinez,CIVIL ENGINEER,DUBAI,Project Management,,True,TERMINATED,60444.13,2015-09-12,ru
2187,Jeffrey Drake MD,accountant,MOSCOW,FIN,,False,terminated,51053.7,2017-09-15,en
2188,Bonnie Wade,data Analyst,Moskva,project management,,True,Active ,60668.29,2017-02-09,en
2189,Kayla Burns,ACCOUNTANT,Moskva,human resources,,True,Active ,55580.24,2019-06-07,ru
2190,Karen Hart,ACCOUNTANT,moscow,FIN,,True,TERMINATED,56949.4,2020-11-11,en
2191,Peter Shepherd,project manager,Istanbul ,it,,True,Active,96165.58,2018-07-18,tr
2192,Jessica Simmons,HR Analyst,New York City,I.T.,,True,Terminated,53208.46,2022-07-25,en
2193,Glenn Ford,HR Analyst,Berlin ,human resources,,True,Active,68616.13,2019-12-18,tr
2194,Michael Moore,ACCOUNTANT,"London, UK",Eng.,,True,terminated,65875.53,2016-09-04,en
2195,Mark Warren IV,Project Manager,Berlin ,project management,,True,active,103291.9,2018-11-22,tr
2196,Terry Woods,Project Manager,DUBAI,project management,,True,Active,76453.26,2023-01-02,en
2197,Carl Leach,PROJECT MANAGER,moscow,finance,,True,TERMINATED,80916.2,2022-02-18,tr
2198,Kelly Phillips,software engineer,istanbul,I.T.,,True,TERMINATED,81547.29,2018-10-15,ru
2199,Billy Williams,software engineer,london,Information Technology,,False,terminated,95983.95,2023-11-05,tr
2200,Jeffery Davis,Hr Analyst,LONDON,PMO,,True,Terminated,52425.5,2017-12-19,tr
2201,Laura King,HR Analyst,"Dubai, UAE",project management,,True,active,49075.87,2022-09-25,ru
2202,Brad Gordon,HR ANALYST,Moscow,project management,,True,TERMINATED,61937.23,2020-06-22,ru
2203,Matthew White,hr analyst,Moskva ,I.T.,,True,Active,46179.96,2022-10-12,en
2204,James Miller,Software Engineer,Istanbul ,Project Management,,True,Active,100732.05,2015-11-07,en
2205,Elizabeth Matthews,TBD,Berlin,HR,,True,Terminated,49943.18,2020-09-26,ru
2206,Michael Hanson,Accountant,moscow,PM,,True,Terminated,67440.98,2021-05-16,ru
2207,Vincent Savage,Project Manager,BERLIN,Finance,,False,Active ,105503.68,2024-10-25,ru
2208,Cody Burgess,HR ANALYST,Moskva ,ENG,,False,ACTIVE,68325.71,2022-03-27,tr
2209,Shelby Rodriguez,civil engineer,Istanbul,PM,,True,active,91307.1,2015-09-03,en
2210,Abigail Wilson,Accountant,Moskva,PMO,,False,terminated,71919.53,2024-03-23,tr
2211,John Holt,HR ANALYST,new york,Engineering,,True,terminated,49321.81,2022-03-22,en
2212,Tracy Guzman,data analyst,BERLIN,human resources,,True,ACTIVE,78101.21,2015-09-08,tr
2213,Mr. William Ward,Civil Engineer,moscow,PM,,True,Active,71265.45,2023-10-07,en
2214,Melissa Foster,ACCOUNTANT,ISTANBUL,ENG,,False,Terminated,56430.17,2020-03-06,ru
2215,Calvin Smith,Software Engineer,unknown,human resources,,False,terminated,72572.32,2022-12-08,en
2216,Alan Waller,CIVIL ENGINEER,Berlin,Engineering,,False,TERMINATED,79722.76,2020-12-03,tr
2217,Christine Wong,Project Manager,Moskva ,unassigned,,False,Active,98613.96,2015-10-15,tr
2218,Jessica Garrett,ACCOUNTANT,istanbul,Fin.,,True,active,54548.13,2020-06-26,en
2219,Cheryl Turner,misc,New York,Project Management,,True,active,86727.34,2023-02-06,en
2220,John Johnson,PROJECT MANAGER,Istanbul,ENG,,False,Terminated,94654.64,2018-11-13,en
2221,Christian Park,Data Analyst,"Dubai, UAE",PM,,True,TERMINATED,71073.06,2017-05-05,en
2222,Kaitlyn Heath,data analyst,London,Eng.,,True,active,86108.45,2017-02-08,tr
2223,Christina Hudson,Software eng.,Berlin ,Engineering,,False,terminated,103597.52,2019-06-14,ru
2224,Amber Smith,Hr Analyst,dubai,engineering,,True,active,63554.74,2021-07-03,ru
2225,Michelle Petty,Software Engineer,,İnsan Kaynakları,,True,Active,79007.02,2020-07-03,ru
2226,Nancy Larson,ACCOUNTANT,TBD,it,,True,Active,67993.36,2024-07-17,ru
2227,Donna Freeman,DATA ANALYST,berlin,FIN,,True,Terminated,58939.94,2019-09-20,en
2228,Mr. Logan Gregory,Hr Analyst,ISTANBUL,it,,True,TERMINATED,50154.79,2024-06-07,tr
2229,Katherine Klein,CIVIL ENGINEER,istanbul,Engineering,,True,Active ,69563.69,2020-10-19,ru
2230,Jennifer Stewart,Software Engineer,"Dubai, UAE",Finance,,False,terminated,91021.11,2021-06-13,ru
2231,Steven Butler,Project Manager,"London, UK",Human Resources,,True,terminated,75545.41,2019-12-05,en
2232,Johnny Mcmillan,data Analyst,Berlin,unassigned,,True,active,68342.32,2024-11-03,ru
2233,Michael Smith,software engineer,Moscow,it,,True,Terminated,105988.52,2023-04-26,ru
2234,Corey Cooper,Hr Analyst,berlin,PM,,True,terminated,65173.87,2022-02-01,tr
2235,Daniel Stout,data Analyst,NYC,FIN,,False,terminated,89736.67,2022-03-20,en
2236,Lance Kirby,Accountant,Istambul,engineering,,True,Terminated,70713.97,2023-05-05,en
2237,Bonnie Carter,data analyst,london,misc,,True,TERMINATED,55751.66,2019-07-23,tr
2238,Toni Whitaker,Civil Engineer,New York,IT,,True,TERMINATED,89245.3,2024-02-26,tr
2239,Morgan Flynn,Hr Analyst,DUBAI,I.T.,,False,terminated,55499.31,2022-05-30,tr
2240,Sarah Howell,Accountant,New York,finance,,True,Terminated,61615.94,2023-04-27,tr
2241,Paul Estrada,SW Engineer,LONDON,project management,,True,active,72295.99,2023-01-21,en
2242,Curtis Obrien,Project Manager,"Dubai, UAE",ENG,,True,TERMINATED,99253.78,2022-12-24,en
2243,Jason Chaney,PROJECT MANAGER,berlin,Eng.,,False,TERMINATED,117777.49,2020-03-20,tr
2244,Daniel Williams,DATA ANALYST,Moskva,I.T.,,True,Terminated,80818.34,2023-09-23,tr
2245,Stanley Kelly,DATA ANALYST,NEW YORK,Finance,,True,Active,67271.16,2021-01-28,en
2246,Ronald Kline,data Analyst,dubai,project management,,True,Terminated,75082.24,2016-07-21,ru
2247,Arthur Jordan,data Analyst,New York City,Fin.,,True,active,74612.87,2020-11-19,ru
2248,Barbara Walker,civil engineer,Moskva ,I.T.,,True,TERMINATED,59639.74,2017-11-21,ru
2249,Gerald Kelly,accountant,London,İnsan Kaynakları,,True,Active ,59102.94,2017-05-21,tr
2250,Shawn Adams,TBD,DUBAI,engineering,,True,TERMINATED,128133.74,2024-12-13,en
2251,Michael Robertson,HR ANALYST,dubai,finance,,False,Active,61245.04,2016-10-31,en
2252,Michelle House,Accountant,"London, UK",IT,,True,Terminated,54452.08,2021-02-27,en
2253,Jim Skinner,misc,BERLIN,Project Management,,True,TERMINATED,128380.94,2023-05-10,ru
2254,Brian Bishop,Civil Engineer,Moskva ,H.R.,,True,TERMINATED,76109.19,2022-11-27,ru
2255,Theresa Colon,software engineer,berlin,Engineering,,True,ACTIVE,103601.41,2018-06-01,tr
2256,Brian Soto,project manager,"London, UK",Eng.,,True,Terminated,83451.07,2020-04-12,ru
2257,Susan Moore,accountant,NYC,İnsan Kaynakları,,True,Active ,58143.39,2024-01-17,en
2258,Jeremy Hunter,hr analyst,ISTANBUL,finance,,True,Active ,54930.05,2024-06-23,tr
2259,Annette Holland,Project Manager,LONDON,finance,,False,Active,115526.02,2023-09-11,ru
2260,Chad Allison,civil Engineer,MOSCOW,ENG,,True,terminated,65870.52,2018-11-04,tr
2261,Jason Mack,CIVIL ENGINEER,berlin,Project Management,,True,Active ,85682.77,2019-11-15,en
2262,Robert Peterson,Accountant,ISTANBUL,engineering,,True,terminated,73123.34,2024-08-02,en
2263,Angela Watson,accountant,london,ENG,,True,active,56882.83,2024-12-05,en
2264,Heather Ortega,HR Analyst,Moskva ,I.T.,,True,terminated,56144.27,2017-03-16,tr
2265,Paul Fisher,Accountant,Moskva ,it,,True,Terminated,79047.99,2022-01-07,en
2266,Robert Gutierrez,TBD,New York City,Eng.,,True,Active ,77854.67,2024-06-19,tr
2267,Jimmy Phelps,CIVIL ENGINEER,NYC,finance,,True,TERMINATED,86662.01,2015-05-04,ru
2268,Heidi Johnson,data Analyst,istanbul,project management,,True,TERMINATED,80403.97,2024-01-02,tr
2269,Adam Drake,ACCOUNTANT,Moskva,Information Technology,,True,TERMINATED,75875.25,2017-09-01,en
2270,Angela Edwards,ACCOUNTANT,Moskva ,I.T.,,True,Terminated,73381.32,2015-02-17,ru
2271,Mrs. Amy Malone,data analyst,"London, UK",Information Technology,,True,TERMINATED,89666.34,2024-04-17,tr
2272,Margaret Orr,ACCOUNTANT,TBD,engineering,,True,TERMINATED,76717.33,2024-08-09,ru
2273,Mark Reeves,Project Manager,london,Engineering,,True,terminated,92088.31,2021-09-09,tr
2274,Kelly Phillips,Civil Engineer,NEW YORK,FIN,,True,Terminated,66439.87,2017-03-23,en
2275,Michael Spencer,hr analyst,London,Information Technology,,True,Active,47275.99,2017-04-15,ru
2276,Patrick Blankenship,PROJECT MANAGER,"Dubai, UAE",engineering,,True,TERMINATED,80244.39,2017-04-17,ru
2277,Douglas Rose,misc,Berlin ,finance,,True,TERMINATED,73908.45,2020-10-28,ru
2278,Melody Griffin,Data Analyst,London,project management,,True,Terminated,81440.92,2022-09-30,en
2279,Joshua Kramer,Accountant,"Dubai, UAE",I.T.,,True,terminated,62922.36,2021-09-21,en
2280,Melissa Barron,DATA ANALYST,London,PM,,True,active,81292.95,2021-06-11,ru
2281,Jennifer Gonzalez,Accountant,???,engineering,,False,ACTIVE,78301.54,2015-12-26,tr
2282,Andrew Cook,data Analyst,Istambul,I.T.,,True,terminated,87282.71,2017-10-02,ru
2283,Natalie Martinez,Accountant,New York,Information Technology,,True,active,72407.19,2021-05-26,tr
2284,Diane Davis DDS,ACCOUNTANT,Berlin ,Fin.,,True,ACTIVE,58945.11,2021-09-02,ru
2285,Nicole Moore,DATA ANALYST,Istanbul,Engineering,,True,terminated,72654.14,2018-09-14,ru
2286,Robert Vargas,CIVIL ENGINEER,LONDON,PMO,,True,Active,65382.28,2016-05-16,tr
2287,Raymond Barber,HR Analyst,Dubai,Project Management,,False,ACTIVE,63863.97,2018-07-06,ru
2288,Mrs. Amy Watson,data analyst,Berlin ,IT,,False,ACTIVE,73239.68,2021-02-05,ru
2289,Heather Williams,HR ANALYST,"Dubai, UAE",Human Resources,,False,TERMINATED,66565.17,2017-03-01,tr
2290,Belinda Evans,HR ANALYST,Moscow,Human Resources,,False,Terminated,58549.43,2022-05-03,en
2291,Jody Bird,Hr Analyst,BERLIN,IT,,True,terminated,53401.07,2021-08-26,en
2292,Virginia Cunningham,civil Engineer,Berlin ,Information Technology,,True,terminated,76450.72,2024-07-16,en
2293,Lori Ferguson,civil Engineer,dubai,I.T.,,False,Active ,93513.56,2017-03-08,ru
2294,Hayley Mitchell,CIVIL ENGINEER,BERLIN,engineering,,True,active,88073.75,2020-04-13,ru
2295,Michelle Chambers,Software Engineer,NEW YORK,I.T.,,True,Terminated,90262.89,2017-01-12,ru
2296,Kelly Wright,civil Engineer,dubai,human resources,,True,terminated,74615.47,2015-07-16,tr
2297,Kevin Carson,Data Analyst,Moskva ,Human Resources,,True,Active,61373.84,2020-07-21,tr
2298,Brent Dawson,HR Analyst,dubai,H.R.,,True,ACTIVE,53521.09,2021-10-15,en
2299,Angela Brown,Accountant,Moskva ,Project Management,,True,ACTIVE,60313.4,2017-06-08,ru
2300,Karen Griffin,project manager,Moskva ,H.R.,,True,ACTIVE,109812.32,2015-11-05,tr
2301,Joseph Chapman,Civil Engineer,Berlin ,HR,,True,Terminated,65544.48,2015-02-17,tr
2302,Jennifer Baker,Software Engineer,DUBAI,IT,,True,Terminated,93092.9,2024-05-05,ru
2303,Mr. Jeremiah Galvan MD,HR ANALYST,TBD,PM,,False,ACTIVE,60466.57,2022-04-18,ru
2304,Samantha Thomas,DATA ANALYST,london,finance,,True,Terminated,76168.69,2016-01-28,ru
2305,Michael Anderson,civil Engineer,New York City,Eng.,,True,TERMINATED,90605.48,2023-10-10,tr
2306,Sharon Wilson,software engineer,london,Information Technology,,True,Active ,114967.32,2018-06-17,tr
2307,John Francis,ACCOUNTANT,berlin,Fin.,,True,Terminated,53748.08,2020-07-04,tr
2308,Jaclyn Crane,Project Manager,New York,Engineering,,False,Active,116890.58,2018-10-25,en
2309,Jennifer Martinez,Accountant,New York City,Human Resources,,True,TERMINATED,51875.57,2018-10-22,en
2310,Amanda Hernandez,hr analyst,moscow,ENG,,True,active,54286.67,2021-12-29,en
2311,William Turner,hr analyst,new york,engineering,,True,active,68033.92,2017-07-15,tr
2312,Dr. Charles Lawrence,civil Engineer,moscow,HR,,True,ACTIVE,87014.35,2024-05-11,ru
2313,Steven Small,hr analyst,berlin,Finance,,True,Active ,48681.81,2024-09-15,tr
2314,Robert Burns,data analyst,Dubai,IT,,True,Active ,65875.63,2023-08-30,tr
2315,Gregory Harrell,Accountant,london,FIN,,True,Terminated,76128.3,2018-05-15,tr
2316,Kenneth Knight,Data Analyst,berlin,Eng.,,True,Terminated,61498.78,2020-03-23,tr
2317,Rachael Alvarez,project manager,dubai,IT,,True,ACTIVE,81520.06,2016-10-12,en
2318,Lisa Gill,Software eng.,New York City,PMO,,False,TERMINATED,73352.77,2022-10-23,tr
2319,Julia Cole,data Analyst,London,Engineering,,False,terminated,84470.14,2021-10-10,en
2320,Sean Nguyen,hr analyst,moscow,Eng.,,True,Active ,62796.81,2017-06-19,en
2321,Mary Ortiz,CIVIL ENGINEER,Dubai,H.R.,,False,Terminated,86538.15,2020-03-04,ru
2322,James Weaver,ACCOUNTANT,new york,Engineering,,True,terminated,70505.75,2018-02-07,tr
2323,Stacy Fitzgerald,Accountant,london,Information Technology,,False,active,51371.24,2018-05-20,tr
2324,Sharon Mann,ACCOUNTANT,Berlin ,FIN,,False,TERMINATED,65920.49,2019-07-11,en
2325,Rebecca Zimmerman,ACCOUNTANT,dubai,HR,,True,Active ,56520.51,2020-07-04,ru
2326,Becky Hansen,Civil Engineer,Berlin,engineering,,True,Active,79083.28,2015-02-26,ru
2327,Luke Ray,Data Analyst,london,misc,,True,TERMINATED,71094.11,2017-06-24,ru
2328,Kelly Lopez,civil engineer,"London, UK",Fin.,,True,Terminated,60569.99,2024-09-14,en
2329,Steven Martinez,Hr Analyst,dubai,İnsan Kaynakları,,True,Active ,51539.73,2017-06-01,tr
2330,Catherine Smith,DATA ANALYST,istanbul,HR,,True,TERMINATED,81617.16,2015-05-13,ru
2331,Danielle Thornton,HR Analyst,BERLIN,Engineering,,True,TERMINATED,50139.6,2024-11-06,tr
2332,Jill Roman,SW Engineer,,I.T.,,True,Active,76785.51,2022-08-26,en
2333,Jennifer Williams,SW Engineer,London,finance,,True,active,112229.74,2024-03-13,tr
2334,Allison Kim,hr analyst,DUBAI,I.T.,,True,Active ,49933.34,2022-09-24,ru
2335,Scott Stewart,Software eng.,NEW YORK,project management,,True,Terminated,95955.66,2019-10-08,en
2336,Brian Garcia,PROJECT MANAGER,ISTANBUL,H.R.,,True,ACTIVE,110701.28,2023-12-19,ru
2337,Charles Scott,misc,Istambul,project management,,True,Active ,47874.54,2021-11-02,en
2338,Eric Russell,Project Manager,NYC,IT,,True,Active,82555.71,2021-07-24,tr
2339,Lucas Nguyen,software engineer,TBD,İnsan Kaynakları,,True,Terminated,110762.32,2020-05-25,en
2340,Anthony Price,TBD,Berlin,PMO,,True,Terminated,61613.13,2023-12-25,en
2341,Jason Nguyen,project manager,Istambul,Eng.,,True,active,109921.93,2017-12-29,ru
2342,Ronald Martinez,misc,Berlin ,HR,,True,TERMINATED,108411.04,2018-06-16,tr
2343,Paul Willis,HR Analyst,Berlin,PMO,,True,terminated,59655.96,2021-01-04,tr
2344,Paul Cruz Jr.,Accountant,"Dubai, UAE",Human Resources,,True,terminated,65028.63,2024-04-25,tr
2345,John Russell,Project Manager,new york,Eng.,,True,terminated,80038.23,2024-12-04,ru
2346,Mr. David Mercado,Accountant,Berlin ,FIN,,True,Terminated,74577.94,2018-11-29,ru
2347,Victor Leonard,Project Manager,dubai,Fin.,,True,Active,108732.64,2015-01-23,tr
2348,Justin Glover,project manager,DUBAI,Information Technology,,True,Terminated,81851.17,2015-05-14,ru
2349,Jason Miller,accountant,Berlin,finance,,True,ACTIVE,67410.38,2021-09-27,ru
2350,Christina Faulkner,civil Engineer,NEW YORK,,,True,Active ,93703.61,2017-06-13,en
2351,William Casey,civil engineer,DUBAI,HR,,True,Active ,64218.44,2017-04-07,ru
2352,Jessica Buck,PROJECT MANAGER,"London, UK",Fin.,,True,Terminated,82382.0,2017-03-16,tr
2353,Aaron Marshall,PROJECT MANAGER,Berlin ,Finance,,True,active,107895.29,2015-12-30,en
2354,Donna Stanton,software engineer,Istambul,Project Management,,True,terminated,128488.96,2022-02-09,ru
2355,Timothy Olson,civil Engineer,Istanbul ,engineering,,True,ACTIVE,90577.86,2020-04-21,tr
2356,Sara James,PROJECT MANAGER,,Finance,,False,Active ,108026.32,2019-11-08,ru
2357,Mark Richards,data analyst,MOSCOW,İnsan Kaynakları,,True,Active,80157.28,2016-06-05,en
2358,Amber Stevenson,ACCOUNTANT,"London, UK",FIN,,False,TERMINATED,72092.58,2020-08-12,ru
2359,Elizabeth Foster,software engineer,moscow,IT,,True,Active ,88618.74,2020-07-24,en
2360,Charles Hawkins,SW Engineer,london,I.T.,,True,active,98640.4,2024-09-17,ru
2361,Jeffrey Bishop,PROJECT MANAGER,N/A,HR,,True,Active ,72887.79,2024-03-09,tr
2362,Emily Fleming,data analyst,Istambul,finance,,True,Terminated,66396.77,2017-12-30,en
2363,Dean Mullins,Civil Engineer,BERLIN,it,,True,active,90498.59,2016-09-24,ru
2364,David Bird,HR Analyst,Berlin,HR,,True,Active,59952.92,2021-09-25,en
2365,Joe Greene,project manager,ISTANBUL,PM,,True,active,102133.35,2024-06-09,en
2366,Michael Lucas,various,Istambul,engineering,,True,ACTIVE,77337.05,2015-11-18,tr
2367,John Valenzuela,accountant,berlin,H.R.,,True,ACTIVE,53733.38,2015-08-18,ru
2368,Jennifer Woodard,HR ANALYST,NEW YORK,Fin.,,True,Terminated,67124.41,2018-01-14,tr
2369,Pamela Medina,project manager,NYC,Engineering,,False,Active ,103924.56,2018-01-29,en
2370,Mariah Jones,project manager,BERLIN,İnsan Kaynakları,,True,Terminated,104278.06,2015-11-21,ru
2371,Ronnie Powers,civil engineer,NEW YORK,human resources,,True,TERMINATED,88222.76,2020-02-01,ru
2372,Heather Hess,ACCOUNTANT,moscow,HR,,True,TERMINATED,76543.26,2016-07-11,tr
2373,Heather Thompson,Civil Engineer,NYC,PM,,True,terminated,89026.95,2021-09-29,tr
2374,Melissa Smith,Civil Engineer,ISTANBUL,Finance,,True,Active ,68189.42,2020-07-12,ru
2375,Timothy Wallace,PROJECT MANAGER,NEW YORK,ENG,,True,Active,92368.87,2017-10-14,ru
2376,Alejandro Campbell,civil Engineer,Berlin ,IT,,True,ACTIVE,90708.29,2021-05-20,tr
2377,Heather Davis,data analyst,"Dubai, UAE",PM,,False,Terminated,78721.05,2016-04-25,en
2378,Elizabeth Robbins,various,NYC,it,,True,Active ,83175.37,2016-09-26,en
2379,Johnny Cox,project manager,london,PMO,,True,ACTIVE,117421.78,2022-02-22,en
2380,Tanner Mann,PROJECT MANAGER,moscow,FIN,,True,ACTIVE,101124.35,2023-12-27,en
2381,Craig Nicholson,HR ANALYST,MOSCOW,it,,True,TERMINATED,64107.25,2021-11-14,ru
2382,Sergio Carroll,civil Engineer,moscow,IT,,True,ACTIVE,73945.97,2018-08-08,en
2383,Juan Keller MD,Hr Analyst,Moskva ,project management,,True,terminated,60401.56,2019-09-18,en
2384,Krystal Jones,CIVIL ENGINEER,BERLIN,Human Resources,,True,TERMINATED,58131.16,2016-10-24,ru
2385,Austin Green,Data Analyst,New York,İnsan Kaynakları,,True,Active,70170.02,2022-06-19,tr
2386,Crystal Mills,accountant,Istanbul ,Information Technology,,True,Active,58499.8,2019-08-16,ru
2387,Cheryl Gregory,hr analyst,"London, UK",ENG,,True,ACTIVE,47317.63,2018-04-11,ru
2388,Melissa Patel MD,project manager,new york,PM,,True,Terminated,79706.22,2024-03-14,ru
2389,Jordan Pace,accountant,london,PM,,True,Terminated,59070.58,2020-01-01,tr
2390,Terri Williams,accountant,moscow,Fin.,,False,terminated,59811.09,2017-03-13,tr
2391,Jessica Carney,accountant,New York,Eng.,,True,Terminated,67674.5,2015-09-19,en
2392,Michael Owens,HR Analyst,dubai,engineering,,True,Terminated,48434.27,2020-06-13,tr
2393,Peter Stephenson,data analyst,BERLIN,H.R.,,True,Active ,65528.06,2020-08-15,en
2394,Donald Fisher,Accountant,moscow,FIN,,True,TERMINATED,69877.77,2019-03-04,ru
2395,Aaron Lee,CIVIL ENGINEER,Berlin ,IT,,True,terminated,60270.59,2017-12-05,tr
2396,Kenneth Johnson,Software Engineer,NEW YORK,finance,,False,Active ,91720.65,2017-10-26,ru
2397,Vanessa Coleman,hr analyst,Istanbul,HR,,True,Terminated,62883.97,2015-12-06,tr
2398,David Martin,data analyst,Berlin,I.T.,,True,Terminated,58544.86,2015-07-23,tr
2399,Mark Davis,Hr Analyst,moscow,engineering,,True,Terminated,50120.3,2015-07-15,ru
2400,Robert Watkins,civil Engineer,unknown,Engineering,,True,active,74642.62,2017-12-30,ru
2401,Felicia Wright,PROJECT MANAGER,LONDON,Information Technology,,True,ACTIVE,93654.08,2016-01-27,en
2402,David Peterson,CIVIL ENGINEER,new york,finance,,True,Active ,90874.0,2015-11-11,en
2403,Gavin Bauer,Software eng.,berlin,Engineering,,True,Terminated,78075.81,2024-05-10,en
2404,Patricia Harvey,accountant,moscow,Engineering,,True,Terminated,52609.66,2015-06-27,en
2405,Lori Riley,SW Engineer,istanbul,Project Management,,False,TERMINATED,114584.27,2019-09-21,ru
2406,Antonio Johnson,data Analyst,???,Eng.,,True,Active,65992.99,2022-09-07,ru
2407,Ryan Brown,accountant,Berlin ,H.R.,,True,Terminated,73178.04,2024-07-11,ru
2408,Thomas Ramos,project manager,london,engineering,,False,Active,113251.95,2018-08-02,en
2409,Mark Jones,SW Engineer,LONDON,Project Management,,True,Active,110907.14,2022-08-31,ru
2410,Kristin Phillips,accountant,LONDON,Finance,,True,active,75685.82,2021-02-07,tr
2411,Brendan Walton,accountant,moscow,Human Resources,,True,ACTIVE,60950.74,2017-09-02,en
2412,Kyle Keller,Hr Analyst,New York City,FIN,,True,active,58506.48,2017-08-13,ru
2413,James Pope,software engineer,London,Engineering,,False,Terminated,118229.48,2021-03-10,tr
2414,Lisa Morgan,civil Engineer,istanbul,Information Technology,,True,Terminated,73160.53,2016-01-22,ru
2415,Rachel Gibson,civil engineer,dubai,it,,True,ACTIVE,90699.2,2021-02-23,en
2416,Corey Garcia,SW Engineer,Istanbul,project management,,True,terminated,111370.2,2022-11-24,tr
2417,Andrea Clarke,DATA ANALYST,DUBAI,finance,,True,ACTIVE,78238.14,2015-01-28,tr
2418,Kenneth Walsh,SW Engineer,New York City,Engineering,,True,terminated,111880.48,2019-08-10,en
2419,Jason Hardy,Accountant,Istambul,Human Resources,,False,active,68190.92,2021-08-03,tr
2420,David Robles,accountant,Moskva ,Finance,,False,terminated,55889.14,2020-11-30,en
2421,Eric Graham,Software eng.,NEW YORK,PMO,,True,active,103263.52,2016-02-16,en
2422,Nicole Collins,Project Manager,BERLIN,PMO,,True,Active ,101787.0,2021-04-24,tr
2423,Patricia Hernandez,CIVIL ENGINEER,Moskva ,engineering,,True,Active,64606.33,2022-06-08,ru
2424,Grant Wood,project manager,NEW YORK,it,,True,Active ,91220.79,2019-09-01,tr
2425,Kevin Gregory,accountant,london,Finance,,True,Active ,57864.21,2021-10-23,en
2426,Jonathon Conley,DATA ANALYST,NEW YORK,I.T.,,True,Active,76154.37,2016-08-15,en
2427,Jennifer Gonzalez,data Analyst,Moskva ,Engineering,,True,Terminated,59308.1,2021-05-17,ru
2428,Terry Glover,TBD,berlin,ENG,,True,active,58877.83,2020-10-12,tr
2429,Michael Neal,HR ANALYST,"Dubai, UAE",finance,,True,terminated,49291.61,2020-07-03,ru
2430,Ms. Erin Lane,accountant,London,human resources,,True,TERMINATED,67677.01,2021-05-26,en
2431,Lisa Barnes,civil Engineer,unknown,it,,True,TERMINATED,91226.62,2023-02-02,ru
2432,Jesse Mccormick,Software eng.,New York,FIN,,False,TERMINATED,84542.61,2018-05-21,tr
2433,Daniel Smith,ACCOUNTANT,TBD,finance,,True,active,64848.61,2016-10-08,en
2434,David Hanson,Data Analyst,BERLIN,IT,,True,TERMINATED,68060.6,2021-11-10,ru
2435,Nicholas Cisneros,Software eng.,istanbul,IT,,True,terminated,99911.96,2017-07-22,tr
2436,Patrick Harris,civil engineer,DUBAI,Finance,,False,ACTIVE,74471.38,2018-11-29,ru
2437,William Cox,civil engineer,berlin,Human Resources,,True,TERMINATED,79898.07,2024-09-03,tr
2438,Alvin Wilson,project manager,berlin,unassigned,,True,TERMINATED,73878.19,2018-05-12,ru
2439,Cory Willis,SW Engineer,New York City,Human Resources,,True,Active ,119091.03,2016-10-28,en
2440,Amanda Johnson,DATA ANALYST,Istanbul,misc,,True,TERMINATED,60936.6,2023-06-03,ru
2441,Christopher Mcclure,Software eng.,ISTANBUL,ENG,,True,ACTIVE,81847.22,2015-07-27,en
2442,Gina Spencer,Accountant,Berlin,H.R.,,True,Active ,54003.85,2016-12-27,en
2443,Alex Cameron,SW Engineer,istanbul,Finance,,True,terminated,67704.33,2015-12-18,tr
2444,Alisha Byrd,HR Analyst,TBD,Finance,,True,Active ,63270.48,2023-12-22,en
2445,Richard Rodriguez,software engineer,New York City,Finance,,True,TERMINATED,76078.3,2018-05-30,tr
2446,Elizabeth Allen,civil engineer,istanbul,İnsan Kaynakları,,True,terminated,91419.54,2015-01-29,en
2447,Mary Pugh,misc,Istanbul ,Fin.,,True,active,55052.25,2024-03-15,tr
2448,Yolanda Keith,Civil Engineer,Moscow,PM,,True,ACTIVE,72433.59,2019-07-10,ru
2449,Ana Thomas,Data Analyst,BERLIN,IT,,True,terminated,75995.03,2018-09-01,tr
2450,Rebecca Lee,misc,MOSCOW,FIN,,True,terminated,80176.31,2015-09-10,tr
2451,James Greene,Project Manager,new york,Engineering,,True,Active,97157.22,2016-08-27,tr
2452,Dana Williams,Software eng.,DUBAI,project management,,True,Active,75276.4,2023-07-01,ru
2453,Chelsea Nichols,software engineer,istanbul,Information Technology,,True,Terminated,85210.89,2022-02-11,tr
2454,Erin Brown,SW Engineer,???,PMO,,True,Active ,73716.08,2022-09-19,en
2455,Shelley York,project manager,Moskva,Engineering,,True,Active ,77232.04,2018-02-06,en
2456,Stacey Clark,Software Engineer,LONDON,Finance,,True,Active ,93236.13,2021-07-07,tr
2457,John Alvarado,accountant,new york,Engineering,,True,Active ,79107.39,2022-04-20,ru
2458,Jordan Potter,project manager,Berlin,Project Management,,True,ACTIVE,92830.41,2019-02-13,tr
2459,Katrina Jimenez,Data Analyst,Istanbul,,,True,Active,65936.15,2024-08-01,tr
2460,Frank Brooks,CIVIL ENGINEER,MOSCOW,PM,,True,TERMINATED,79478.24,2019-03-28,tr
2461,Michelle Simpson,hr analyst,"London, UK",Engineering,,True,TERMINATED,60272.19,2018-02-12,tr
2462,James Morse,project manager,istanbul,FIN,,True,Active,107124.8,2019-08-21,en
2463,Amanda Robinson,civil Engineer,DUBAI,Human Resources,,True,Terminated,81900.98,2019-07-05,ru
2464,Scott Foster,project manager,Dubai,Finance,,True,terminated,116078.95,2024-09-17,tr
2465,Stephen Duncan,Data Analyst,"London, UK",human resources,,False,active,57806.24,2021-12-23,tr
2466,Jacqueline Pierce,data Analyst,dubai,FIN,,True,terminated,59200.18,2021-07-09,ru
2467,Bradley Wallace,CIVIL ENGINEER,TBD,Engineering,,True,Active,59206.21,2017-09-13,en
2468,Kevin Marshall,TBD,LONDON,I.T.,,True,Active,73639.15,2019-03-05,tr
2469,Jessica Mcdonald,Civil Engineer,Moscow,human resources,,True,terminated,55949.43,2019-09-28,en
2470,Robert Stewart,Data Analyst,"London, UK",unassigned,,True,active,76230.38,2015-03-26,ru
2471,Christopher Hall,HR Analyst,ISTANBUL,PM,,False,Terminated,46084.69,2018-04-20,ru
2472,Heather Miller,Civil Engineer,Moscow,HR,,True,Active,68358.32,2023-01-31,ru
2473,Kayla Schneider,Software eng.,istanbul,ENG,,True,active,116669.21,2024-12-29,tr
2474,Tammy Garcia,Software eng.,Berlin ,Information Technology,,True,TERMINATED,89119.25,2015-11-10,en
2475,Andrew Gonzalez,ACCOUNTANT,Istanbul ,IT,,True,Active ,73996.44,2018-01-31,ru
2476,Gary Turner,PROJECT MANAGER,Moskva ,FIN,,True,TERMINATED,74224.72,2018-02-23,en
2477,Melinda Hill,PROJECT MANAGER,Berlin,PMO,,True,Active,109767.96,2018-09-19,tr
2478,Yolanda Murillo,DATA ANALYST,Istanbul ,İnsan Kaynakları,,True,Active ,56153.89,2023-08-09,en
2479,Nancy Gaines,DATA ANALYST,berlin,Project Management,,True,terminated,62976.63,2016-07-28,en
2480,Elijah Short,Hr Analyst,"Dubai, UAE",HR,,False,terminated,67383.18,2023-06-23,en
2481,Jennifer Sullivan,civil Engineer,DUBAI,FIN,,True,Terminated,93707.44,2024-10-31,en
2482,Mary Kennedy,data analyst,dubai,Human Resources,,True,terminated,55320.21,2020-07-18,en
2483,Paige Hernandez,civil Engineer,Moskva,Fin.,,True,TERMINATED,82714.02,2015-04-05,tr
2484,Darrell Curry,software engineer,NEW YORK,PMO,,True,Terminated,74680.77,2020-07-31,en
2485,Jose Hartman,n/a,DUBAI,Information Technology,,True,active,97635.24,2020-03-12,en
2486,Miranda Murray,civil Engineer,DUBAI,finance,,True,Active,70048.32,2024-10-23,ru
2487,Emily Lopez,hr analyst,DUBAI,IT,,True,terminated,47527.52,2020-08-10,tr
2488,Melissa Clark,accountant,berlin,Fin.,,False,Terminated,75652.19,2015-08-31,en
2489,Justin Brooks,HR Analyst,Berlin ,finance,,True,ACTIVE,62233.49,2016-11-11,ru
2490,Bethany Harding,civil engineer,NEW YORK,H.R.,,True,ACTIVE,85357.17,2024-12-17,ru
2491,Robert Flowers,DATA ANALYST,"Dubai, UAE",Finance,,False,Active ,58199.34,2024-03-19,ru
2492,Jason Jennings,accountant,New York,Human Resources,,True,active,64664.01,2015-08-05,en
2493,Richard Medina,DATA ANALYST,new york,Engineering,,True,terminated,69834.11,2023-05-23,ru
2494,Alexander Floyd,Project Manager,Istanbul ,finance,,True,active,75433.39,2023-01-09,tr
2495,Brittany Cisneros,data analyst,NYC,Eng.,,True,Terminated,70350.59,2016-09-23,ru
2496,Mark Morrison,n/a,berlin,I.T.,,True,TERMINATED,89083.96,2018-11-23,tr
2497,Sharon Baird,accountant,NEW YORK,ENG,,True,ACTIVE,55141.84,2020-07-23,ru
2498,James Ferguson,ACCOUNTANT,MOSCOW,IT,,True,terminated,73650.88,2018-02-22,tr
2499,Brian Hudson,TBD,"Dubai, UAE",PMO,,True,Terminated,82195.32,2015-08-05,en
2500,Steven Davis,SW Engineer,London,project management,,True,terminated,108653.72,2020-03-09,tr
2501,Juan Johnson,n/a,Istanbul ,FIN,,False,active,55774.88,2017-11-03,ru
2502,Katherine Lopez,civil engineer,dubai,Information Technology,,True,terminated,94665.69,2022-02-02,tr
2503,Victor Campbell,accountant,New York City,H.R.,,True,terminated,78142.28,2016-05-24,tr
2504,Matthew Jones,project manager,London,engineering,,True,ACTIVE,101731.07,2016-09-25,ru
2505,Joseph Jackson,software engineer,BERLIN,engineering,,True,TERMINATED,102044.07,2021-10-12,tr
2506,Jennifer Moore,software engineer,DUBAI,I.T.,,True,Active ,112167.11,2024-09-05,tr
2507,Joshua Mendoza,HR Analyst,Istambul,İnsan Kaynakları,,True,ACTIVE,49035.03,2016-06-13,ru
2508,Troy Glenn,PROJECT MANAGER,London,PMO,,True,ACTIVE,83908.25,2015-11-27,en
2509,Daniel Reynolds,civil engineer,Berlin ,Engineering,,True,terminated,83293.98,2015-06-05,ru
2510,Karen Munoz,HR Analyst,DUBAI,FIN,,True,Terminated,64864.74,2017-12-21,en
2511,Laurie Shaw,data Analyst,Istambul,engineering,,True,Active ,75246.38,2015-02-18,en
2512,Desiree Smith,hr analyst,London,PMO,,True,terminated,60666.01,2024-11-02,tr
2513,Austin Ross,,unknown,finance,,True,Terminated,72240.92,2015-09-26,tr
2514,Kelly Kent,project manager,london,İnsan Kaynakları,,True,TERMINATED,81646.94,2016-06-17,tr
2515,Julia Johnston,DATA ANALYST,london,Finance,,True,terminated,81851.76,2019-03-09,tr
2516,Donna Ibarra,software engineer,Dubai,it,,True,active,76233.4,2016-10-03,en
2517,Michael Dawson,HR ANALYST,BERLIN,finance,,False,terminated,50242.63,2021-12-30,tr
2518,Louis Patrick,SW Engineer,TBD,Finance,,False,TERMINATED,75877.75,2019-11-13,en
2519,David Yoder,project manager,,H.R.,,False,ACTIVE,81051.75,2020-07-14,tr
2520,Judith Bartlett,PROJECT MANAGER,NEW YORK,PM,,True,terminated,98752.02,2024-04-17,ru
2521,Keith Long,Accountant,istanbul,PMO,,True,terminated,65051.15,2018-03-25,tr
2522,Cynthia Harrell,DATA ANALYST,Istanbul,finance,,True,terminated,79107.12,2019-05-01,ru
2523,Mark Carter,Accountant,dubai,finance,,True,Active ,77643.56,2015-05-18,ru
2524,Melissa Bowen,Accountant,Berlin ,I.T.,,True,Terminated,78732.08,2019-11-24,ru
2525,Johnny Riddle,civil Engineer,dubai,PM,,True,Active ,90710.7,2016-10-17,ru
2526,Whitney Jones,DATA ANALYST,berlin,H.R.,,True,TERMINATED,73253.8,2019-12-02,tr
2527,Randall Nguyen,project manager,moscow,Project Management,,True,TERMINATED,89448.91,2019-06-02,tr
2528,David Hunter,Civil Engineer,Istambul,it,,True,Active ,93556.0,2024-12-28,ru
2529,Benjamin Neal,civil engineer,Istanbul,engineering,,True,Terminated,89500.91,2016-08-04,tr
2530,Jane Reese,software engineer,new york,Fin.,,True,active,86686.89,2021-10-17,en
2531,Jennifer Smith,project manager,dubai,human resources,,True,Active ,79452.41,2021-01-04,ru
2532,Thomas Murphy,data Analyst,Berlin ,Project Management,,False,Active ,72455.19,2017-09-08,en
2533,Kari Jones,data analyst,London,HR,,True,Terminated,64929.91,2022-02-21,ru
2534,Dana Dodson,hr analyst,Istanbul ,PMO,,True,Terminated,64999.77,2019-03-15,tr
2535,Robert Skinner,HR ANALYST,"London, UK",İnsan Kaynakları,,False,Terminated,49258.5,2017-10-23,en
2536,Albert Garcia,HR ANALYST,"Dubai, UAE",Eng.,,True,active,48408.82,2023-12-25,tr
2537,Joseph Myers,civil Engineer,Istanbul,Finance,,True,Active,60544.49,2020-09-25,ru
2538,Phillip Byrd,CIVIL ENGINEER,New York City,PMO,,True,terminated,73586.38,2019-09-07,tr
2539,Hunter Robinson,civil Engineer,berlin,IT,,True,Terminated,71026.86,2023-06-07,ru
2540,Michael Robinson,SW Engineer,???,PMO,,False,Terminated,87931.26,2019-11-20,ru
2541,Sara Cain,SW Engineer,NYC,Engineering,,True,ACTIVE,99923.61,2020-06-20,en
2542,Michelle Prince,HR Analyst,LONDON,FIN,,False,Active ,62495.79,2016-11-28,tr
2543,Eric Williams,DATA ANALYST,Berlin ,Eng.,,True,active,71763.34,2021-07-20,en
2544,Raymond Wang,hr analyst,istanbul,HR,,True,active,49747.96,2015-03-23,en
2545,Jade Allen,data analyst,Moscow,I.T.,,True,Terminated,73612.2,2022-10-23,ru
2546,Javier Hays,CIVIL ENGINEER,new york,Information Technology,,True,ACTIVE,79344.51,2020-11-13,en
2547,Corey Caldwell,data Analyst,New York,project management,,True,Active,88910.78,2024-10-31,en
2548,Stephen Robles,data Analyst,dubai,I.T.,,True,terminated,73685.96,2015-07-08,tr
2549,Carol Jackson,data Analyst,Moskva ,IT,,True,ACTIVE,87699.5,2016-11-19,tr
2550,Brian Murphy,Hr Analyst,Istambul,I.T.,,True,terminated,59746.37,2021-10-19,en
2551,Chelsey Clark,civil engineer,Moscow,Eng.,,True,TERMINATED,89554.98,2020-02-04,en
2552,Teresa Martinez,data analyst,Moskva,HR,,True,ACTIVE,80585.34,2023-02-09,ru
2553,Howard Thompson,civil Engineer,london,Engineering,,True,Terminated,80286.79,2015-05-30,tr
2554,Eugene Price,Software Engineer,ISTANBUL,engineering,,True,terminated,70937.34,2018-07-09,ru
2555,Austin Briggs,hr analyst,BERLIN,HR,,True,ACTIVE,49740.66,2015-03-01,tr
2556,Jackie Jones,accountant,berlin,engineering,,False,terminated,58094.89,2021-12-13,en
2557,Eric George,HR Analyst,"London, UK",İnsan Kaynakları,,True,TERMINATED,68467.57,2022-03-19,en
2558,Mrs. Kimberly Mooney,Project Manager,"London, UK",FIN,,True,terminated,92190.66,2021-04-02,en
2559,Carolyn Haley,Software eng.,New York City,human resources,,True,terminated,109417.18,2024-10-03,en
2560,Vicki Horton,data analyst,BERLIN,Eng.,,True,active,87680.81,2017-06-30,tr
2561,Valerie Benson,Hr Analyst,Istanbul ,H.R.,,True,TERMINATED,52200.54,2024-05-01,tr
2562,Mark Henson,Hr Analyst,Moskva,IT,,False,active,56040.11,2018-07-14,ru
2563,Samuel Olson,civil engineer,Dubai,finance,,True,TERMINATED,62091.01,2023-02-03,tr
2564,Lee Richards,CIVIL ENGINEER,NEW YORK,Human Resources,,True,terminated,90062.09,2016-10-18,tr
2565,Martin Hall,project manager,Berlin ,IT,,True,active,93169.43,2019-06-19,tr
2566,Virginia Hall,software engineer,berlin,finance,,True,TERMINATED,96356.25,2023-06-02,ru
2567,Stephanie Parker,accountant,Istanbul,Human Resources,,True,Active ,79264.09,2020-05-03,ru
2568,Nicole Harvey,Accountant,NYC,PM,,True,Active ,69742.1,2018-01-28,ru
2569,James Phillips,DATA ANALYST,dubai,engineering,,True,Terminated,89024.84,2024-03-22,en
2570,Dan Johnson,project manager,NYC,project management,,True,Terminated,85679.11,2019-02-09,en
2571,Linda Bautista,PROJECT MANAGER,unknown,PMO,,True,TERMINATED,109453.46,2018-07-13,en
2572,Erin Ramirez,Accountant,Istanbul ,PM,,False,active,54792.68,2017-12-23,ru
2573,Paige Meyer,Data Analyst,New York City,I.T.,,False,TERMINATED,71963.55,2019-10-26,ru
2574,Maria Roberts,n/a,Istanbul,Eng.,,True,Active ,78613.5,2023-06-29,en
2575,Ryan Rivera,HR ANALYST,new york,it,,True,active,61842.7,2016-06-29,tr
2576,Joshua Knox,DATA ANALYST,New York,PMO,,True,active,71374.32,2023-06-06,ru
2577,Danielle Mcdaniel,civil Engineer,"London, UK",IT,,True,ACTIVE,72237.66,2017-06-28,ru
2578,Lisa James,Hr Analyst,Dubai,I.T.,,True,ACTIVE,45410.0,2022-02-06,ru
2579,Jeremy Smith,Software eng.,Istanbul ,project management,,True,Active,115573.99,2017-09-30,tr
2580,Andrea Lee,software engineer,New York City,it,,True,Terminated,115762.23,2024-11-04,ru
2581,Brenda Harris,project manager,"London, UK",Human Resources,,True,TERMINATED,89316.76,2019-06-10,en
2582,Kevin Guerra,accountant,Berlin ,Information Technology,,True,Terminated,79549.4,2023-12-06,tr
2583,Cynthia Miller,SW Engineer,DUBAI,İnsan Kaynakları,,True,terminated,84480.22,2022-10-19,tr
2584,Emily Griffith,accountant,Istanbul,it,,True,Active ,55718.42,2022-03-28,en
2585,Christopher Wright,data analyst,"London, UK",it,,True,Active,82992.95,2019-02-12,en
2586,Jerome Reid,accountant,Moscow,engineering,,True,terminated,77845.42,2022-09-09,en
2587,Richard Miller,ACCOUNTANT,Dubai,Finance,,True,active,51365.05,2020-06-05,en
2588,Jennifer Jackson,accountant,Moscow,ENG,,True,active,63694.98,2022-09-24,en
2589,Jonathan Moss,data analyst,Moscow,İnsan Kaynakları,,True,Terminated,84501.33,2018-04-19,ru
2590,Sally Leon,Accountant,berlin,finance,,True,ACTIVE,59378.48,2016-04-10,ru
2591,James Dickerson,Civil Engineer,???,Information Technology,,True,terminated,62455.02,2022-05-14,tr
2592,Tammy Larson,PROJECT MANAGER,Dubai,unassigned,,True,Active,78386.56,2016-12-29,ru
2593,Nicholas Scott,HR ANALYST,Dubai,it,,True,Active ,54023.65,2017-06-21,en
2594,Jesse Brooks,DATA ANALYST,MOSCOW,PM,,True,Active,68519.8,2019-07-01,ru
2595,Andrea Taylor,Software eng.,Berlin,H.R.,,True,active,71230.29,2016-11-24,ru
2596,Christopher Lopez,hr analyst,london,human resources,,True,terminated,65172.99,2018-03-04,tr
2597,Jonathan Swanson,ACCOUNTANT,moscow,???,,False,terminated,60281.53,2020-08-17,ru
2598,Timothy Bentley DVM,Software eng.,Istanbul ,Fin.,,True,Active,97773.5,2015-01-29,tr
2599,John Davidson,SW Engineer,dubai,,,True,terminated,98145.9,2016-10-31,ru
2600,Jennifer Williams,HR Analyst,Istambul,Information Technology,,False,active,62240.12,2016-01-04,en
2601,Janice Cunningham,Software Engineer,Moskva,Finance,,False,TERMINATED,122576.67,2015-06-19,ru
2602,Jeffrey Scott,DATA ANALYST,New York,H.R.,,True,terminated,71131.09,2024-02-08,ru
2603,Miranda Hicks,various,Berlin ,Information Technology,,True,ACTIVE,56195.77,2015-11-25,en
2604,Michael Horton DDS,civil engineer,Berlin,IT,,True,Terminated,74993.9,2015-10-19,tr
2605,Nancy Allen,data analyst,new york,Fin.,,False,Active ,60364.75,2020-06-02,ru
2606,Robert Mccoy,accountant,Moskva,engineering,,True,TERMINATED,78717.56,2020-02-29,tr
2607,Melissa Brewer,CIVIL ENGINEER,ISTANBUL,engineering,,True,ACTIVE,77225.15,2016-12-16,ru
2608,Jesus Becker,,Istanbul ,it,,True,TERMINATED,49085.23,2020-08-22,ru
2609,Lance Lynn,SW Engineer,"Dubai, UAE",ENG,,False,Terminated,94569.31,2019-05-29,tr
2610,Alexandria Wise,ACCOUNTANT,new york,Engineering,,True,TERMINATED,54980.65,2024-09-19,en
2611,Sydney Sanders,Data Analyst,ISTANBUL,H.R.,,True,active,61805.11,2024-11-03,en
2612,Stephanie Stone,PROJECT MANAGER,moscow,project management,,True,terminated,90780.12,2019-09-15,en
2613,Jay Gallegos,CIVIL ENGINEER,istanbul,Fin.,,True,Terminated,86968.5,2018-06-09,en
2614,Eric Ponce,civil engineer,NYC,Engineering,,True,Terminated,78034.54,2018-03-29,en
2615,Janet Parker,HR ANALYST,Moskva ,I.T.,,True,terminated,67480.78,2019-07-29,ru
2616,Shawn Luna,project manager,london,Fin.,,True,terminated,106422.0,2020-12-03,ru
2617,Mark Frank,hr analyst,NEW YORK,HR,,True,Active ,47980.73,2020-12-06,en
2618,Charles Goodman,Data Analyst,New York City,it,,True,ACTIVE,83446.85,2015-11-09,en
2619,Jennifer Parker,SW Engineer,Dubai,ENG,,True,Active ,109236.04,2023-05-09,en
2620,Dr. April Jones,civil Engineer,Dubai,Fin.,,True,TERMINATED,70570.26,2022-01-10,ru
2621,Kelly Pena,misc,Istambul,Finance,,True,TERMINATED,60720.65,2017-12-26,ru
2622,Carolyn Brooks,civil engineer,moscow,???,,False,ACTIVE,84085.89,2023-07-17,en
2623,Christina White,accountant,Istambul,Eng.,,True,active,51802.34,2021-12-02,tr
2624,Joanne Olsen,Software eng.,new york,Finance,,True,TERMINATED,106382.27,2015-05-13,en
2625,Anthony White,Project Manager,Dubai,Finance,,True,ACTIVE,102081.93,2024-06-18,tr
2626,Deanna Barrera,HR ANALYST,London,FIN,,True,Terminated,61492.45,2020-06-29,tr
2627,Mark Weber,CIVIL ENGINEER,berlin,it,,True,Terminated,73769.16,2017-05-05,ru
2628,Carol Carter,PROJECT MANAGER,"London, UK",H.R.,,True,active,80920.91,2015-01-19,ru
2629,Donald Peterson,Project Manager,Istanbul ,human resources,,True,Active,108374.93,2019-10-09,tr
2630,Karen Chambers,Project Manager,Moskva ,project management,,False,Terminated,94308.48,2015-12-29,tr
2631,Antonio Walton,n/a,new york,project management,,True,Terminated,64999.93,2018-11-15,tr
2632,Kevin Huerta,ACCOUNTANT,New York,I.T.,,True,ACTIVE,57212.08,2023-09-01,ru
2633,Joseph Smith,data Analyst,DUBAI,H.R.,,True,Terminated,62822.82,2023-12-17,tr
2634,Victoria Juarez,HR Analyst,new york,Finance,,True,TERMINATED,52261.0,2015-12-04,tr
2635,Kara Rogers,Software Engineer,LONDON,engineering,,True,TERMINATED,120087.85,2021-12-31,ru
2636,Jacob Wu,hr analyst,LONDON,IT,,True,ACTIVE,55941.42,2021-05-25,tr
2637,Dr. Teresa Ortega MD,SW Engineer,Moskva,finance,,True,Terminated,110157.39,2021-10-27,ru
2638,Henry Rivera,misc,london,finance,,True,terminated,71690.48,2016-07-30,en
2639,Jesus Hale,software engineer,london,ENG,,True,Active ,77275.6,2018-12-01,tr
2640,Stacy Taylor,project manager,istanbul,IT,,False,Active ,114215.53,2024-04-15,tr
2641,Sheila Ramirez,Project Manager,dubai,İnsan Kaynakları,,True,terminated,85068.09,2022-06-16,en
2642,Robin Richardson,Civil Engineer,Dubai,it,,True,TERMINATED,84246.45,2019-08-29,ru
2643,Mary Alvarez,Software eng.,"Dubai, UAE",PMO,,True,Active ,127018.62,2021-12-04,en
2644,Cole Andersen,Accountant,ISTANBUL,IT,,True,terminated,72172.36,2021-12-31,en
2645,Robin Smith,hr analyst,BERLIN,finance,,True,Active,49714.81,2023-05-11,en
2646,Angel Aguirre,data analyst,NEW YORK,FIN,,False,terminated,63763.97,2019-04-29,ru
2647,Jeremy Lawson,DATA ANALYST,New York,Finance,,True,TERMINATED,60501.53,2018-03-16,tr
2648,Lonnie Miller,data Analyst,ISTANBUL,Eng.,,True,active,64865.58,2016-11-22,ru
2649,Timothy Galvan,DATA ANALYST,Istanbul,engineering,,True,Active ,58907.98,2023-08-06,tr
2650,Dr. Susan Navarro,Accountant,Berlin,I.T.,,True,Active ,60014.4,2018-02-05,ru
2651,Cory Thomas,Project Manager,LONDON,Fin.,,True,Active,70295.25,2024-10-15,en
2652,Laura Vincent,Project Manager,"Dubai, UAE",PM,,True,terminated,95105.32,2023-07-29,en
2653,Bethany Robles,Civil Engineer,moscow,PMO,,False,Terminated,80667.19,2020-08-24,tr
2654,Michael Dunn,Software eng.,Moscow,Finance,,True,Active ,110568.48,2016-02-05,en
2655,Carol Griffin,ACCOUNTANT,DUBAI,H.R.,,True,active,58045.84,2018-03-28,tr
2656,Matthew Allen,Accountant,Istanbul ,engineering,,True,TERMINATED,60153.51,2024-12-01,ru
2657,Paul Keller,data Analyst,Berlin,FIN,,True,ACTIVE,69555.8,2021-07-12,ru
2658,Jeffrey Baldwin,Data Analyst,Moskva ,Eng.,,True,Terminated,55495.28,2019-08-20,en
2659,Timothy Orr,Software Engineer,Moskva,ENG,,True,Active,89144.26,2019-07-14,en
2660,Connie Scott,data Analyst,berlin,human resources,,True,TERMINATED,74531.5,2021-03-16,ru
2661,Steven Martinez,Data Analyst,Berlin ,Information Technology,,True,Active ,57045.93,2017-04-19,ru
2662,Joseph Swanson,ACCOUNTANT,berlin,ENG,,True,Active ,57051.82,2021-07-29,tr
2663,Michael Wiggins,hr analyst,Moscow,PMO,,True,Active ,69904.88,2018-11-17,en
2664,Pamela Burke,HR Analyst,London,project management,,True,Active ,55429.47,2019-03-11,ru
2665,Jamie Love,civil engineer,BERLIN,ENG,,True,terminated,83397.41,2015-03-17,en
2666,Jane May,data Analyst,ISTANBUL,it,,True,TERMINATED,62245.65,2023-10-29,ru
2667,Savannah Stokes,ACCOUNTANT,London,İnsan Kaynakları,,True,active,75044.14,2024-03-30,tr
2668,Brian Miller,hr analyst,DUBAI,Information Technology,,True,terminated,69194.32,2016-11-01,tr
2669,Patrick Pineda,Hr Analyst,MOSCOW,Project Management,,True,Terminated,54807.07,2020-09-08,en
2670,Audrey Richardson,PROJECT MANAGER,dubai,Eng.,,False,Terminated,80052.58,2022-06-28,tr
2671,Tiffany Ray,SW Engineer,BERLIN,human resources,,True,ACTIVE,77865.8,2017-10-24,tr
2672,Antonio Nichols,Software eng.,new york,PM,,False,ACTIVE,117405.48,2020-08-15,ru
2673,Veronica Flores,Hr Analyst,Berlin,Project Management,,True,terminated,66357.91,2018-12-27,en
2674,Michael Hogan,civil engineer,dubai,it,,True,terminated,73672.2,2019-06-27,tr
2675,Lindsay Walker,SW Engineer,MOSCOW,Fin.,,True,Active,110703.99,2022-05-08,ru
2676,Joshua Murray,HR ANALYST,DUBAI,IT,,True,TERMINATED,49742.8,2018-08-03,ru
2677,Tommy Hood,Data Analyst,"London, UK",misc,,True,Terminated,55575.95,2022-10-27,ru
2678,Mr. Kyle Thomas DDS,accountant,BERLIN,PMO,,True,Active,69535.18,2023-06-27,tr
2679,Michele George,Accountant,Istambul,Human Resources,,True,Active,50920.73,2017-07-30,ru
2680,William Martinez,Software Engineer,Moskva ,Project Management,,False,Active,120764.56,2021-02-27,en
2681,Michelle Mendoza DVM,TBD,Moskva,İnsan Kaynakları,,True,Terminated,56595.19,2023-09-07,ru
2682,Michael Bennett DVM,Software eng.,berlin,PM,,True,Active ,102654.84,2018-08-28,ru
2683,Ronald Clark,Software eng.,new york,Information Technology,,True,ACTIVE,118215.55,2023-02-20,tr
2684,Rita Graves,Software eng.,Moskva ,FIN,,True,active,98636.47,2016-10-20,ru
2685,Sean White,Software eng.,Istanbul,???,,True,ACTIVE,97196.96,2020-10-13,en
2686,Mr. William Hopkins,software engineer,N/A,HR,,True,TERMINATED,114956.82,2015-08-16,en
2687,Wendy Kelley,Project Manager,london,I.T.,,True,TERMINATED,85451.51,2021-06-02,en
2688,Michael Mooney,Civil Engineer,Berlin,I.T.,,True,ACTIVE,70118.52,2015-02-24,ru
2689,Jeanne Rose,Data Analyst,new york,I.T.,,False,TERMINATED,58030.53,2018-12-18,tr
2690,Michael Lee,HR ANALYST,New York,unassigned,,True,Active,56212.02,2023-07-12,en
2691,Jennifer Anderson,data Analyst,Istanbul ,Information Technology,,True,Terminated,56269.58,2020-11-14,tr
2692,Lauren Trujillo,Civil Engineer,New York,ENG,,True,TERMINATED,73445.42,2020-12-02,en
2693,Michelle Ellis,HR Analyst,berlin,project management,,False,TERMINATED,54620.71,2020-04-16,en
2694,Chad Dominguez,Accountant,NYC,IT,,True,Active,76013.66,2018-10-29,ru
2695,Charles Robinson,Civil Engineer,"London, UK",PMO,,True,active,57363.02,2018-08-02,ru
2696,Nancy Smith,hr analyst,New York,finance,,False,Active ,55947.65,2016-11-26,ru
2697,Laura Gregory,Project Manager,Berlin ,Eng.,,True,terminated,90243.77,2022-10-30,ru
2698,Brittany Clements MD,SW Engineer,moscow,finance,,True,ACTIVE,84529.14,2020-10-23,tr
2699,Tammy Davis,data analyst,ISTANBUL,Eng.,,True,ACTIVE,81666.41,2020-05-05,en
2700,Catherine Williams,Project Manager,???,Finance,,True,Terminated,94722.27,2024-09-15,tr
2701,Miss Leslie Booker,ACCOUNTANT,Moskva ,it,,True,active,56700.18,2020-06-09,ru
2702,Jennifer Johnson,DATA ANALYST,Berlin ,human resources,,True,Terminated,63436.57,2018-05-16,tr
2703,John Watts,software engineer,new york,FIN,,True,terminated,122241.04,2022-02-26,en
2704,Marissa Bennett,Data Analyst,london,IT,,True,ACTIVE,80864.5,2022-06-17,tr
2705,Rebecca Barrett,Accountant,"Dubai, UAE",Eng.,,True,Terminated,74162.98,2015-04-11,en
2706,Sharon Santos,Accountant,DUBAI,Fin.,,True,Active ,67123.93,2016-09-26,en
2707,Matthew Richardson,Data Analyst,DUBAI,human resources,,True,active,81750.2,2021-07-02,ru
2708,Bradley Burns,Project Manager,Dubai,I.T.,,False,Terminated,96957.81,2017-09-06,en
2709,Katrina Johnson,Project Manager,New York,human resources,,True,active,115742.76,2022-06-28,ru
2710,Laura Hill,ACCOUNTANT,Berlin,Fin.,,True,Terminated,62798.97,2016-07-24,en
2711,Rebecca White,Accountant,istanbul,Finance,,True,Active ,59411.86,2019-05-03,en
2712,Mr. Jeffrey Duncan,accountant,dubai,Engineering,,True,TERMINATED,65619.96,2024-10-24,tr
2713,Arthur Stout,Software Engineer,Istambul,Engineering,,True,active,84078.37,2016-09-15,tr
2714,Cathy Hess,PROJECT MANAGER,Moskva,Eng.,,True,ACTIVE,103374.52,2024-01-19,en
2715,Justin Herrera,civil engineer,new york,human resources,,True,Active ,85744.14,2020-11-16,ru
2716,Katherine Stone,project manager,NYC,Finance,,True,Terminated,116321.61,2018-12-12,en
2717,Michelle Tyler,Accountant,Moscow,I.T.,,True,active,79472.87,2015-09-04,en
2718,Paul Sheppard,accountant,London,Fin.,,True,Active ,69803.67,2024-03-24,tr
2719,Catherine George,civil engineer,london,FIN,,True,Terminated,76827.56,2017-06-23,en
2720,Justin Mcbride,HR ANALYST,MOSCOW,Finance,,True,Active,59305.89,2015-02-27,ru
2721,Carl Harris,HR ANALYST,Moscow,H.R.,,True,Active,61469.49,2024-06-04,ru
2722,Justin York,Accountant,"London, UK",HR,,True,Active,73286.1,2023-07-12,ru
2723,William Hunter,ACCOUNTANT,NYC,human resources,,True,ACTIVE,67369.69,2022-07-13,tr
2724,Joshua Henderson,n/a,moscow,Engineering,,False,terminated,63214.62,2019-10-28,en
2725,April Turner,Software Engineer,New York,Finance,,True,ACTIVE,104009.29,2017-10-08,tr
2726,Kelly Patton,SW Engineer,ISTANBUL,human resources,,True,terminated,80581.06,2023-07-05,tr
2727,Jill Ray,project manager,Istambul,PM,,True,terminated,98107.11,2015-04-18,tr
2728,Kelly Andersen,misc,LONDON,HR,,True,Active,51404.24,2018-01-20,tr
2729,Joshua Clark,accountant,Berlin ,HR,,True,terminated,77339.16,2015-08-01,ru
2730,Robert Young,ACCOUNTANT,NYC,Fin.,,True,active,64149.97,2015-05-02,en
2731,Elijah Wall,ACCOUNTANT,DUBAI,Fin.,,True,TERMINATED,70226.25,2018-02-13,tr
2732,Lindsey Robinson,Software Engineer,"London, UK",Project Management,,True,Active ,68773.31,2016-02-29,en
2733,Carl Dean,Civil Engineer,Moskva ,İnsan Kaynakları,,True,TERMINATED,75042.83,2020-12-25,tr
2734,David James,HR Analyst,BERLIN,HR,,True,terminated,48418.31,2019-12-12,ru
2735,Jennifer Miller,accountant,Istambul,PM,,True,active,62011.49,2024-05-09,tr
2736,Jeffery Neal,Hr Analyst,Berlin,ENG,,True,Terminated,65749.1,2015-02-16,en
2737,Andrea Oconnor,Hr Analyst,BERLIN,ENG,,True,ACTIVE,60002.2,2022-11-26,en
2738,Melissa Lee MD,DATA ANALYST,Moscow,Fin.,,True,Terminated,72130.54,2015-06-01,ru
2739,Samantha Jacobs,software engineer,Berlin,Information Technology,,True,Terminated,90308.35,2017-08-12,tr
2740,Christian Riddle,DATA ANALYST,London,human resources,,True,ACTIVE,86798.33,2016-01-31,en
2741,Alexander Munoz,data Analyst,Berlin,Finance,,True,Terminated,64726.98,2016-10-23,en
2742,Caleb Rodriguez,data Analyst,"Dubai, UAE",Project Management,,True,Active ,71190.79,2016-05-01,en
2743,Andrea Bowman,ACCOUNTANT,NEW YORK,Fin.,,True,Terminated,53311.29,2016-10-16,tr
2744,Gavin Nelson,Hr Analyst,Moskva ,Engineering,,True,TERMINATED,59436.3,2015-04-16,tr
2745,Courtney Smith,DATA ANALYST,BERLIN,HR,,True,terminated,62941.84,2019-09-02,en
2746,Wayne Gray,Accountant,Moskva ,FIN,,True,terminated,53697.72,2022-12-18,en
2747,Timothy Thompson,CIVIL ENGINEER,NYC,Human Resources,,True,Active ,56805.43,2023-02-24,ru
2748,Elizabeth Nicholson,Hr Analyst,New York,PMO,,True,Active,57582.56,2020-02-01,en
2749,Joseph Graves PhD,ACCOUNTANT,DUBAI,Fin.,,False,ACTIVE,75580.89,2019-08-11,ru
2750,Lisa Mosley,DATA ANALYST,DUBAI,Fin.,,True,TERMINATED,87900.71,2015-10-02,en
2751,Travis Price,PROJECT MANAGER,DUBAI,engineering,,True,Active ,94778.26,2015-01-09,tr
2752,Patrick Faulkner,data analyst,MOSCOW,finance,,True,terminated,60523.19,2016-05-10,en
2753,Linda Atkinson,SW Engineer,MOSCOW,PMO,,True,Active ,65038.86,2022-12-04,tr
2754,Cameron Smith,Software Engineer,"Dubai, UAE",H.R.,,True,terminated,116789.22,2021-05-21,tr
2755,Brittney Martinez,ACCOUNTANT,Berlin,finance,,True,Active ,62216.07,2024-11-29,ru
2756,Nicolas Brown,hr analyst,Moskva,FIN,,True,TERMINATED,50803.36,2018-01-22,ru
2757,Vanessa Zimmerman,Project Manager,ISTANBUL,misc,,True,TERMINATED,102668.58,2018-08-04,tr
2758,Lee Mann,software engineer,DUBAI,human resources,,False,ACTIVE,105549.13,2016-09-25,tr
2759,William Lindsey,Software eng.,MOSCOW,PMO,,True,Terminated,86080.92,2022-04-24,en
2760,Desiree Patterson,HR ANALYST,"Dubai, UAE",I.T.,,True,Active,57514.48,2015-02-19,ru
2761,Sierra Cervantes,Project Manager,Berlin,Engineering,,False,Active,88908.2,2022-04-30,tr
2762,Scott Meza,project manager,???,FIN,,True,terminated,71508.62,2015-02-04,ru
2763,Erik Davis,Accountant,Istanbul ,Finance,,True,Terminated,53801.22,2024-05-22,tr
2764,Nicholas Duffy,Accountant,unknown,ENG,,True,Active ,62926.57,2019-02-08,en
2765,Anthony Paul,accountant,"London, UK",Finance,,True,TERMINATED,60037.26,2017-03-21,ru
2766,Katherine Baxter,data analyst,NYC,IT,,True,Terminated,58919.95,2018-02-09,tr
2767,Jessica Romero,data Analyst,London,finance,,True,terminated,59939.81,2023-09-05,ru
2768,Karen Robertson,CIVIL ENGINEER,Moskva ,Human Resources,,True,Active,72709.14,2024-06-02,tr
2769,Dr. Melissa Sullivan DDS,PROJECT MANAGER,BERLIN,Eng.,,True,Active,95766.32,2023-03-01,en
2770,Nichole Klein,PROJECT MANAGER,Berlin,Finance,,True,active,79629.51,2015-05-17,tr
2771,Nicole Sanchez,Software Engineer,Dubai,HR,,True,TERMINATED,118534.12,2022-02-12,en
2772,Tiffany Morrow,Software eng.,Moskva,Human Resources,,False,Terminated,73911.29,2018-04-05,ru
2773,Kelsey Lynch,accountant,"London, UK",finance,,True,ACTIVE,75918.5,2024-01-26,ru
2774,Traci Craig,accountant,unknown,I.T.,,False,Active ,67361.75,2023-05-10,ru
2775,Kelly Walker,data analyst,New York City,Fin.,,True,Terminated,84771.73,2018-03-15,tr
2776,Ryan Palmer,Hr Analyst,,HR,,False,TERMINATED,51766.75,2021-04-27,ru
2777,Jenny Gray,civil Engineer,istanbul,engineering,,True,ACTIVE,94159.43,2017-02-02,ru
2778,Brian Sloan,Project Manager,Moskva,I.T.,,True,Terminated,75928.5,2017-03-30,tr
2779,Joshua Miranda,HR ANALYST,ISTANBUL,İnsan Kaynakları,,True,TERMINATED,51981.34,2018-12-16,tr
2780,Edwin Carter,civil Engineer,Berlin,it,,True,Terminated,62845.78,2016-08-04,ru
2781,Oscar Carroll,Software Engineer,london,engineering,,True,Active,79995.24,2021-10-23,tr
2782,Eric Fitzpatrick,n/a,NYC,Project Management,,True,active,57428.34,2019-01-26,en
2783,Samantha Johnson,Project Manager,Istambul,I.T.,,True,ACTIVE,83878.65,2017-10-07,tr
2784,Luke Freeman,hr analyst,Moscow,engineering,,True,TERMINATED,69158.3,2019-09-25,tr
2785,Luis Murphy,Data Analyst,LONDON,PMO,,False,active,85536.89,2017-10-08,tr
2786,Aaron Zamora,civil Engineer,london,Project Management,,True,TERMINATED,79834.9,2023-05-18,ru
2787,Henry Garcia,accountant,istanbul,finance,,True,Active,60802.5,2020-02-11,ru
2788,Bradley Robertson Jr.,Civil Engineer,NYC,PM,,True,ACTIVE,58992.3,2015-05-23,en
2789,John Moore,Accountant,"Dubai, UAE",engineering,,True,TERMINATED,76195.44,2023-12-04,tr
2790,Courtney Foster,PROJECT MANAGER,New York City,finance,,True,Terminated,72798.89,2017-09-28,tr
2791,Jeffrey White,HR Analyst,berlin,I.T.,,True,Active,68342.76,2022-06-17,tr
2792,Ashley Gonzales,Software eng.,"Dubai, UAE",I.T.,,True,TERMINATED,69436.14,2017-05-31,tr
2793,Candice Gomez,ACCOUNTANT,London,ENG,,True,TERMINATED,73555.53,2021-04-13,ru
2794,Ian Harrell,DATA ANALYST,"Dubai, UAE",engineering,,True,active,71121.92,2022-07-26,en
2795,Colton Williams,ACCOUNTANT,Berlin ,FIN,,True,TERMINATED,52576.84,2024-09-13,en
2796,Patrick Santana,civil engineer,Moscow,IT,,True,ACTIVE,87679.89,2018-08-02,en
2797,Cristian Mendoza,CIVIL ENGINEER,New York City,misc,,True,Active ,80298.66,2015-01-07,tr
2798,Deborah Fisher,HR ANALYST,NYC,Information Technology,,True,Active,61834.69,2021-08-10,ru
2799,Rebecca Klein,accountant,LONDON,ENG,,False,ACTIVE,53728.93,2022-04-26,en
2800,Phillip Macias,Hr Analyst,new york,ENG,,True,Terminated,61996.14,2023-10-29,en
2801,Tammy Cameron,project manager,LONDON,Information Technology,,False,active,105442.97,2020-04-10,ru
2802,Brian Rodriguez,software engineer,Moskva,IT,,True,Active ,129769.17,2023-07-23,ru
2803,Christopher Porter,data analyst,DUBAI,project management,,True,terminated,60959.74,2022-05-12,en
2804,Cynthia Gregory,project manager,Dubai,engineering,,True,TERMINATED,77220.4,2024-12-22,ru
2805,William Mclaughlin,software engineer,london,Finance,,True,Active ,109757.24,2019-05-01,ru
2806,Dylan Tucker,data Analyst,"Dubai, UAE",human resources,,True,ACTIVE,77365.38,2017-08-26,en
2807,Danielle Hernandez,Project Manager,???,Eng.,,True,Terminated,113374.42,2018-10-11,ru
2808,Danielle Wang,data Analyst,london,Human Resources,,False,Active ,87395.33,2019-05-12,ru
2809,Wendy Wright,data analyst,MOSCOW,Information Technology,,False,TERMINATED,62156.86,2017-03-11,tr
2810,Christina Mccarthy,project manager,"Dubai, UAE",Eng.,,True,TERMINATED,108271.08,2019-12-10,ru
2811,Meredith Shaw,PROJECT MANAGER,London,FIN,,False,Active ,79107.35,2021-09-29,en
2812,Willie Garza,software engineer,NYC,it,,True,Active,79097.91,2019-05-21,tr
2813,Crystal Anderson,software engineer,berlin,PM,,True,active,114259.9,2020-05-28,en
2814,William Hickman,Accountant,dubai,IT,,False,ACTIVE,67713.08,2022-06-22,ru
2815,Luis Davis,HR Analyst,NEW YORK,,,True,Terminated,62270.08,2017-03-09,en
2816,Jason Torres,accountant,dubai,engineering,,True,ACTIVE,66295.04,2023-02-22,en
2817,Crystal Rogers,Software Engineer,NEW YORK,PM,,True,TERMINATED,120282.02,2018-08-07,en
2818,Jordan Schneider,civil engineer,london,it,,True,ACTIVE,56971.21,2019-07-10,tr
2819,Derrick Ramirez,accountant,NYC,HR,,True,ACTIVE,53266.17,2024-03-27,ru
2820,Jason Flores,Software eng.,"London, UK",FIN,,True,Active,117735.74,2024-04-22,ru
2821,Andrew Williams,HR Analyst,DUBAI,PM,,True,ACTIVE,56067.15,2020-05-18,tr
2822,Christy Kennedy,accountant,istanbul,project management,,False,ACTIVE,56557.31,2017-09-30,ru
2823,Ashlee Lopez,CIVIL ENGINEER,New York,,,True,ACTIVE,55156.19,2024-09-10,tr
2824,Heidi Torres,Project Manager,Berlin ,Engineering,,True,Terminated,118512.07,2018-07-22,tr
2825,Adam Arnold,SW Engineer,Moskva ,IT,,True,TERMINATED,93329.41,2018-12-04,tr
2826,Erin Figueroa,DATA ANALYST,LONDON,I.T.,,True,terminated,82992.62,2023-11-21,tr
2827,Richard Rice,HR ANALYST,Berlin ,H.R.,,True,ACTIVE,56936.79,2015-11-22,en
2828,Matthew Clark,SW Engineer,Istanbul ,Fin.,,True,terminated,124634.55,2020-10-27,ru
2829,Stephen Anderson,HR Analyst,???,project management,,True,active,53092.18,2017-07-31,ru
2830,Barbara Willis,CIVIL ENGINEER,NEW YORK,FIN,,True,Active,92022.33,2024-10-02,ru
2831,Martha Lee,hr analyst,Moskva,engineering,,True,Terminated,54296.48,2020-04-18,ru
2832,Tammy Jones,HR Analyst,Berlin,Information Technology,,True,Active ,58133.68,2020-04-11,tr
2833,Grace Swanson,Software eng.,dubai,project management,,True,active,95476.08,2017-10-09,ru
2834,Christina Le MD,Software eng.,"London, UK",İnsan Kaynakları,,True,Terminated,116412.61,2019-01-30,tr
2835,Joshua King,hr analyst,MOSCOW,Eng.,,True,active,60303.85,2018-12-27,en
2836,Sarah Meadows,Software Engineer,london,FIN,,True,ACTIVE,108596.23,2020-02-23,ru
2837,Stephanie West,HR ANALYST,new york,Information Technology,,False,TERMINATED,66981.77,2015-05-21,tr
2838,Susan Jones,PROJECT MANAGER,DUBAI,H.R.,,True,terminated,110320.69,2022-01-10,ru
2839,Timothy Gordon,Accountant,Istambul,it,,True,Active ,79212.37,2019-08-02,tr
2840,Kyle Horton,hr analyst,"London, UK",Engineering,,True,Terminated,58819.77,2024-09-13,tr
2841,Angel Knight,TBD,new york,project management,,False,ACTIVE,73925.35,2021-05-08,en
2842,Melissa Yang,civil Engineer,BERLIN,it,,True,TERMINATED,63167.54,2016-05-21,ru
2843,Michael Berg,SW Engineer,london,Eng.,,True,terminated,95862.22,2020-01-13,en
2844,Carol Christensen,CIVIL ENGINEER,DUBAI,Finance,,True,Terminated,60233.54,2022-09-20,tr
2845,Richard Morales,Project Manager,Berlin,İnsan Kaynakları,,True,terminated,94221.54,2016-09-02,en
2846,Clinton Moore,civil engineer,Berlin,ENG,,True,terminated,86568.38,2017-09-29,en
2847,Michael Suarez,data analyst,"London, UK",İnsan Kaynakları,,True,TERMINATED,58009.67,2016-01-01,en
2848,Joy Zimmerman,SW Engineer,DUBAI,HR,,False,active,118901.89,2021-03-18,tr
2849,Elizabeth Robinson,software engineer,istanbul,Project Management,,True,Terminated,85003.78,2022-10-21,tr
2850,Kristen Jackson,HR Analyst,Berlin,Eng.,,True,Terminated,66770.69,2023-05-05,en
2851,David Williams,HR ANALYST,London,it,,True,ACTIVE,61697.07,2021-11-14,tr
2852,Stephen Ho,data analyst,"Dubai, UAE",,,True,active,62410.16,2020-07-23,tr
2853,Richard Day,civil Engineer,ISTANBUL,HR,,False,Active ,78181.98,2015-02-26,tr
2854,Rodney Nichols,ACCOUNTANT,Berlin,PMO,,True,Active,56894.68,2022-08-14,en
2855,Gregory Jacobs,civil Engineer,Berlin,Finance,,True,Terminated,71354.15,2016-09-26,ru
2856,Bradley Thornton,Software eng.,Istambul,human resources,,True,Terminated,121350.49,2020-08-02,tr
2857,Miranda Ortiz,project manager,DUBAI,PM,,False,Active ,115187.16,2020-07-24,en
2858,Erika Brown,software engineer,London,finance,,True,Terminated,123282.54,2016-03-05,ru
2859,Samantha Robinson,PROJECT MANAGER,Istambul,FIN,,True,Active ,84290.32,2024-05-30,tr
2860,Cassandra Bonilla,PROJECT MANAGER,Moskva,Project Management,,False,Terminated,100147.02,2021-08-30,ru
2861,Veronica Osborne,Software eng.,new york,finance,,True,Active ,108931.78,2018-01-11,en
2862,Ashley Reese,project manager,Istambul,human resources,,True,terminated,87074.33,2019-10-29,tr
2863,Matthew Berg,CIVIL ENGINEER,Istanbul,ENG,,True,terminated,78025.58,2022-01-18,ru
2864,Kristen Montoya,n/a,Istambul,Finance,,True,ACTIVE,96279.58,2016-09-11,ru
2865,Derrick Perkins,Data Analyst,istanbul,Finance,,True,Active ,58686.21,2020-01-23,en
2866,Nicole Moore,Software eng.,istanbul,project management,,True,Terminated,122335.74,2016-05-21,tr
2867,Nicholas Richardson,data Analyst,DUBAI,PMO,,True,TERMINATED,89147.08,2015-10-26,en
2868,Anna White,various,"London, UK",Fin.,,True,TERMINATED,65374.58,2022-04-12,ru
2869,Scott Lopez,hr analyst,london,Engineering,,True,terminated,62781.03,2015-03-02,ru
2870,Nicholas Holland Jr.,ACCOUNTANT,ISTANBUL,human resources,,True,Active,69625.55,2016-01-28,tr
2871,Christopher Long,PROJECT MANAGER,Moscow,PMO,,True,Active,76758.6,2020-08-13,tr
2872,Andrea Jones,CIVIL ENGINEER,DUBAI,Engineering,,True,TERMINATED,77534.71,2017-12-01,en
2873,Terry Waller,data Analyst,NEW YORK,Human Resources,,True,terminated,84611.12,2019-06-15,en
2874,Joseph Acosta,Project Manager,Istambul,engineering,,True,Active,117960.0,2016-08-22,ru
2875,Lindsey Gray,civil Engineer,Dubai,ENG,,False,active,66563.62,2024-12-24,tr
2876,Ronald Hines,data analyst,London,project management,,True,Active ,61437.74,2019-03-13,en
2877,Amanda Wright,Software Engineer,berlin,Project Management,,False,ACTIVE,126998.18,2020-02-01,en
2878,Charles Burton,hr analyst,new york,IT,,True,active,53532.23,2023-12-05,en
2879,Vincent Rosario,SW Engineer,London,ENG,,True,TERMINATED,99023.32,2017-08-04,en
2880,Noah Morgan,project manager,london,IT,,True,Active,98744.84,2017-11-14,en
2881,Christina Castillo,ACCOUNTANT,moscow,it,,True,Terminated,61034.84,2023-10-31,ru
2882,Jill Martin,accountant,NEW YORK,Fin.,,True,Active ,74934.66,2019-10-22,en
2883,Christopher Brown,SW Engineer,"London, UK",it,,True,TERMINATED,107141.06,2021-01-19,ru
2884,Lori Martinez,data Analyst,New York,H.R.,,True,active,59044.93,2023-11-25,en
2885,Ashley Phillips,project manager,NEW YORK,IT,,False,Active,107868.12,2016-04-18,en
2886,Sara Thomas,Civil Engineer,moscow,Project Management,,True,ACTIVE,88968.3,2019-04-19,en
2887,Allison Simmons,DATA ANALYST,dubai,H.R.,,True,Active ,87790.73,2021-03-01,en
2888,Matthew Perez,software engineer,Istanbul,Human Resources,,True,terminated,102835.36,2018-10-01,en
2889,Janice Henson,civil engineer,BERLIN,İnsan Kaynakları,,True,ACTIVE,72639.04,2019-09-05,en
2890,Ashley Jackson,n/a,NEW YORK,Finance,,True,ACTIVE,72112.78,2020-11-29,ru
2891,Brian Sosa,SW Engineer,London,H.R.,,True,terminated,102772.77,2019-12-23,ru
2892,Luis Wilson,Project Manager,moscow,IT,,True,Active ,77557.94,2021-12-06,ru
2893,Tamara Huang,CIVIL ENGINEER,DUBAI,Eng.,,True,TERMINATED,91404.61,2019-07-01,tr
2894,Cassandra Moreno,CIVIL ENGINEER,berlin,H.R.,,False,active,61499.28,2020-08-13,ru
2895,Meghan Hernandez,hr analyst,NYC,PMO,,False,Active ,63526.8,2021-06-06,en
2896,Elizabeth Roth,misc,"Dubai, UAE",PM,,True,ACTIVE,110719.52,2023-12-01,en
2897,Brian Hendricks,civil Engineer,"London, UK",H.R.,,True,Active,56470.84,2017-06-26,en
2898,Tasha Cochran,Civil Engineer,Dubai,misc,,True,Terminated,69306.24,2022-06-19,tr
2899,Angela Smith,software engineer,DUBAI,finance,,True,TERMINATED,74655.91,2017-04-22,ru
2900,Brittany Rios,CIVIL ENGINEER,dubai,Finance,,True,Terminated,81355.13,2020-12-03,en
2901,James Griffith,project manager,istanbul,H.R.,,True,active,95560.67,2021-09-13,ru
2902,Karen Jones,HR ANALYST,moscow,it,,True,Terminated,46615.74,2017-02-10,en
2903,Tina Ramirez,civil Engineer,MOSCOW,FIN,,True,ACTIVE,66519.71,2022-04-29,en
2904,Zachary White,data analyst,ISTANBUL,project management,,True,Active ,84674.04,2024-05-15,tr
2905,Francisco Coleman,civil engineer,DUBAI,PMO,,True,active,82819.98,2018-03-07,ru
2906,Jennifer Leon,PROJECT MANAGER,New York City,engineering,,True,ACTIVE,111489.02,2021-10-05,ru
2907,Robert Valdez,HR ANALYST,Moscow,PM,,True,active,66043.31,2015-01-17,tr
2908,Jason Crawford,data analyst,Istambul,Human Resources,,True,TERMINATED,75030.44,2019-01-08,en
2909,Kim Underwood,CIVIL ENGINEER,Berlin,FIN,,True,TERMINATED,57696.84,2020-08-31,en
2910,Kevin Fisher,TBD,london,it,,False,TERMINATED,99841.35,2020-06-21,tr
2911,Melissa Goodman,Software Engineer,Dubai,IT,,True,active,108403.25,2016-07-25,tr
2912,Cynthia Smith,Civil Engineer,unknown,engineering,,True,Terminated,60480.13,2023-06-27,ru
2913,Alicia Grant DVM,data analyst,MOSCOW,Eng.,,True,terminated,82690.51,2017-04-05,ru
2914,Amy Bailey,,"Dubai, UAE",Eng.,,True,ACTIVE,70593.27,2020-05-24,ru
2915,Sharon Fuentes,CIVIL ENGINEER,moscow,Information Technology,,False,ACTIVE,89377.19,2024-06-30,ru
2916,Charles Castaneda,PROJECT MANAGER,Istanbul,I.T.,,True,Terminated,118388.0,2017-01-16,ru
2917,Susan Sanchez,Software Engineer,Istambul,I.T.,,True,active,109265.99,2017-09-07,ru
2918,Amy Taylor,Data Analyst,Moscow,human resources,,False,active,66486.06,2024-09-27,ru
2919,Michele Bennett,data analyst,LONDON,I.T.,,False,Active,80524.97,2021-04-03,ru
2920,Vincent Watson,CIVIL ENGINEER,Istanbul ,Fin.,,True,active,55477.5,2020-10-27,en
2921,Mary Jones,civil Engineer,TBD,human resources,,True,Active,57163.39,2016-03-13,tr
2922,Sheila Johnson,PROJECT MANAGER,Istanbul,PM,,True,active,101897.47,2017-08-05,tr
2923,Bob Jones,software engineer,Moscow,,,True,TERMINATED,75988.28,2024-11-23,en
2924,Robin Hernandez,PROJECT MANAGER,moscow,ENG,,True,Active,97588.49,2022-06-28,tr
2925,Patrick Adkins,Civil Engineer,Istanbul ,ENG,,True,Terminated,94011.45,2023-04-04,ru
2926,Elizabeth Jenkins,SW Engineer,Istambul,HR,,True,ACTIVE,117445.94,2015-03-08,ru
2927,Richard Dominguez,data Analyst,"London, UK",Project Management,,False,Active,75057.48,2016-03-03,tr
2928,Christopher Ibarra,accountant,NYC,Engineering,,True,terminated,75230.71,2021-12-25,en
2929,Paul Gordon,ACCOUNTANT,London,Eng.,,True,active,74322.51,2018-03-20,ru
2930,Ronnie Frazier,hr analyst,berlin,H.R.,,True,terminated,56219.15,2018-01-10,ru
2931,Kristen Gallegos,civil Engineer,istanbul,FIN,,True,terminated,79236.18,2019-12-12,tr
2932,Kathryn Fletcher,n/a,Dubai,Engineering,,True,ACTIVE,117825.76,2022-11-14,ru
2933,Christopher Dudley,Accountant,Moskva ,İnsan Kaynakları,,True,Terminated,59799.26,2023-01-25,tr
2934,Vanessa Martinez,hr analyst,MOSCOW,FIN,,False,Terminated,68943.71,2019-02-24,tr
2935,Manuel Robinson,project manager,DUBAI,PMO,,False,active,89677.92,2022-08-15,en
2936,Paul Hansen,PROJECT MANAGER,Moscow,human resources,,True,ACTIVE,87455.73,2015-03-20,tr
2937,Rose Mcdonald,various,moscow,Fin.,,True,terminated,70677.57,2017-11-09,ru
2938,Martin Wilcox,accountant,NEW YORK,unassigned,,True,TERMINATED,74291.86,2024-08-22,ru
2939,Robert Lucas,Software eng.,"London, UK",ENG,,True,active,99472.38,2016-01-01,tr
2940,Brian Miller,project manager,Moskva,H.R.,,True,terminated,75875.08,2016-03-21,ru
2941,Sarah Johnson,project manager,MOSCOW,H.R.,,True,TERMINATED,117470.28,2019-05-06,en
2942,Joshua Jones,Data Analyst,Moscow,engineering,,True,Active ,57026.88,2020-09-19,ru
2943,Nicole Parker,Project Manager,NYC,PMO,,True,ACTIVE,74199.88,2023-08-31,en
2944,Margaret Johnson,PROJECT MANAGER,Moskva,project management,,True,Terminated,99784.84,2023-01-15,ru
2945,William Cunningham,ACCOUNTANT,Berlin,FIN,,True,terminated,67232.97,2021-02-07,ru
2946,Rachel Williams,DATA ANALYST,london,it,,False,TERMINATED,88514.91,2022-07-21,ru
2947,Tony Smith,Hr Analyst,LONDON,Information Technology,,True,ACTIVE,66411.73,2020-02-05,en
2948,Douglas Sanders,Project Manager,london,Information Technology,,True,Terminated,104710.0,2021-08-06,en
2949,Paul Swanson,SW Engineer,berlin,finance,,True,ACTIVE,107161.81,2020-07-25,en
2950,Michele Davis,PROJECT MANAGER,BERLIN,PMO,,True,active,112285.76,2023-03-25,tr
2951,Patrick Garcia,DATA ANALYST,"Dubai, UAE",,,True,Terminated,71846.14,2024-06-26,ru
2952,Brittany Matthews,data analyst,Moskva,Finance,,True,Terminated,63961.66,2022-10-05,tr
2953,Kevin Christian,HR ANALYST,BERLIN,PM,,True,TERMINATED,51458.41,2019-01-02,ru
2954,Christian Ford,various,DUBAI,???,,True,Active,79144.69,2017-06-02,en
2955,Anna Higgins,data Analyst,"Dubai, UAE",Eng.,,True,Active,75012.46,2023-01-17,tr
2956,Rhonda Pena,software engineer,BERLIN,Eng.,,True,Active ,117712.17,2020-03-18,ru
2957,Candace Stuart,DATA ANALYST,DUBAI,finance,,False,ACTIVE,88617.7,2018-12-24,en
2958,Monica Curtis,HR ANALYST,"London, UK",PM,,True,terminated,52198.17,2022-08-18,ru
2959,Gloria Floyd,HR ANALYST,BERLIN,H.R.,,False,ACTIVE,54704.93,2015-09-11,ru
2960,Isaac Chase,software engineer,berlin,Engineering,,True,active,114023.93,2016-08-02,en
2961,Steven Schroeder,Software Engineer,LONDON,engineering,,True,TERMINATED,100893.05,2018-12-14,tr
2962,Daniel Bishop,Accountant,Berlin,human resources,,False,Terminated,52045.14,2021-09-21,en
2963,Christian Burton,civil engineer,New York City,FIN,,True,active,88055.99,2019-02-14,tr
2964,Robert Thomas PhD,HR Analyst,"London, UK",PM,,True,terminated,50195.2,2024-12-04,ru
2965,Tracy Harrington,Software Engineer,Istanbul ,I.T.,,True,TERMINATED,84921.92,2017-09-24,en
2966,Brandon Edwards,hr analyst,dubai,PMO,,True,TERMINATED,46865.5,2018-12-14,en
2967,Candice Ramirez,PROJECT MANAGER,Istambul,project management,,True,TERMINATED,95551.33,2023-01-22,ru
2968,Brandon White,DATA ANALYST,"Dubai, UAE",it,,True,Active,88863.3,2020-08-01,tr
2969,Deanna Kennedy,civil Engineer,London,HR,,True,TERMINATED,86372.82,2019-04-10,ru
2970,Shawn Santos,Software Engineer,ISTANBUL,misc,,False,active,83567.97,2021-05-10,en
2971,Caleb Carroll,Data Analyst,Istanbul ,finance,,True,terminated,61301.13,2021-12-15,ru
2972,Scott Morales,Civil Engineer,N/A,Finance,,True,terminated,81468.88,2019-02-21,ru
2973,Sylvia Anderson,software engineer,london,human resources,,True,active,110048.55,2020-01-22,ru
2974,Ryan Crane,Civil Engineer,London,project management,,True,Active ,63522.98,2015-07-01,en
2975,Michael Hunter,Software Engineer,Moscow,misc,,True,Active,75353.95,2019-08-31,en
2976,Shawn Fleming,PROJECT MANAGER,Istanbul ,PM,,False,Terminated,115777.49,2017-10-19,ru
2977,Maria Figueroa,civil engineer,Berlin,Fin.,,True,active,68558.47,2015-10-14,tr
2978,Roberto Smith,Civil Engineer,Moskva ,Fin.,,True,Terminated,62621.63,2023-06-27,ru
2979,Donna Moore,Project Manager,???,Project Management,,False,Terminated,93609.76,2024-09-12,ru
2980,Benjamin Price,data Analyst,MOSCOW,I.T.,,True,Active ,64024.84,2020-08-05,en
2981,Brandon Owens,software engineer,moscow,IT,,False,TERMINATED,69916.51,2020-06-30,en
2982,Stephanie Marshall,data Analyst,berlin,PMO,,True,terminated,80694.26,2023-05-17,en
2983,Nicholas Lowery,software engineer,BERLIN,Eng.,,True,ACTIVE,69211.84,2022-05-18,ru
2984,Patricia Gonzalez,Accountant,Istambul,I.T.,,False,ACTIVE,51883.05,2016-09-05,en
2985,Evan Davies,software engineer,"London, UK",IT,,True,Active ,123608.8,2022-07-14,en
2986,Dr. John Ramirez,data analyst,Berlin ,,,True,ACTIVE,85294.13,2019-11-07,en
2987,Christopher Harrison,data analyst,MOSCOW,Finance,,True,Active ,74375.89,2020-02-14,ru
2988,Erica Johnson,software engineer,Moskva ,PMO,,True,Terminated,109723.83,2021-03-16,en
2989,Jamie Mayer,hr analyst,NEW YORK,HR,,True,active,56311.88,2017-06-28,en
2990,Jeffrey Kennedy,ACCOUNTANT,"London, UK",Finance,,True,Active,51348.17,2022-09-19,ru
2991,Sean Cisneros,Civil Engineer,"Dubai, UAE",IT,,True,ACTIVE,86903.89,2015-03-01,tr
2992,Debra Reid,software engineer,Berlin,ENG,,True,Active ,75946.16,2020-02-18,en
2993,Benjamin Sullivan,accountant,ISTANBUL,FIN,,True,terminated,76970.32,2021-06-03,ru
2994,Michael Savage,software engineer,NEW YORK,project management,,True,ACTIVE,121012.16,2015-09-06,tr
2995,Mckenzie Green,project manager,istanbul,FIN,,True,Active ,70917.07,2017-04-16,tr
2996,Anna Valenzuela,HR ANALYST,Berlin ,İnsan Kaynakları,,True,active,60993.05,2018-03-22,en
2997,Paul Martin,Project Manager,dubai,Human Resources,,True,Active,85659.01,2021-10-31,tr
2998,Jason Alvarez,PROJECT MANAGER,"Dubai, UAE",H.R.,,True,Active ,109840.11,2015-07-28,tr
2999,Caitlyn Horton,Project Manager,,Engineering,,True,Active,96488.39,2017-02-09,en
3000,Michael Price,CIVIL ENGINEER,Dubai,Finance,,True,Terminated,63390.04,2017-01-07,ru
