employee_id,full_name,role,city,department_id,is_payroll,employee_status,hire_date
3,Angie Henderson,Civil Engineer,New York,1,True,terminated,2015-11-19
4,Daniel Wagner,Data Analyst,New York,3,True,active,2020-02-01
5,Cristian Santos,HR Analyst,New York,3,True,active,2022-09-19
6,Connie Lawrence,Civil Engineer,Istanbul,1,False,terminated,2020-08-06
7,Abigail Shaffer,HR Analyst,Dubai,2,True,terminated,2020-09-18
8,Gina Moore,Data Analyst,Moscow,1,False,terminated,2024-08-26
9,Gabrielle Davis,Data Analyst,Dubai,5,True,active,2020-08-12
10,Ryan Munoz,HR Analyst,Berlin,3,True,active,2024-01-18
11,Monica Herrera,Civil Engineer,Istanbul,2,False,active,2019-09-30
13,Lisa Hensley,Civil Engineer,Moscow,2,True,active,2021-06-18
14,Michele Williams,Civil Engineer,Istanbul,4,True,terminated,2016-02-08
15,Dylan Miller,HR Analyst,London,1,True,terminated,2024-08-29
16,Brian Ramirez,Civil Engineer,Moscow,5,True,active,2019-05-19
17,Holly Wood,HR Analyst,London,4,True,terminated,2021-07-20
19,Lisa Jackson,Project Manager,Berlin,4,True,terminated,2015-10-25
21,Margaret Hawkins DDS,Data Analyst,Berlin,5,False,active,2023-01-18
22,Patty Perez,Project Manager,Istanbul,5,True,active,2016-10-23
23,Ethan Adams,Civil Engineer,London,5,True,active,2023-12-05
24,Tommy Walter,Project Manager,New York,2,True,terminated,2016-12-26
25,Matthew Foster,Data Analyst,Moscow,3,True,terminated,2024-02-27
26,Judy Baker,Civil Engineer,New York,2,True,terminated,2022-08-15
27,Justin Baker,HR Analyst,New York,1,True,active,2016-04-18
28,Stephanie Ross,Data Analyst,Berlin,3,True,active,2024-07-05
29,Zachary Hicks,Data Analyst,Dubai,5,True,terminated,2023-05-23
30,Anthony Rodriguez,Project Manager,Berlin,4,True,active,2020-09-24
31,Rebecca Henderson,Accountant,Dubai,1,True,terminated,2015-04-11
34,Nathan Maldonado,HR Analyst,Berlin,5,True,terminated,2017-09-06
35,Debra Davidson,Project Manager,London,3,False,terminated,2019-08-27
36,Jeffrey Chavez,Civil Engineer,New York,4,True,terminated,2019-04-08
37,Sherri Baker,Software Engineer,Moscow,3,True,terminated,2023-02-14
38,Cassandra Gaines,Software Engineer,London,5,False,active,2018-08-31
39,Elizabeth Fowler,Civil Engineer,London,4,True,active,2023-06-17
41,Paula Moreno,Civil Engineer,Berlin,2,True,terminated,2022-09-29
42,Fred Smith,Accountant,Istanbul,3,True,terminated,2024-03-22
43,Sherry Decker,Data Analyst,Moscow,3,True,terminated,2020-06-03
44,Anthony Humphrey,Civil Engineer,London,3,True,terminated,2018-08-24
45,Angelica Tucker,Project Manager,London,3,False,terminated,2023-07-03
46,Philip Cannon,Civil Engineer,Dubai,4,True,terminated,2018-11-09
47,John Pierce,Project Manager,Dubai,3,False,terminated,2017-01-28
48,Shane Henderson,Civil Engineer,Istanbul,3,True,terminated,2015-08-12
49,Joshua Blair,Civil Engineer,New York,4,True,terminated,2024-03-21
51,Jessica Holmes,Software Engineer,Berlin,5,True,terminated,2023-07-22
53,Crystal Robinson,Project Manager,Dubai,1,False,active,2015-09-02
54,Mark Perez,Software Engineer,New York,5,True,terminated,2021-09-15
55,Shannon Jones,Civil Engineer,London,5,True,active,2020-04-11
56,Michael Lewis,Accountant,Dubai,3,True,terminated,2019-08-14
57,Timothy Duncan,Software Engineer,London,4,True,terminated,2022-05-17
58,Richard Aguirre,Accountant,London,1,True,terminated,2024-11-16
60,John Daniel,Software Engineer,Istanbul,3,True,terminated,2016-07-13
61,Victoria Garcia,Civil Engineer,New York,3,True,terminated,2018-09-23
62,Gerald Hensley,HR Analyst,Berlin,4,True,terminated,2019-04-11
64,Donald Wright,Data Analyst,London,3,True,terminated,2024-10-13
65,Jessica Callahan,Data Analyst,Moscow,1,True,active,2022-10-13
66,Amber Kidd,Project Manager,Moscow,3,False,terminated,2015-11-20
67,Tracy House,HR Analyst,London,4,True,terminated,2016-10-09
68,Carol Tucker,Data Analyst,London,5,True,terminated,2021-05-31
69,James Brown,Data Analyst,Berlin,3,True,terminated,2020-07-27
70,William Baker,Data Analyst,Istanbul,3,True,terminated,2022-01-14
71,Jordan Henderson,Accountant,Moscow,4,True,active,2024-10-29
72,Whitney Peters,Software Engineer,Berlin,2,True,terminated,2022-07-25
73,Brittney Phillips,Civil Engineer,Berlin,1,True,active,2019-03-02
74,Lauren Daniels,Accountant,Dubai,4,True,terminated,2019-07-31
75,Amy Silva,Software Engineer,Istanbul,1,True,active,2021-01-21
76,Sarah Moore,Software Engineer,Berlin,4,True,terminated,2022-09-09
77,Angela Lopez,Project Manager,Berlin,1,False,active,2018-09-28
79,Steve Sanchez,Civil Engineer,Istanbul,1,False,active,2015-09-18
80,Lisa Barnes,Software Engineer,London,5,True,active,2022-09-11
81,Kelly Donovan,Project Manager,London,1,False,active,2021-09-12
82,Mike Allen,Civil Engineer,New York,5,True,active,2016-01-25
83,Michael Evans,HR Analyst,London,3,True,active,2021-03-28
84,Paul Jones,Project Manager,Berlin,1,False,terminated,2016-09-25
85,Zachary Ferrell,Accountant,London,1,True,active,2021-11-18
86,Daniel Baker,Civil Engineer,Dubai,5,True,terminated,2022-05-16
87,Shirley Suarez,Data Analyst,Moscow,1,True,terminated,2021-09-08
88,Christopher Bass,Data Analyst,Moscow,2,True,terminated,2016-04-11
89,Lisa Archer,Accountant,London,3,True,terminated,2023-08-10
90,Aimee Montoya,Civil Engineer,New York,3,False,terminated,2018-12-21
91,Matthew Mcmillan,Software Engineer,London,4,True,terminated,2018-08-23
92,Brian Rodriguez,Software Engineer,Berlin,3,True,active,2018-09-26
94,Christina Walters,Data Analyst,Berlin,1,True,terminated,2022-01-02
95,John Whitehead,Civil Engineer,Dubai,2,True,terminated,2020-01-26
96,Anna Henderson,Data Analyst,Moscow,3,True,terminated,2021-05-30
97,Aaron Wise,Accountant,Istanbul,5,False,active,2016-12-07
98,Deborah Figueroa,Project Manager,Istanbul,4,True,terminated,2015-09-27
99,Jessica Smith,Project Manager,Moscow,4,False,active,2022-06-05
100,Stephen Mckee,Accountant,Istanbul,1,True,terminated,2022-03-31
101,Sandra Aguilar,Project Manager,London,1,True,active,2024-06-20
102,Cameron Parker,Accountant,Berlin,3,True,active,2015-06-28
103,Rebecca Valencia,Data Analyst,New York,4,True,active,2021-05-25
104,Christine Wright,HR Analyst,London,4,False,active,2020-10-14
106,Marc Moore,Project Manager,New York,4,True,active,2018-03-21
107,Sharon Cherry,Accountant,Dubai,4,True,active,2016-03-31
110,Sharon Cochran,Civil Engineer,Berlin,4,True,terminated,2016-02-29
111,Richard Rodriguez,Project Manager,Dubai,2,True,terminated,2024-02-06
112,Shannon Walker,HR Analyst,Moscow,1,True,active,2015-05-30
113,Julia Torres,Data Analyst,Istanbul,3,True,terminated,2018-10-20
114,Crystal Johnson,Civil Engineer,London,3,True,active,2022-05-31
115,Garrett Lin,HR Analyst,New York,5,False,terminated,2023-11-16
116,Diana May,Civil Engineer,Moscow,3,False,terminated,2015-05-13
117,William Herrera,Software Engineer,Istanbul,3,True,active,2020-08-06
118,Ashley Waller,Data Analyst,London,3,True,active,2016-12-08
119,Victor Baker,Data Analyst,London,3,True,terminated,2020-09-14
120,Jeffrey Chandler,Software Engineer,Moscow,2,True,terminated,2015-09-27
121,Larry Dixon,Software Engineer,London,5,True,active,2023-10-01
122,Kenneth Scott,Accountant,Dubai,2,True,active,2020-10-26
123,April Frost,HR Analyst,Moscow,2,True,active,2018-10-14
124,Michelle Harmon,Data Analyst,Moscow,1,True,active,2018-05-22
125,Helen Jones,Civil Engineer,Istanbul,3,True,active,2018-07-31
126,Erin Edwards,Accountant,New York,2,True,active,2019-04-23
127,Michelle Evans,Accountant,London,2,True,terminated,2015-04-05
128,Jason Powell,Accountant,London,2,True,active,2015-02-03
129,Cameron Fisher,Software Engineer,London,3,False,active,2020-01-19
130,Megan Orr,HR Analyst,New York,5,True,terminated,2020-09-16
131,Elizabeth Kelley,HR Analyst,Berlin,1,True,terminated,2016-10-27
133,Mary Marshall,Project Manager,Dubai,5,True,active,2016-08-28
134,Daniel Kennedy,HR Analyst,Istanbul,5,True,terminated,2020-04-15
135,Rebecca Jackson,Accountant,Dubai,2,True,terminated,2022-07-31
136,Jose Schultz,HR Analyst,Dubai,5,True,terminated,2022-09-28
137,Robert Potter,Accountant,London,4,False,terminated,2023-09-02
138,Courtney Gonzalez,Project Manager,New York,3,True,terminated,2016-07-16
139,David Alvarez,Data Analyst,Berlin,2,False,active,2021-03-04
140,Angel Perry,Project Manager,London,4,False,terminated,2024-07-14
141,Cheyenne Horton,Software Engineer,Istanbul,2,True,active,2018-03-11
142,David Douglas Jr.,Project Manager,Dubai,2,True,active,2023-11-13
143,Patricia Rodriguez,Software Engineer,Berlin,2,True,active,2017-12-04
144,Christopher Rubio,Project Manager,Istanbul,3,True,active,2019-07-19
145,Amber Wright,Project Manager,Berlin,1,True,active,2022-11-15
146,Joyce Solis,Accountant,London,2,True,terminated,2021-01-07
147,Victoria Larson,Civil Engineer,Istanbul,5,True,terminated,2021-04-28
148,Stephanie Salazar,Software Engineer,Berlin,3,True,active,2015-10-10
149,Kathy Rivas,HR Analyst,Moscow,4,True,terminated,2024-10-22
150,Stephanie Manning,Accountant,Istanbul,1,True,active,2019-10-04
151,David Wright,Project Manager,London,2,True,terminated,2023-08-04
152,Pamela Boyd,Accountant,Istanbul,1,True,terminated,2021-01-19
153,Denise Jones,HR Analyst,Moscow,5,True,terminated,2015-09-07
154,Devon Flores,Civil Engineer,Berlin,4,True,terminated,2020-04-23
155,Brenda Hall,Civil Engineer,Istanbul,2,True,terminated,2020-01-17
156,Michelle Brown,Project Manager,Moscow,2,True,active,2024-10-01
157,Joshua Perry,Data Analyst,New York,2,True,terminated,2018-03-05
158,Jason Stein,Project Manager,London,3,False,terminated,2019-02-27
159,Melissa Gates,Data Analyst,London,5,True,active,2017-07-31
160,Jamie Smith,Project Manager,Berlin,4,True,terminated,2024-12-21
161,Paul Castaneda,Civil Engineer,Dubai,5,False,active,2020-02-11
163,Lindsey Walker,Civil Engineer,Dubai,2,True,active,2019-07-22
164,Jeffrey Johnson,Data Analyst,Berlin,2,True,active,2015-12-05
165,Michael Powell,Accountant,London,5,True,active,2022-09-04
166,John Anderson,Civil Engineer,Berlin,2,True,active,2022-08-05
167,Alyssa Long,Accountant,New York,2,False,terminated,2021-09-05
168,Alyssa Day,Software Engineer,New York,3,True,terminated,2021-12-08
170,Daniel Murphy,Accountant,Moscow,4,False,terminated,2019-04-27
171,Jamie Walton,Data Analyst,New York,4,True,active,2018-02-04
173,Joshua Cooke,Data Analyst,New York,3,True,terminated,2018-07-31
174,Matthew Harrington,Project Manager,Dubai,5,True,terminated,2023-08-11
175,Nicole Herring,Project Manager,Moscow,2,True,active,2019-09-30
176,Alex Hernandez,Accountant,Moscow,5,False,terminated,2015-12-15
178,Michael Wang,Software Engineer,Dubai,4,True,active,2024-04-28
179,Lawrence Adkins,Software Engineer,Istanbul,3,True,terminated,2024-02-01
180,Robert Oconnell,Data Analyst,Moscow,3,True,active,2022-01-23
181,Alexander Collins,Data Analyst,Istanbul,4,True,terminated,2023-12-05
182,Tina Sanders,Project Manager,Berlin,5,False,active,2019-05-11
183,Angela Vaughn,Software Engineer,London,3,True,terminated,2019-03-10
184,Ashley Barton,Accountant,Istanbul,4,True,terminated,2021-03-22
185,Lindsay Martinez,Project Manager,London,2,True,active,2022-04-28
187,Jonathan Peterson,Accountant,Dubai,5,True,terminated,2021-02-15
188,Samantha Garcia,Civil Engineer,London,2,True,terminated,2017-05-09
189,Madison Poole,HR Analyst,Berlin,5,True,active,2022-11-23
190,Jessica Gross,HR Analyst,New York,3,True,active,2024-04-16
191,Debra Morton,Accountant,Dubai,4,True,terminated,2020-10-12
192,Karen Graham,Project Manager,New York,4,True,active,2020-12-29
193,Debra Christian,Project Manager,Istanbul,2,True,terminated,2023-07-20
194,Angelica Keith,Civil Engineer,Moscow,4,False,terminated,2022-04-16
195,John Bishop,Project Manager,Istanbul,1,True,terminated,2017-08-17
197,Daniel Salinas,HR Analyst,Dubai,4,False,active,2024-10-21
199,Adam Vaughan,Accountant,Moscow,2,True,terminated,2021-03-16
200,Nathan Freeman,HR Analyst,Berlin,1,True,terminated,2017-09-14
201,Melissa Brewer,Project Manager,Dubai,5,True,active,2023-08-22
202,Ricky Davis II,Project Manager,Moscow,1,True,active,2019-10-01
203,Elizabeth Perkins,Project Manager,London,5,True,terminated,2022-02-11
204,Joseph Coleman,Data Analyst,Dubai,3,False,active,2023-04-26
205,Erin Warner,Data Analyst,Dubai,1,True,active,2019-03-04
206,David Martinez,Project Manager,Dubai,1,False,terminated,2019-01-15
208,Cathy Robinson,HR Analyst,Istanbul,5,True,active,2022-07-20
209,Dr. William Warren,Software Engineer,Istanbul,5,True,terminated,2018-04-09
210,Brian Lee,Project Manager,New York,2,True,terminated,2015-04-08
211,Christopher Smith,Civil Engineer,Berlin,1,True,terminated,2016-08-06
212,Denise Mccann,Accountant,New York,1,True,terminated,2015-11-03
213,Melissa Martinez,HR Analyst,Berlin,4,True,terminated,2017-08-14
214,Katherine Salas,HR Analyst,Istanbul,5,True,active,2018-06-16
215,Julie Alexander,Data Analyst,New York,1,True,active,2020-10-04
216,Anthony Everett,Civil Engineer,Dubai,3,True,terminated,2015-02-18
217,Rodney Morales,Project Manager,Istanbul,2,True,active,2024-01-28
219,Justin Torres,Accountant,New York,2,True,active,2019-09-14
220,Bailey Duran DDS,Software Engineer,Dubai,5,True,terminated,2015-04-17
221,Courtney Mills,Civil Engineer,Berlin,1,True,terminated,2024-02-26
224,Theresa Clark,Civil Engineer,New York,3,True,active,2019-06-09
225,Matthew Moore,HR Analyst,Moscow,3,True,terminated,2021-11-18
226,Benjamin Smith,Project Manager,Istanbul,2,True,terminated,2023-08-24
227,Kirk Carter,Accountant,Moscow,5,False,active,2024-12-05
228,Michael Warner,Project Manager,Dubai,4,True,active,2019-09-15
229,Michael Bradshaw,Accountant,London,4,True,active,2023-12-18
230,Lori Guerrero,Civil Engineer,New York,3,True,terminated,2018-10-16
231,Jessica Stephens,Data Analyst,Berlin,1,False,terminated,2023-03-09
233,Christopher Parker,Civil Engineer,Berlin,2,True,active,2022-05-31
234,Laura Roberts,Project Manager,Moscow,4,True,terminated,2015-09-10
235,Michael Lyons,Accountant,Dubai,1,True,active,2020-04-28
236,Kathryn Snyder,Software Engineer,Istanbul,3,True,active,2017-02-28
237,Andrew Reynolds,HR Analyst,Moscow,1,True,terminated,2018-08-28
241,Andrew Avila,Project Manager,Dubai,2,True,terminated,2024-03-28
242,Matthew Moon,Civil Engineer,Dubai,5,True,active,2016-12-12
243,Kevin Walters,Software Engineer,Istanbul,2,True,terminated,2022-08-22
244,Brandon Bailey MD,HR Analyst,Istanbul,4,True,terminated,2019-05-03
245,Shannon Rivera,Data Analyst,Istanbul,2,True,active,2020-04-25
246,Donna Landry,HR Analyst,Dubai,5,True,terminated,2017-10-29
247,Krista Gibson,Accountant,London,5,True,active,2018-10-09
248,Frank Cordova,Data Analyst,Dubai,3,True,active,2019-07-14
249,Jose Travis,Project Manager,New York,1,True,terminated,2023-02-23
250,Kimberly Gutierrez,Accountant,Istanbul,4,True,active,2017-01-19
251,Isaiah Avila,HR Analyst,New York,2,True,terminated,2022-02-11
252,Olivia Harris,Accountant,Berlin,4,True,terminated,2019-08-04
253,Tanya Kim,Civil Engineer,London,3,True,terminated,2023-09-04
255,Cynthia Moore,Data Analyst,Berlin,1,True,active,2015-07-07
256,Kristen Davis,Software Engineer,New York,5,True,terminated,2017-07-24
258,Kathleen Moran,Data Analyst,Dubai,1,True,terminated,2022-01-25
260,Mrs. Kristen Reyes,Accountant,Istanbul,2,True,terminated,2020-05-22
261,Katie Suarez,Civil Engineer,Istanbul,1,True,active,2020-02-14
262,Desiree Tyler,HR Analyst,New York,1,True,terminated,2015-07-07
263,Timothy Romero,Software Engineer,Istanbul,3,True,active,2019-04-29
264,Diane Evans,HR Analyst,London,2,True,active,2019-04-05
265,Yvonne Burns,Software Engineer,Berlin,2,False,terminated,2023-08-10
266,Joshua Reed,Software Engineer,Berlin,3,True,terminated,2021-11-15
267,Kimberly Gibson,Software Engineer,Moscow,5,True,active,2019-03-31
268,Colin Terry,Accountant,Istanbul,4,True,active,2019-08-16
271,Jasmin Alvarado,HR Analyst,Berlin,1,False,active,2020-02-16
272,Veronica Simpson,Civil Engineer,Dubai,1,True,terminated,2015-07-18
273,Jonathan Lawrence,Data Analyst,London,5,True,active,2021-10-30
274,Shelly Alexander,Project Manager,Istanbul,4,True,active,2024-08-26
275,Joyce Bowen,Accountant,Dubai,2,True,terminated,2020-08-25
276,Matthew Moore,Accountant,Dubai,1,True,terminated,2020-11-11
277,Wayne Morgan,Data Analyst,Moscow,2,True,active,2022-09-29
278,Marie Christian,Software Engineer,Istanbul,1,True,active,2019-04-12
279,Shannon James,Civil Engineer,London,5,True,active,2021-02-16
280,Nathan Malone,Software Engineer,Berlin,2,True,active,2017-12-18
281,Amanda Jones,Project Manager,Istanbul,3,True,active,2022-06-04
282,Tammie Bright,Accountant,London,1,True,active,2024-11-27
284,Shelia Wallace,Civil Engineer,Istanbul,3,True,terminated,2020-09-14
288,Carolyn Miller,Data Analyst,Dubai,5,False,terminated,2019-11-28
289,Lisa Allen,Accountant,London,4,True,active,2024-12-12
291,David Smith,Data Analyst,Dubai,2,True,active,2024-07-22
292,Stephanie Byrd,Project Manager,Berlin,5,False,active,2022-05-08
293,Jeremy Reed,HR Analyst,Moscow,5,True,terminated,2024-01-22
294,Margaret Coleman,HR Analyst,London,1,True,terminated,2019-01-09
295,Ryan Gonzalez,Project Manager,London,2,True,active,2022-01-31
296,John Young,Civil Engineer,Berlin,5,True,terminated,2018-04-06
297,Laura Haney,Accountant,London,4,True,active,2024-10-12
298,William Barrett,HR Analyst,Dubai,3,True,active,2019-05-09
299,Keith Jennings,Civil Engineer,London,1,True,terminated,2024-05-15
300,Amber Obrien,Accountant,Berlin,4,True,terminated,2016-11-09
301,Tanner Mitchell DDS,HR Analyst,Moscow,3,True,active,2016-04-09
302,Heather Fields,Accountant,Dubai,4,True,terminated,2024-12-27
303,Megan Le,HR Analyst,Istanbul,2,True,active,2017-06-17
304,Sara Fuller,Accountant,Berlin,5,True,terminated,2019-04-28
305,Maria Parker,HR Analyst,Moscow,2,True,active,2016-01-17
306,Kevin Oconnor,Data Analyst,Dubai,5,True,terminated,2023-08-15
307,Edward Burgess,Software Engineer,New York,5,True,terminated,2017-11-21
308,Carlos Ryan,Accountant,Moscow,5,True,terminated,2021-07-25
309,Kiara Mcintyre,Accountant,New York,4,True,terminated,2017-11-05
310,Dawn Summers,Data Analyst,Berlin,4,True,active,2023-12-25
311,Dr. Paul Morgan,Data Analyst,Berlin,2,True,active,2021-10-30
312,Victor Taylor,Data Analyst,Dubai,4,True,active,2015-05-18
313,Shannon Ramsey,Data Analyst,Berlin,5,True,terminated,2022-07-05
314,Tracy Ballard,Data Analyst,London,5,True,active,2017-07-15
315,Richard Smith,Project Manager,Istanbul,4,False,terminated,2017-11-21
317,Lauren Carson,Software Engineer,London,2,True,active,2017-01-01
318,Ashley Hall,HR Analyst,New York,2,True,terminated,2017-10-19
319,Stephen Hoffman,Civil Engineer,New York,1,True,active,2021-06-11
321,Susan Turner,Project Manager,London,5,True,active,2017-02-05
322,Charles Shah,Accountant,New York,3,True,terminated,2018-02-19
323,Johnathan Davis,Civil Engineer,Istanbul,2,True,active,2015-02-09
324,Brandy Chavez,Software Engineer,London,2,True,terminated,2017-11-07
325,Natalie Bautista,Project Manager,Dubai,4,True,terminated,2022-08-15
326,Patrick Moore,Project Manager,Istanbul,5,True,terminated,2020-03-14
327,Brett Burns,Data Analyst,Istanbul,3,True,active,2022-03-25
328,Trevor Johnson,Software Engineer,New York,3,False,active,2017-05-12
329,Jeremy Sampson,Software Engineer,London,1,True,active,2024-12-05
330,Ariana Jennings,Software Engineer,New York,2,False,active,2024-10-07
331,Vanessa Howard,Data Analyst,New York,4,True,terminated,2018-11-23
332,Colton Martinez,Project Manager,Berlin,1,True,terminated,2018-03-20
333,Jordan Bates,Project Manager,Berlin,4,True,terminated,2019-11-26
334,Linda Smith,HR Analyst,Istanbul,4,True,active,2018-01-18
335,Dana Martinez,Civil Engineer,Dubai,4,False,active,2018-08-06
337,Daniel Kane,Data Analyst,New York,3,True,terminated,2020-04-09
338,Charles Lester,Civil Engineer,Istanbul,4,True,terminated,2022-06-20
339,Scott Thomas,HR Analyst,London,3,True,active,2016-04-07
340,David Thompson,HR Analyst,Dubai,3,True,active,2021-09-08
341,Allison Smith,Software Engineer,New York,2,False,terminated,2020-06-21
342,Cynthia Morris,Data Analyst,New York,3,True,active,2018-04-22
343,Anthony Harmon,Accountant,Dubai,2,True,terminated,2020-12-15
344,Nichole Alvarez,Software Engineer,London,3,True,terminated,2023-02-01
345,Kayla Rodriguez,Accountant,Dubai,2,True,terminated,2016-06-15
346,Theresa Williams,HR Analyst,Moscow,1,True,active,2021-10-17
347,Sharon Boyd,Civil Engineer,Moscow,2,True,active,2024-03-27
348,Victor Brown,Project Manager,New York,1,False,active,2021-05-23
349,James Parks,Data Analyst,Istanbul,5,True,terminated,2019-07-03
350,Theodore Jones Jr.,Project Manager,New York,5,True,terminated,2021-02-12
351,Ana Hill,Software Engineer,London,3,True,active,2018-05-15
352,Kimberly Nguyen,Accountant,Istanbul,1,False,active,2017-08-12
353,Kerry Chavez DDS,Accountant,New York,5,True,active,2016-01-26
355,Patricia Le,Project Manager,Dubai,4,True,active,2023-03-16
356,Jesse Perez,Project Manager,London,2,True,active,2019-06-21
357,Jesse Perry,Accountant,London,2,True,terminated,2015-10-21
359,Christian Leblanc,HR Analyst,London,4,True,terminated,2016-08-27
360,Ronald Davis,Software Engineer,Moscow,1,True,active,2020-06-01
361,Parker Cain,Accountant,Dubai,1,True,active,2022-05-05
362,Laurie Hoffman,Civil Engineer,Moscow,3,True,terminated,2020-06-08
363,Bryan Gomez,Accountant,Berlin,2,True,active,2018-11-21
365,Tracy Burke,Data Analyst,New York,2,True,active,2021-01-29
366,Kenneth Lewis,HR Analyst,Istanbul,5,True,active,2018-07-24
367,Courtney Rodriguez,HR Analyst,Berlin,2,True,terminated,2023-04-13
368,Holly Farmer,HR Analyst,Istanbul,1,True,terminated,2022-09-19
370,Sabrina Austin,HR Analyst,Dubai,2,True,terminated,2023-03-31
371,Allison Hickman,Accountant,Dubai,4,True,terminated,2023-03-31
372,Debra White,HR Analyst,Berlin,5,True,terminated,2015-08-12
374,Sergio Knight,Data Analyst,Moscow,3,True,active,2020-09-26
375,Charles Schultz,Civil Engineer,Istanbul,5,True,terminated,2015-07-30
377,Glen Wood,Accountant,Berlin,2,True,terminated,2021-12-13
378,Paula Bradley,HR Analyst,Berlin,1,False,terminated,2015-12-26
380,Megan Nelson,HR Analyst,London,3,True,terminated,2023-03-08
381,Karla Ramos,Software Engineer,Berlin,4,True,terminated,2023-03-06
382,Paul Wilson,Data Analyst,London,2,False,active,2021-11-25
383,Douglas Gregory,Accountant,London,3,True,active,2021-03-02
384,Mr. Andrew Foster,Software Engineer,Moscow,3,True,active,2022-03-29
386,Chad Scott,Project Manager,Moscow,3,True,active,2022-12-17
387,Adam Burgess,HR Analyst,New York,1,True,terminated,2016-01-15
388,James Padilla,HR Analyst,Berlin,4,True,terminated,2020-10-15
389,Sandra Drake,Software Engineer,Istanbul,1,True,active,2015-07-08
391,Thomas Atkins,Accountant,Istanbul,1,True,active,2021-06-09
392,Laura Mckinney,Accountant,Istanbul,3,False,active,2019-05-25
393,Brian Smith,Project Manager,Dubai,5,True,active,2022-11-01
394,Robert Montgomery,Software Engineer,Moscow,3,True,active,2022-06-17
395,Tamara Davis,Civil Engineer,New York,4,True,active,2020-09-11
396,Dana Chapman,Project Manager,London,3,True,terminated,2015-09-28
397,Jennifer Collins,Accountant,Istanbul,4,True,active,2021-08-22
398,Gary Jackson,Software Engineer,London,5,False,terminated,2020-07-17
399,Ashley Hicks,HR Analyst,Dubai,1,True,active,2024-11-02
400,Hannah Luna,Data Analyst,New York,3,True,active,2021-02-26
401,Robin Young,Project Manager,Moscow,3,True,active,2021-02-10
402,Craig Morrison,HR Analyst,Dubai,4,True,terminated,2015-03-06
403,Mary Thompson,Civil Engineer,Dubai,4,True,terminated,2019-10-04
404,Kathleen Webster,HR Analyst,London,3,True,active,2019-02-12
405,Joann Glass,Civil Engineer,Moscow,4,True,active,2020-10-18
406,Madison Weber,Data Analyst,Berlin,2,False,terminated,2020-04-05
407,Lori Hernandez,Project Manager,Dubai,4,True,active,2022-01-21
408,Jeremy Turner,Data Analyst,Berlin,5,True,active,2021-11-27
409,Anthony Romero,Accountant,New York,1,True,active,2020-11-30
410,Jesse Brown,Software Engineer,New York,2,True,terminated,2015-08-11
411,Angela Lin,Software Engineer,New York,1,True,terminated,2019-05-17
412,Lisa Hunter,Civil Engineer,New York,5,True,terminated,2022-02-23
413,Julian Conner,Project Manager,London,3,True,terminated,2023-08-22
414,Joanna Pacheco,Accountant,Berlin,2,False,active,2018-03-06
416,Antonio Garcia,Project Manager,Istanbul,2,True,active,2018-08-17
417,Gwendolyn Klein,Software Engineer,Istanbul,3,True,terminated,2017-04-01
418,Carrie Wright,HR Analyst,London,4,True,active,2017-10-23
419,Jeffrey Mills,Civil Engineer,Moscow,2,True,terminated,2020-07-02
421,George Harper,Accountant,London,1,True,active,2022-05-30
423,Michael Mitchell,Civil Engineer,Dubai,4,True,terminated,2020-11-12
424,Mary Escobar,Civil Engineer,Dubai,5,True,active,2016-06-18
425,Felicia Aguilar,Software Engineer,Istanbul,3,False,active,2018-10-13
426,Gregory Ponce,Data Analyst,Dubai,3,True,terminated,2019-08-28
429,Robin Santiago,Data Analyst,Dubai,5,True,active,2016-01-27
430,Nancy Jennings,Software Engineer,New York,5,True,terminated,2016-12-23
431,Maria Henderson,Project Manager,Dubai,1,True,terminated,2021-01-10
432,Jack White,Civil Engineer,Istanbul,4,True,terminated,2016-03-27
433,Travis Tucker,HR Analyst,Istanbul,2,True,active,2020-02-07
434,Chad Jones,Data Analyst,London,2,True,terminated,2024-07-20
435,Ashley Wise,HR Analyst,London,2,True,active,2024-09-01
436,Sophia Johnson,Civil Engineer,Berlin,4,True,active,2021-06-07
437,Ralph Anderson,Data Analyst,London,1,True,terminated,2015-12-07
438,Christopher Guerra,Project Manager,Moscow,2,False,active,2021-07-18
439,Rhonda Martin,HR Analyst,London,2,True,terminated,2015-05-14
440,Jason Rhodes,Data Analyst,London,5,True,terminated,2019-04-18
441,Jeremy Mitchell,HR Analyst,London,3,True,active,2021-07-04
442,Joann Ferguson,Project Manager,Istanbul,3,False,terminated,2020-04-09
443,Robert Harrison,Data Analyst,Berlin,4,False,active,2016-11-05
444,Holly Valentine,HR Analyst,Moscow,4,True,terminated,2022-03-25
445,Mrs. Diane Reyes,HR Analyst,New York,1,True,terminated,2024-06-10
446,Tracy Montoya,Project Manager,London,3,True,terminated,2020-02-11
447,Brenda Wright,HR Analyst,Berlin,5,True,active,2017-01-25
449,Ryan Rosales,Data Analyst,Istanbul,5,True,terminated,2023-03-04
450,Phillip Nelson,HR Analyst,New York,4,True,terminated,2022-03-11
451,Brittany Kim,Civil Engineer,Berlin,3,True,terminated,2021-10-14
452,Courtney Hayes,Data Analyst,Moscow,4,True,terminated,2015-12-25
453,Alexander Brown,Project Manager,Dubai,4,True,terminated,2020-04-28
454,Cynthia Vang,Civil Engineer,New York,5,True,terminated,2016-07-14
456,Marie Moody,HR Analyst,London,3,False,active,2021-07-08
457,Dustin Gallegos,Data Analyst,Berlin,3,True,terminated,2020-03-03
458,Brenda Thornton,Project Manager,Istanbul,2,True,terminated,2020-10-05
460,Ruben Dunn,Project Manager,Moscow,5,True,terminated,2023-12-01
461,Kelsey Rodriguez,Civil Engineer,Berlin,4,True,active,2021-09-13
462,Eric Williams,Data Analyst,New York,3,True,active,2015-11-18
463,Riley Bryant,Software Engineer,Dubai,1,False,active,2017-11-02
464,Taylor Carlson,Civil Engineer,Moscow,1,True,active,2021-07-02
465,Jose Allen,Accountant,New York,5,True,active,2016-12-04
466,Jeffrey Mendez,Project Manager,Moscow,2,True,active,2020-10-07
467,Jason Beck,Software Engineer,London,3,True,active,2016-04-18
468,William Jones,Data Analyst,New York,5,True,active,2020-05-02
469,Katie Mcneil,Data Analyst,New York,1,True,terminated,2016-02-21
470,Jeanette Harrison,Project Manager,Istanbul,3,True,terminated,2021-08-28
471,Veronica King,Data Analyst,Dubai,3,True,terminated,2022-01-17
472,Richard Cooper,Software Engineer,Moscow,1,True,active,2022-05-31
473,Lori Ingram,Data Analyst,London,2,True,terminated,2015-05-10
474,Evelyn Williams,Software Engineer,Moscow,4,False,terminated,2020-07-06
475,Robin Thompson,Civil Engineer,Istanbul,4,True,terminated,2019-03-28
477,Robin Brown,Data Analyst,New York,3,True,active,2018-10-14
479,Curtis Williams,Software Engineer,London,2,True,active,2024-06-04
480,Kaylee Hays,Project Manager,Istanbul,3,True,terminated,2018-01-24
481,Dawn Mullins,Project Manager,Berlin,4,True,terminated,2022-01-03
483,Evelyn Martinez,Project Manager,Dubai,5,True,active,2024-04-23
485,Jasmine Beltran,HR Analyst,Berlin,4,False,terminated,2015-06-22
486,Jonathan Glass MD,Project Manager,London,1,True,terminated,2024-06-01
488,Samantha Gardner,HR Analyst,London,4,True,active,2019-03-15
490,Lance Simmons,Project Manager,Istanbul,5,False,terminated,2019-05-29
491,Heather Williams,HR Analyst,New York,2,True,terminated,2015-11-25
492,Heather Bolton,Civil Engineer,London,3,False,terminated,2022-10-18
493,William Gould,Civil Engineer,Moscow,4,True,active,2024-04-25
494,Mark Cox,Software Engineer,Istanbul,4,True,active,2019-02-14
495,Meghan Cisneros,Civil Engineer,London,5,True,active,2019-10-23
496,Lawrence Harrington,HR Analyst,New York,1,True,active,2017-04-12
497,Austin Osborne,HR Analyst,New York,4,True,active,2016-08-20
498,James Bradley,HR Analyst,New York,2,False,terminated,2022-12-31
499,Meghan Rush,Civil Engineer,Dubai,5,True,active,2023-12-31
500,Phillip Berry,Accountant,Dubai,1,True,terminated,2017-01-04
501,Jennifer Banks,Software Engineer,Istanbul,4,True,active,2020-08-06
502,Brian Fitzgerald,Project Manager,Dubai,4,True,terminated,2016-09-11
503,Mr. Justin Green III,HR Analyst,Dubai,1,False,active,2020-07-20
504,Zachary Mitchell,Software Engineer,London,5,False,active,2020-09-14
505,Katherine Martinez,Accountant,Berlin,5,True,active,2018-03-10
506,Jodi Roach,Accountant,Dubai,4,False,terminated,2018-01-08
507,Brandon Fleming,Data Analyst,Dubai,3,True,terminated,2023-12-28
508,Emma Reed,Accountant,New York,1,True,terminated,2024-07-23
509,Joshua Vance,Data Analyst,Istanbul,4,True,active,2016-06-21
510,Michelle Ho,Software Engineer,Dubai,3,True,terminated,2017-02-02
511,Rebecca Hicks,Accountant,Dubai,1,True,terminated,2020-11-19
512,Curtis Taylor,Software Engineer,New York,4,True,active,2021-03-06
514,Robert Arnold,Software Engineer,Moscow,2,True,active,2021-12-30
515,Angelica Parker,Civil Engineer,New York,2,True,active,2022-10-04
517,William Day,Data Analyst,Dubai,2,True,active,2023-04-15
519,Penny Bowman,Software Engineer,Dubai,1,True,terminated,2022-04-09
520,Vincent Reynolds,Software Engineer,London,4,True,active,2022-09-06
521,Amy Martinez,Data Analyst,Berlin,2,True,terminated,2017-04-28
522,Christopher Morris,HR Analyst,Dubai,4,False,active,2015-07-12
523,Hannah Everett,HR Analyst,New York,3,True,active,2018-10-25
524,Sarah King,Data Analyst,Moscow,3,True,active,2021-11-02
525,Krista Martinez,HR Analyst,Berlin,5,True,active,2016-02-11
526,Joseph Shaw,Civil Engineer,Dubai,3,True,terminated,2016-12-02
527,Todd Moore,Data Analyst,New York,4,True,active,2024-07-23
528,Michelle Jacobs,HR Analyst,Dubai,1,True,active,2015-06-01
529,Kristy Bryan,Data Analyst,Dubai,5,True,terminated,2018-11-10
530,Angel May,Data Analyst,New York,5,True,terminated,2024-12-14
531,Marilyn Wang,Civil Engineer,London,3,True,terminated,2020-09-26
532,Mark Jimenez,Civil Engineer,New York,3,True,terminated,2024-06-09
533,Donna Frye,Civil Engineer,New York,3,True,terminated,2021-07-10
534,Dr. Michael Evans,Project Manager,Dubai,3,True,active,2019-01-19
535,Anthony Gonzales,Civil Engineer,Moscow,4,True,active,2021-08-06
536,Mr. Lawrence Edwards,Data Analyst,Berlin,3,True,terminated,2016-06-04
537,Morgan Valencia,Data Analyst,Dubai,2,False,terminated,2024-07-23
539,Emma Owens,HR Analyst,Moscow,3,True,active,2020-01-27
540,David Davis,HR Analyst,London,5,True,terminated,2019-08-05
542,Sean Moore,Accountant,Istanbul,5,True,active,2018-01-31
543,Kenneth Edwards,Accountant,Istanbul,4,True,terminated,2015-04-09
544,Kathleen Robertson,Civil Engineer,New York,3,False,active,2016-11-24
545,Mr. Alexander Landry MD,Data Analyst,Berlin,2,False,terminated,2016-05-10
546,Cindy Gomez,Software Engineer,Istanbul,5,False,active,2017-08-15
547,Johnny Khan,HR Analyst,New York,5,True,terminated,2019-03-10
548,Julie Herrera,Accountant,Istanbul,5,True,active,2015-09-04
549,Jessica Khan,Project Manager,New York,3,False,active,2016-05-18
550,Pamela Diaz,Accountant,Dubai,4,True,terminated,2022-06-05
551,Kelly Lee,Civil Engineer,New York,4,False,active,2020-06-25
553,Diana Hays,HR Analyst,Moscow,4,True,active,2024-02-26
555,Robert Morgan,Data Analyst,Berlin,2,True,active,2023-03-05
556,Nicole Gonzalez,Data Analyst,Istanbul,5,True,active,2019-07-25
557,Kathryn Williams,Project Manager,Moscow,4,False,active,2018-10-02
559,Larry Robertson,Software Engineer,New York,2,True,terminated,2019-12-02
560,Louis Martin,Civil Engineer,Dubai,5,True,active,2019-12-16
561,Nancy Evans MD,Civil Engineer,New York,4,True,active,2023-10-31
563,Robert Richardson,Accountant,Berlin,5,True,terminated,2015-09-05
564,Veronica Silva,Project Manager,New York,4,True,active,2022-05-17
565,Molly Watts,Software Engineer,Istanbul,2,True,active,2022-10-04
566,John Coffey,Accountant,Berlin,5,True,terminated,2015-01-16
568,Lauren Jackson,HR Analyst,Moscow,3,True,active,2024-07-03
569,Lisa Randall,HR Analyst,Istanbul,2,True,active,2017-05-11
570,Michael Johnson,Data Analyst,London,3,False,terminated,2019-03-30
571,Ashley Smith,Data Analyst,New York,5,True,active,2018-02-21
572,Christian Vaughn,Software Engineer,Berlin,2,True,active,2018-08-11
574,Nancy Brown,Accountant,Istanbul,4,True,terminated,2021-07-19
575,Daniel Nguyen,Software Engineer,London,4,True,terminated,2022-03-28
576,Kelly Edwards,Project Manager,New York,3,False,active,2018-05-24
577,Thomas Peterson,Data Analyst,Dubai,2,True,active,2023-07-01
578,Raymond Le,Software Engineer,Moscow,5,True,active,2020-03-04
579,Melissa Bishop,Data Analyst,Moscow,2,True,active,2023-04-11
581,William Evans,Software Engineer,Dubai,4,True,terminated,2016-12-03
583,Gregory Peck,HR Analyst,Moscow,5,True,terminated,2024-09-15
585,Jamie Baird,Accountant,London,5,True,terminated,2022-11-08
586,Tina Ballard,Software Engineer,New York,5,True,active,2015-06-28
587,Dwayne Klein,Data Analyst,Istanbul,5,True,active,2020-08-28
588,Jeremy Scott,HR Analyst,London,2,False,terminated,2024-08-06
589,Dale Ryan,Civil Engineer,London,1,True,terminated,2019-11-28
591,Laurie Sanchez,Data Analyst,New York,2,False,terminated,2016-02-26
592,Kiara Little,Accountant,Dubai,4,True,active,2019-09-24
593,Jason Love,HR Analyst,Moscow,2,False,active,2022-01-02
595,Tanya Russell,Civil Engineer,New York,3,True,terminated,2024-07-15
597,Victor Morris,Civil Engineer,Dubai,1,True,terminated,2021-11-29
599,Kimberly Sharp,Accountant,Istanbul,3,True,terminated,2022-06-16
600,Susan Thompson,Accountant,Dubai,5,True,active,2016-08-02
601,Casey Gillespie,HR Analyst,Istanbul,2,True,terminated,2018-05-26
602,Jennifer Simpson DVM,Software Engineer,Berlin,2,True,terminated,2016-09-30
603,Tammy Mcdowell,Project Manager,Moscow,4,True,active,2015-10-22
604,Keith Rodriguez,HR Analyst,Istanbul,2,True,active,2020-06-28
605,Mrs. Virginia Daniels,Civil Engineer,Dubai,4,True,active,2022-12-14
606,Todd Rosales MD,Software Engineer,Dubai,1,False,active,2022-03-28
607,Brian Martin,Project Manager,New York,4,False,active,2015-11-26
608,David Lopez,Project Manager,Istanbul,2,True,terminated,2024-10-29
609,Rachel Bradley,HR Analyst,Moscow,5,True,active,2023-09-05
610,Casey Chase,HR Analyst,London,3,True,terminated,2024-02-18
611,Samantha Robertson,HR Analyst,Istanbul,1,True,terminated,2019-03-28
613,Franklin Wright,Software Engineer,Berlin,4,True,terminated,2019-01-19
614,David Molina,Project Manager,London,5,True,active,2021-10-01
616,Matthew Schwartz,Accountant,Dubai,4,True,terminated,2022-05-20
617,Bryan Parker,Data Analyst,Moscow,3,True,active,2020-03-27
619,Emily Wilson,Accountant,New York,1,True,terminated,2015-09-22
620,Elizabeth Mendez,HR Analyst,New York,4,True,terminated,2016-04-20
621,Casey Hernandez,Accountant,New York,3,False,active,2019-02-04
622,Lisa Perry,Civil Engineer,Istanbul,5,True,active,2016-08-26
624,Colleen Wright,Data Analyst,Moscow,2,True,active,2016-10-14
625,Shelley Miller,Data Analyst,Berlin,3,True,terminated,2024-08-08
626,Michael Miller,Accountant,London,2,True,terminated,2017-05-09
627,Amy Kelley,Data Analyst,Dubai,1,True,active,2020-04-24
628,Laura Hernandez,Accountant,Moscow,5,True,active,2016-12-07
629,Joseph Wilson,Data Analyst,Dubai,1,True,terminated,2022-07-02
630,Kevin Davis,Project Manager,Istanbul,5,True,active,2018-08-25
631,Rhonda Chavez,Software Engineer,Dubai,4,True,active,2022-10-18
632,Joyce Brown,Civil Engineer,Moscow,4,True,active,2016-05-25
633,Robert Cummings,Software Engineer,New York,5,False,active,2016-07-26
635,Amber Cooper,Project Manager,Berlin,5,True,terminated,2017-11-07
636,Zachary Michael,Civil Engineer,London,5,True,active,2018-07-19
637,Timothy Johnson,Civil Engineer,London,5,True,active,2023-09-22
638,Randy Cannon,Civil Engineer,Istanbul,3,True,active,2021-08-08
639,Maria Fisher,Accountant,Moscow,3,True,active,2023-11-05
640,Janet Kane DVM,Project Manager,Berlin,4,False,active,2019-02-25
641,Michael Stanley,HR Analyst,Istanbul,4,True,terminated,2024-02-17
642,Martha Bailey,Project Manager,New York,3,True,active,2021-03-19
644,Courtney Smith,Accountant,Istanbul,5,True,active,2020-07-22
645,Edwin Nunez,Data Analyst,Istanbul,1,True,active,2017-06-09
647,Gregory Hill,Software Engineer,Moscow,5,True,terminated,2019-10-21
648,Molly Rodriguez,Data Analyst,Berlin,1,True,active,2017-02-15
649,Jennifer Miranda,Data Analyst,Moscow,4,True,active,2020-06-26
651,Andrew Harper,Software Engineer,New York,5,True,terminated,2017-10-18
652,Amber Yang,HR Analyst,Moscow,2,True,active,2019-07-02
653,David Robinson,Civil Engineer,New York,2,True,active,2019-10-12
654,Amy Gordon,Project Manager,Moscow,4,True,terminated,2015-06-17
655,Robert Dennis,Software Engineer,Moscow,2,True,active,2015-02-25
656,Kyle Chambers,Data Analyst,Berlin,3,True,terminated,2023-04-30
657,Eric Thomas,HR Analyst,Moscow,5,True,active,2020-12-25
658,Connie Turner,Software Engineer,Istanbul,2,True,terminated,2020-08-25
659,Travis Hobbs,Project Manager,Istanbul,3,True,active,2016-11-08
661,William David DDS,Project Manager,Berlin,3,False,terminated,2024-11-28
662,Emma Butler,HR Analyst,Istanbul,1,True,active,2017-12-17
663,James Webster,Project Manager,Istanbul,5,True,active,2024-09-25
664,Samuel Turner,Software Engineer,Moscow,3,True,terminated,2023-03-09
665,Renee Melendez,Civil Engineer,London,2,True,active,2022-04-06
666,Tracy Grant,Software Engineer,Moscow,2,False,active,2020-11-27
667,David Harris,Software Engineer,Dubai,5,True,active,2015-12-09
668,Tammy Boone,Civil Engineer,Istanbul,1,False,active,2020-05-15
669,Nathaniel Lee,Data Analyst,Istanbul,5,False,active,2017-07-07
670,Michael Morrison,Project Manager,Istanbul,4,True,terminated,2020-07-07
671,Chelsea Gill,Project Manager,Moscow,1,True,terminated,2019-10-22
672,Kristin Mendoza,HR Analyst,New York,2,True,terminated,2022-12-23
673,Felicia Krueger,HR Analyst,Moscow,2,True,terminated,2023-02-24
674,Timothy Hayden,HR Analyst,Istanbul,3,True,terminated,2016-07-20
675,Zachary Mendoza,Accountant,Istanbul,4,True,terminated,2023-09-16
676,Larry Harris,Project Manager,Dubai,1,True,active,2019-01-18
677,Kristen Rowe,HR Analyst,New York,2,True,active,2022-10-22
679,Jose Crawford,Software Engineer,Dubai,5,True,terminated,2015-05-12
680,William Harrison,Software Engineer,Istanbul,2,True,terminated,2016-10-04
681,Suzanne Wood,Data Analyst,Moscow,4,False,terminated,2015-11-13
682,Justin Walker,Software Engineer,London,3,True,active,2024-06-29
683,Dean Donovan,Accountant,Moscow,3,True,active,2015-05-13
686,Mr. Michael Scott PhD,Data Analyst,Moscow,2,True,active,2023-01-22
687,Maria Henry,Project Manager,Berlin,4,True,terminated,2017-05-05
688,Robert Jackson,Civil Engineer,Berlin,2,True,active,2018-07-08
689,Katherine Stark,Accountant,New York,1,False,terminated,2023-07-23
691,Ryan Landry,Accountant,New York,1,False,terminated,2021-04-16
692,Pamela Gutierrez,HR Analyst,Istanbul,3,True,active,2024-03-05
693,Crystal Mann,Software Engineer,Moscow,2,True,active,2020-05-04
695,Mary Jensen,Civil Engineer,London,1,True,terminated,2022-12-27
696,Mr. Aaron Arnold,Civil Engineer,London,3,True,terminated,2021-01-02
697,Joseph Hill,Civil Engineer,Istanbul,3,True,active,2018-07-20
698,Alicia Li,Project Manager,Istanbul,2,True,terminated,2020-01-15
699,Renee Browning,Data Analyst,Berlin,1,True,terminated,2022-08-15
700,Brent Hernandez,Project Manager,Moscow,3,True,active,2020-11-12
701,Joseph Ochoa,Project Manager,Moscow,4,True,active,2021-12-16
702,James Watson,Accountant,Moscow,1,True,active,2024-01-14
703,Karl Branch,HR Analyst,Dubai,4,True,terminated,2019-08-19
704,Michael Abbott,HR Analyst,Dubai,1,True,terminated,2019-08-26
705,Shannon Malone,Accountant,Moscow,2,True,terminated,2021-11-29
706,James Tran,HR Analyst,London,5,True,active,2020-08-27
707,Adam Jackson,Project Manager,Dubai,3,False,active,2021-02-04
708,Mr. Richard Knight PhD,Software Engineer,Berlin,1,True,active,2024-01-19
709,Joseph Williams,HR Analyst,New York,3,True,active,2016-01-16
710,Sean Clay,Civil Engineer,London,2,False,active,2018-07-08
711,Anthony Jones,Civil Engineer,London,2,True,active,2016-10-10
713,Timothy Edwards,HR Analyst,Istanbul,3,True,terminated,2019-06-27
714,Laurie Goodwin,Software Engineer,New York,2,True,terminated,2023-05-19
716,David Davenport,Software Engineer,New York,5,True,active,2019-03-03
717,Steven Rivera,Project Manager,Istanbul,1,True,active,2018-03-07
718,Brenda Hinton,Accountant,Istanbul,2,True,active,2020-07-16
720,Jeffrey Roberson,Accountant,New York,4,True,active,2018-01-30
722,Raymond Johnson,Civil Engineer,Berlin,1,True,active,2023-02-13
723,Willie Henry,Civil Engineer,Berlin,1,False,active,2016-11-28
724,Todd Reynolds,Project Manager,Berlin,1,True,terminated,2018-02-23
725,Mary Miller,Project Manager,Dubai,2,True,active,2015-11-16
726,Rebecca Marquez,Data Analyst,London,2,True,terminated,2024-08-17
727,Christian Dawson,HR Analyst,New York,2,True,terminated,2018-02-12
729,Aaron Parker,HR Analyst,Berlin,3,True,terminated,2019-04-16
730,Derrick Anderson,Software Engineer,London,3,True,terminated,2016-03-30
732,Alexander Gomez,HR Analyst,Dubai,4,True,terminated,2022-11-09
735,Steven Stein,Civil Engineer,Berlin,2,True,terminated,2020-02-23
736,Laura Jackson,Civil Engineer,New York,3,True,active,2017-09-27
737,Charles Turner,Data Analyst,Dubai,3,True,active,2020-01-15
738,Arthur Hamilton MD,Software Engineer,Istanbul,3,True,terminated,2023-12-02
739,Mr. David Wright,Civil Engineer,Berlin,3,True,active,2020-06-17
742,Manuel Brock,Project Manager,London,4,True,terminated,2017-03-28
743,George Ochoa,Project Manager,Istanbul,5,True,active,2019-11-25
744,Valerie Taylor,Accountant,Istanbul,4,True,terminated,2015-04-19
745,Travis Harris,HR Analyst,Moscow,5,False,active,2023-07-23
746,Vincent Novak,Project Manager,London,1,True,active,2016-05-12
747,Michael Henry,Accountant,Berlin,2,True,terminated,2015-01-27
749,Jenna Wilson,Accountant,London,2,True,terminated,2022-05-16
750,Leslie Gardner,Software Engineer,Istanbul,5,True,terminated,2022-10-28
751,Krista Benton,Civil Engineer,London,4,True,terminated,2021-12-14
752,Michael Gonzales,Data Analyst,Moscow,2,True,terminated,2022-12-02
753,Michael Fuentes,Project Manager,London,2,True,terminated,2019-06-02
754,Jennifer Porter,Accountant,Dubai,4,False,active,2019-07-12
755,Dana Hopkins,Civil Engineer,Moscow,2,True,terminated,2017-08-27
756,Rachel Jones,Civil Engineer,Istanbul,4,True,active,2016-12-13
757,Karen Morales DDS,Data Analyst,Moscow,4,True,active,2020-12-04
758,Melissa Stephens,HR Analyst,Moscow,1,True,active,2023-03-09
759,Heather Woodard,Accountant,Dubai,2,True,terminated,2019-03-21
761,Mary Kelly,Accountant,Moscow,3,True,active,2017-12-13
762,Amanda Terrell,Project Manager,Moscow,3,False,terminated,2024-11-06
766,Laura Griffin,Civil Engineer,New York,3,True,active,2021-05-15
767,Raymond Chapman,Civil Engineer,Moscow,1,True,terminated,2016-06-15
768,Haley Johnson,Civil Engineer,London,1,True,active,2018-05-24
769,Jason Nixon,Project Manager,Berlin,2,True,active,2016-07-15
770,Todd Thomas,Civil Engineer,Istanbul,5,True,active,2020-08-05
772,Mr. Jeffrey Horton,Data Analyst,Istanbul,5,True,active,2017-12-11
773,Eric Patrick,Software Engineer,Istanbul,3,True,active,2019-10-03
774,Samuel Wong,Software Engineer,Dubai,2,True,active,2018-04-26
776,Christopher Moore,Software Engineer,Istanbul,4,True,terminated,2015-11-22
777,Tina Hall,HR Analyst,Berlin,1,True,terminated,2015-07-23
778,Cody Davidson,Accountant,Moscow,2,False,active,2024-08-13
779,Allen Mendez,Project Manager,Berlin,5,False,active,2022-08-21
780,Kevin Price,Civil Engineer,Moscow,3,True,terminated,2015-05-08
781,Christine Goodwin,Accountant,New York,3,True,active,2018-11-10
782,Amy Garcia,Data Analyst,London,2,True,active,2016-05-11
783,Chelsea Nguyen,Project Manager,Moscow,4,True,active,2018-07-13
784,Dennis Huffman,Project Manager,Moscow,4,True,terminated,2019-09-12
785,Margaret Harper,Software Engineer,Berlin,5,True,terminated,2020-07-17
786,Laurie Bailey,HR Analyst,Istanbul,4,True,terminated,2024-05-08
787,Lisa Cervantes,Accountant,Moscow,1,True,terminated,2024-04-01
788,Elizabeth Mendez,Data Analyst,Berlin,1,True,terminated,2023-03-24
789,Cesar Wilson,Accountant,Dubai,2,True,terminated,2023-09-02
790,Clayton Steele,Civil Engineer,Istanbul,4,True,terminated,2024-11-23
791,Jennifer Taylor,Accountant,Istanbul,5,True,terminated,2016-11-24
793,Maria Cooke,Project Manager,Istanbul,4,True,terminated,2023-01-12
794,Katherine Taylor,Project Manager,Moscow,4,True,active,2023-02-27
795,Jerry Brown,Project Manager,New York,5,True,active,2017-02-18
796,Adam Taylor,HR Analyst,Dubai,1,True,active,2017-03-24
798,Michael Perry PhD,Project Manager,New York,5,True,terminated,2016-01-31
799,Bradley Johnson DDS,Project Manager,Moscow,4,True,terminated,2016-06-08
800,Donald Medina,Project Manager,London,2,False,active,2019-12-16
801,Jim Newton,Software Engineer,London,1,True,terminated,2017-04-24
802,Krista Wilson,HR Analyst,Moscow,5,False,active,2022-05-06
803,Reginald Morrow,HR Analyst,Berlin,3,True,active,2015-02-25
805,Kimberly Fritz,Civil Engineer,Dubai,2,False,active,2021-08-06
806,Ronald Potter,Software Engineer,Istanbul,3,True,terminated,2019-10-26
807,Zachary Cole,Software Engineer,Istanbul,5,False,active,2016-03-19
808,Robert Gonzales,HR Analyst,Istanbul,1,True,terminated,2016-01-26
809,Patricia Young PhD,Civil Engineer,Istanbul,4,True,terminated,2020-07-14
810,Heather Page,Civil Engineer,London,3,True,terminated,2022-04-24
811,Carol Taylor,Civil Engineer,New York,4,False,active,2024-10-02
812,Daniel Brown,Data Analyst,Moscow,4,True,active,2022-08-03
813,Douglas Ryan,Accountant,Berlin,5,True,active,2021-10-12
814,Michael Roberts,Data Analyst,London,2,False,active,2018-07-01
816,Anna Estes,Software Engineer,Moscow,3,True,terminated,2021-08-24
817,Tamara Riddle,Project Manager,Moscow,3,True,active,2021-08-22
818,Beth Cline,HR Analyst,New York,4,False,active,2018-08-17
819,Michael Poole,Software Engineer,Moscow,5,True,terminated,2020-04-27
820,Megan Burns,Accountant,New York,3,True,active,2022-09-08
821,Debra Perry,Civil Engineer,Berlin,3,True,terminated,2017-02-21
822,Mark Beard,Software Engineer,New York,1,True,active,2015-02-23
823,Jose Ramirez,Software Engineer,New York,3,True,terminated,2021-10-24
824,Jackie Clements,Data Analyst,London,2,False,active,2016-06-23
825,Aaron Schroeder,Data Analyst,London,1,True,terminated,2018-09-24
826,Monica Ellis,Accountant,New York,5,True,terminated,2023-03-05
828,Claudia Jordan,Civil Engineer,London,5,True,active,2023-11-05
829,Derrick Clayton,Data Analyst,Istanbul,4,True,terminated,2015-08-07
830,Kenneth Knight,HR Analyst,Dubai,2,True,terminated,2019-12-06
831,Mr. Michael Williams,Project Manager,Moscow,3,True,terminated,2021-05-18
832,Richard Stevens,HR Analyst,Dubai,3,True,terminated,2020-10-18
835,Bonnie Santos,Project Manager,London,4,True,terminated,2023-07-23
836,Timothy Hill,Accountant,Moscow,4,True,active,2017-03-23
838,Carol Sanders,Civil Engineer,Istanbul,2,False,active,2017-05-20
839,Michael Young,Civil Engineer,Dubai,4,True,active,2023-03-11
840,Michele Smith,Project Manager,Berlin,5,True,active,2015-01-07
841,Casey Perez,HR Analyst,Berlin,1,True,active,2018-03-13
842,Alexandra Dominguez,Software Engineer,London,1,True,active,2016-02-20
843,Virginia Henderson,HR Analyst,London,2,True,terminated,2017-11-25
844,Benjamin Reyes,Accountant,Dubai,5,True,terminated,2020-12-17
845,Ashley Edwards,Project Manager,Dubai,2,True,terminated,2015-06-13
847,Brandi Haney,Data Analyst,Moscow,3,True,active,2016-05-31
849,Jessica Bowen,Software Engineer,London,3,True,active,2019-11-11
850,Brittany Jenkins,Accountant,Istanbul,3,True,active,2023-09-23
852,Paul Lawrence,HR Analyst,Dubai,1,False,terminated,2022-02-13
853,Victor Edwards,Accountant,New York,4,True,terminated,2020-12-20
854,Donald Miller,Civil Engineer,Istanbul,3,True,terminated,2023-06-03
855,Lindsay Lawson,Accountant,London,1,True,active,2023-05-06
856,Melissa Abbott,Software Engineer,Istanbul,5,True,active,2023-09-20
857,Elizabeth Holmes,Software Engineer,London,3,True,terminated,2020-08-19
859,Steven Blevins,Software Engineer,Dubai,4,True,active,2023-03-18
860,Brian Porter MD,HR Analyst,Moscow,5,False,active,2017-03-01
861,Vanessa Hatfield,Software Engineer,London,2,True,terminated,2021-10-06
863,Holly Vega,Data Analyst,London,4,True,active,2023-08-15
864,Tiffany Townsend,Software Engineer,New York,5,True,active,2019-02-10
865,Austin Baker,Software Engineer,Dubai,2,True,terminated,2023-06-28
867,Lori Mason,Software Engineer,New York,5,True,terminated,2022-02-21
868,Michael Miller,HR Analyst,Moscow,5,True,terminated,2016-11-28
869,Lisa Ramirez,Accountant,Dubai,5,True,terminated,2022-07-02
870,Jorge Harris,HR Analyst,New York,3,True,terminated,2022-02-28
871,Kimberly Myers,Data Analyst,Dubai,2,False,terminated,2023-04-25
872,Sandra Becker,HR Analyst,Moscow,4,True,active,2018-02-10
873,Michael Blair,Accountant,Dubai,1,True,active,2023-10-06
874,Amy Miller,Civil Engineer,New York,2,True,active,2021-07-10
875,Jesse Lynch,Civil Engineer,Moscow,2,True,terminated,2022-03-28
876,Patrick Yang,Project Manager,New York,2,True,terminated,2020-09-18
877,Michael Miles,Software Engineer,London,2,True,active,2017-08-07
878,Troy Mills,Accountant,New York,3,True,active,2019-06-11
879,Michelle Jackson,Accountant,Istanbul,2,True,terminated,2016-08-16
880,Richard Adams,Project Manager,New York,3,False,terminated,2016-07-27
881,Patricia Johnson,Data Analyst,New York,2,False,terminated,2023-12-11
882,Denise Brown,Civil Engineer,Berlin,3,True,active,2023-10-05
883,Laura Jones,Accountant,London,2,False,terminated,2016-03-30
884,Ian Porter,HR Analyst,Istanbul,3,True,terminated,2017-12-03
885,Holly Scott,Civil Engineer,Berlin,1,True,terminated,2017-03-26
886,Kenneth Sharp,HR Analyst,Dubai,3,True,terminated,2020-09-29
887,Jordan Williams,Accountant,Moscow,4,True,terminated,2023-10-03
888,Dana Ruiz,Accountant,Berlin,5,True,active,2023-04-15
889,Chris Velazquez,Data Analyst,Dubai,1,True,terminated,2018-04-18
890,Kristen Sloan,HR Analyst,Berlin,1,True,terminated,2022-06-18
891,Jennifer Morris,HR Analyst,Berlin,5,True,active,2021-01-21
892,Nathan Nelson,Data Analyst,Moscow,3,True,active,2015-04-22
893,Jake Shaw,Software Engineer,London,4,True,terminated,2016-01-16
894,Cassie Brock,Civil Engineer,Berlin,2,True,terminated,2020-05-11
895,Dr. Andrea Marshall,Civil Engineer,Berlin,4,True,terminated,2024-07-04
896,Ryan Murphy,Software Engineer,New York,1,True,terminated,2016-06-08
897,Aimee Gonzalez,Civil Engineer,Istanbul,4,True,terminated,2016-09-12
898,Elizabeth Dean,HR Analyst,Dubai,3,True,terminated,2023-10-14
899,Kevin Snyder,Data Analyst,New York,4,True,terminated,2018-11-29
901,Danielle Smith,Software Engineer,New York,3,True,active,2016-01-24
902,David Reed,HR Analyst,London,5,True,terminated,2020-10-18
903,Sherry Tapia,Project Manager,New York,3,True,active,2015-02-28
904,Matthew Sweeney,Software Engineer,Dubai,2,True,active,2020-01-26
905,Ashley Moreno,Civil Engineer,London,5,True,terminated,2020-02-13
906,Johnathan Brown,Civil Engineer,Moscow,5,False,terminated,2016-05-07
907,Michelle Davis DVM,Project Manager,Dubai,2,True,terminated,2024-12-06
908,Kelly Haynes,HR Analyst,Istanbul,2,True,active,2019-03-14
909,William Miller,Data Analyst,Moscow,5,True,terminated,2019-09-22
910,Casey Wilkins,Civil Engineer,London,2,True,terminated,2015-08-31
911,Keith Graham,HR Analyst,Istanbul,4,True,active,2018-02-05
912,Cynthia Green,HR Analyst,London,5,True,active,2022-01-18
913,Robert Haynes,Civil Engineer,London,4,True,active,2015-06-17
914,Emily Nelson,Accountant,New York,4,True,terminated,2019-01-25
915,Dale Chan,Civil Engineer,Dubai,4,True,terminated,2017-10-26
916,Brittney Martin,HR Analyst,Moscow,1,True,active,2024-05-23
918,Christine Parker,Software Engineer,Dubai,3,True,terminated,2022-01-26
919,Bryan Moore,Data Analyst,Moscow,4,True,terminated,2015-07-15
920,Samantha Terry,Accountant,London,2,True,terminated,2018-09-29
921,Russell Murphy,Civil Engineer,Berlin,3,True,terminated,2020-06-11
922,David Kelly,HR Analyst,New York,3,True,active,2021-04-12
923,Megan Green,HR Analyst,Istanbul,5,True,active,2019-04-27
925,Danielle Murray,Civil Engineer,Istanbul,2,True,active,2017-02-26
926,Brenda Smith,Data Analyst,Istanbul,5,True,terminated,2017-08-19
927,Vickie Anderson,Project Manager,Berlin,1,False,active,2016-03-05
928,Jacqueline Mccoy,Software Engineer,Istanbul,5,True,active,2021-04-12
929,Lauren Green,Data Analyst,Berlin,3,False,active,2023-01-01
930,Alison Brown,HR Analyst,London,2,True,terminated,2019-07-26
932,Sandra Rivera,Project Manager,Istanbul,4,True,active,2016-07-21
933,Joel Jackson,HR Analyst,Istanbul,3,False,terminated,2015-12-01
935,Michael Thompson,HR Analyst,Berlin,1,True,active,2016-12-25
936,Cody Ramirez,Software Engineer,Dubai,5,True,active,2020-10-24
937,Amanda Harvey,Accountant,Moscow,2,True,terminated,2018-10-17
938,Edward Jenkins,HR Analyst,New York,2,False,active,2023-06-18
939,Amy Ramirez,Accountant,Moscow,1,True,terminated,2022-01-09
940,Curtis Wilkerson,Software Engineer,London,4,True,terminated,2018-03-22
941,Lydia Pham,HR Analyst,Dubai,5,True,terminated,2015-04-25
942,Virginia Casey,Accountant,New York,2,True,terminated,2017-05-28
943,Joshua Washington,Civil Engineer,London,2,True,terminated,2016-04-21
944,Kathryn Price,Software Engineer,Moscow,3,False,terminated,2019-09-28
945,Francis Robinson,Software Engineer,Berlin,2,True,terminated,2015-02-12
946,Paula Brown,HR Analyst,Dubai,1,False,active,2023-04-20
947,Kendra Wang DVM,Project Manager,Dubai,3,True,terminated,2024-06-29
948,Ariel Sandoval,Software Engineer,Istanbul,5,True,active,2017-09-17
950,Zachary Robinson,Software Engineer,London,1,False,terminated,2024-10-08
951,Rebecca Kelly,Accountant,Moscow,5,False,active,2016-11-26
952,Sarah Thompson,Civil Engineer,New York,1,False,active,2023-07-19
953,Renee Wolfe,Civil Engineer,Moscow,5,True,terminated,2017-10-21
954,Alyssa Haynes,Software Engineer,Dubai,4,True,active,2016-10-18
955,Kristy Hart,HR Analyst,Dubai,4,True,terminated,2018-12-16
956,William Keith,Data Analyst,London,4,True,terminated,2017-10-04
957,Eric Henry Jr.,Data Analyst,Dubai,5,True,terminated,2020-04-10
958,Daniel Fox,Civil Engineer,Berlin,3,True,active,2019-12-20
959,Thomas Harris,Project Manager,Dubai,4,True,active,2023-04-13
960,Mitchell Sellers,Data Analyst,London,5,False,active,2019-01-01
961,Erica Johnson,Civil Engineer,Dubai,2,True,terminated,2023-12-31
962,Sylvia Schroeder,Civil Engineer,Istanbul,2,True,active,2016-08-23
963,Shannon Yu,Software Engineer,Moscow,2,True,terminated,2021-05-31
964,Tom Foster,Project Manager,London,4,True,terminated,2023-11-14
965,Eric Taylor,Project Manager,Istanbul,3,True,terminated,2020-10-03
966,Travis Conner,HR Analyst,Berlin,4,True,active,2022-05-13
968,Melissa Mcfarland,HR Analyst,Berlin,4,True,terminated,2024-01-13
969,Courtney Chapman,HR Analyst,New York,1,True,active,2015-11-05
970,Eric Barker,HR Analyst,Dubai,3,False,terminated,2015-11-29
971,Nicholas Rush,Data Analyst,Moscow,1,True,active,2022-12-10
972,Jenna Gamble,Data Analyst,Berlin,4,True,terminated,2021-06-14
973,Amanda Guzman,HR Analyst,Dubai,1,True,active,2017-06-12
974,Tracy Walker,Data Analyst,New York,2,False,terminated,2024-03-03
975,Taylor Taylor,Project Manager,Moscow,1,True,terminated,2020-01-21
976,Cynthia Haas,Project Manager,Dubai,3,True,terminated,2020-03-19
977,Stephen Davis,Software Engineer,New York,4,True,active,2022-02-02
978,Margaret Tanner,Data Analyst,London,1,True,active,2020-07-30
979,Derek Wright,HR Analyst,Istanbul,5,True,terminated,2015-09-02
980,David Rodriguez,Accountant,Moscow,3,True,active,2022-01-30
981,James Oconnor,Accountant,New York,5,True,active,2020-04-23
982,Stacey Snyder,HR Analyst,Moscow,3,True,terminated,2023-10-28
983,Joshua Garcia,Data Analyst,Berlin,5,True,active,2024-02-14
984,Sean Curtis,Accountant,London,1,True,terminated,2023-03-01
985,Carla Jones,Project Manager,Moscow,4,True,active,2024-04-01
986,Elizabeth Flores,Software Engineer,London,3,True,active,2017-03-09
988,Nicholas Payne,Accountant,Dubai,5,True,terminated,2021-07-30
990,Karen Johnson,Project Manager,New York,1,True,active,2016-02-23
991,Carmen Preston,Project Manager,Istanbul,1,True,active,2023-11-09
992,Brian Harris,HR Analyst,Dubai,5,True,active,2015-04-10
993,Michael Bowen,Civil Engineer,Dubai,4,True,active,2019-06-10
994,Deborah Campbell,Data Analyst,Berlin,4,True,active,2015-11-27
995,Anthony Armstrong,HR Analyst,New York,2,True,active,2017-11-15
996,Brittany Ward,Civil Engineer,Istanbul,3,True,terminated,2016-04-06
997,Edward Stanley,Accountant,London,2,True,terminated,2022-01-08
998,Christina Johnson,Project Manager,Berlin,2,True,active,2019-05-20
999,Edgar Miller,Data Analyst,Istanbul,4,True,active,2015-01-01
1000,Elizabeth Sanders,Civil Engineer,London,5,True,terminated,2022-05-01
1001,Matthew Davis MD,HR Analyst,New York,1,False,terminated,2020-05-05
1002,Stephen Wood,Software Engineer,Moscow,1,True,terminated,2022-08-09
1003,Dennis Marshall,Software Engineer,Moscow,4,True,active,2018-02-27
1004,Derrick Brown,Data Analyst,London,3,True,active,2024-08-11
1005,Mary Miller,Project Manager,Berlin,2,True,active,2021-03-06
1006,Joshua Arellano,HR Analyst,Istanbul,3,True,terminated,2022-07-30
1007,Kristen Randall,Accountant,London,4,True,active,2024-12-23
1008,Jennifer Nichols,Accountant,New York,2,True,active,2024-11-16
1009,Karen Keith,Accountant,Berlin,5,True,terminated,2016-04-23
1010,Blake Orr,Accountant,Dubai,5,True,terminated,2022-03-22
1012,Megan Oliver,Project Manager,Istanbul,1,True,active,2019-01-04
1013,Peter Thompson,Project Manager,London,5,True,terminated,2022-08-13
1014,Dr. Rhonda Martinez,Civil Engineer,Moscow,3,True,terminated,2022-09-06
1015,William Graham,Civil Engineer,Moscow,1,False,terminated,2019-04-05
1017,Suzanne Jones,Accountant,Moscow,4,True,terminated,2021-07-26
1018,James Nguyen,Project Manager,Dubai,2,True,active,2020-05-28
1019,Jimmy Marks,Software Engineer,Istanbul,4,True,terminated,2024-01-25
1021,Jason Hernandez,Software Engineer,London,1,False,active,2017-09-23
1022,Olivia Ayers,Accountant,Moscow,2,True,active,2022-05-12
1024,Joseph Cooper,Project Manager,Berlin,5,True,terminated,2016-02-10
1025,James Washington,Accountant,London,2,True,active,2024-06-01
1026,Amanda Hill,Civil Engineer,New York,3,True,active,2021-10-19
1027,Lee Steele,Data Analyst,Dubai,4,True,active,2022-11-25
1028,Steve Rivera,Software Engineer,Dubai,3,True,terminated,2018-06-16
1029,Patrick Mccall,Software Engineer,Berlin,4,True,active,2018-01-16
1030,Alicia Roth,HR Analyst,Berlin,3,True,terminated,2022-07-06
1031,Douglas Vasquez,HR Analyst,Istanbul,2,True,terminated,2022-02-28
1032,Annette Melton,Data Analyst,Istanbul,3,True,terminated,2017-11-09
1033,William Ramos,Accountant,Moscow,1,True,active,2021-07-18
1034,Debra Butler,Civil Engineer,Berlin,2,False,terminated,2023-07-11
1035,Chelsea Lewis,Accountant,Moscow,3,True,terminated,2021-05-09
1036,Natalie Malone,Project Manager,Moscow,3,True,active,2017-08-26
1037,Samantha Robertson,HR Analyst,Moscow,5,True,terminated,2018-01-09
1038,Eric Hunter,HR Analyst,Moscow,2,True,terminated,2018-06-17
1039,Samuel Suarez,HR Analyst,Berlin,4,True,active,2019-04-07
1040,Corey Whitaker,Software Engineer,Berlin,2,True,terminated,2022-11-21
1041,Danielle Bryant,HR Analyst,Berlin,2,True,terminated,2020-04-07
1042,Michele Hill,Data Analyst,Dubai,1,True,terminated,2016-01-02
1043,Kathy Reid,Project Manager,New York,2,True,terminated,2024-06-26
1044,Andre Watson,Civil Engineer,London,1,True,active,2019-11-21
1045,Cassandra Harrell,HR Analyst,Istanbul,4,True,active,2023-04-24
1046,Hannah Martin,HR Analyst,New York,4,True,active,2020-12-27
1047,Nicole Barker,Accountant,London,2,True,active,2015-08-21
1048,James Martin,HR Analyst,Istanbul,1,True,active,2017-10-13
1049,Traci Vincent,HR Analyst,Dubai,1,True,terminated,2024-12-19
1050,Megan Adams,Project Manager,London,5,True,terminated,2019-02-14
1052,Alexa Buck,HR Analyst,Dubai,3,True,active,2017-04-18
1053,Lindsay Smith,HR Analyst,Istanbul,1,False,terminated,2021-09-16
1056,Gregory King,Software Engineer,Berlin,4,True,active,2017-12-30
1058,Brian Hunt,Civil Engineer,London,2,True,active,2022-07-18
1059,Sarah Brooks,Accountant,Moscow,4,True,terminated,2018-09-16
1060,Lisa Evans,Data Analyst,Dubai,5,True,active,2023-02-14
1061,Arthur Mcneil,Civil Engineer,Moscow,3,True,active,2020-09-02
1062,Shannon Green,Project Manager,London,4,True,active,2015-08-22
1063,Stephanie Evans,Software Engineer,London,2,False,terminated,2021-08-07
1064,Ralph Yoder,HR Analyst,London,2,True,terminated,2023-04-09
1065,Rebekah Greene,Civil Engineer,Istanbul,4,True,active,2024-04-09
1066,Melanie Griffith,HR Analyst,New York,1,False,terminated,2017-02-26
1067,Yolanda Green,Accountant,London,1,False,active,2020-10-09
1068,James Johnson,Software Engineer,London,3,True,active,2019-07-01
1069,Laura Lee,HR Analyst,Istanbul,3,False,active,2016-05-31
1070,Courtney Nichols,Data Analyst,Dubai,3,True,active,2021-08-04
1071,Susan Powers,Project Manager,Dubai,4,True,terminated,2024-02-11
1073,Catherine Davis,Civil Engineer,Moscow,3,True,active,2022-01-30
1074,David Stokes,Project Manager,Dubai,5,True,active,2024-08-14
1076,Brandon Kelly,Software Engineer,Moscow,3,True,terminated,2021-08-17
1077,Elizabeth French,HR Analyst,London,3,False,terminated,2015-01-10
1078,David Carter,Civil Engineer,Moscow,3,True,active,2017-08-19
1080,Terry Jones,Software Engineer,New York,4,False,active,2015-10-08
1081,Kathryn Dillon,Civil Engineer,Istanbul,1,True,active,2020-09-23
1083,Brenda Gonzalez,HR Analyst,Moscow,2,True,terminated,2020-09-29
1084,Keith Knox,Accountant,Istanbul,2,True,active,2018-08-12
1085,Eugene Baldwin,Software Engineer,New York,1,False,active,2015-01-31
1086,Katherine Welch,Accountant,London,2,True,active,2024-02-04
1087,Mark Smith,Accountant,Dubai,2,True,terminated,2017-11-23
1089,Katherine Gallagher,Civil Engineer,Berlin,3,True,terminated,2018-02-06
1090,Lucas Schultz,Accountant,Berlin,5,True,terminated,2022-05-18
1091,Vincent Reyes,Civil Engineer,New York,2,False,active,2021-04-17
1092,Curtis Watson,Data Analyst,Moscow,2,True,active,2020-09-18
1093,Frank Whitaker,Accountant,London,5,True,active,2020-12-01
1094,Michael Sims,Accountant,New York,4,True,terminated,2015-01-06
1095,Michael Cooper,Accountant,London,3,False,active,2022-09-02
1096,James Chapman,Accountant,Istanbul,3,True,active,2023-02-14
1097,Rodney Evans,Software Engineer,Moscow,3,True,terminated,2024-08-15
1098,Nicholas Carlson,Software Engineer,Istanbul,4,True,terminated,2020-11-17
1099,Stephen Cowan,HR Analyst,Istanbul,1,True,terminated,2018-11-25
1100,Steven Howard,Data Analyst,Dubai,4,True,terminated,2022-03-27
1101,Travis Hull,Civil Engineer,London,5,True,terminated,2019-07-12
1103,Nicholas Lawrence,HR Analyst,Berlin,1,True,active,2019-07-05
1104,Jacob Santos,Software Engineer,Berlin,1,False,active,2017-07-21
1105,Shawn Scott,Accountant,Berlin,1,True,active,2022-08-21
1106,Amber Vang,HR Analyst,London,2,True,active,2024-12-23
1107,Martha Smith,Accountant,Istanbul,3,True,active,2022-09-23
1108,Jennifer James,HR Analyst,Berlin,1,False,terminated,2018-11-30
1109,Kara Hernandez,Data Analyst,London,1,True,terminated,2017-05-06
1110,Lorraine Turner,Data Analyst,Istanbul,4,False,active,2023-07-15
1111,Mary Nelson,HR Analyst,Dubai,2,True,terminated,2015-12-14
1112,Breanna Rivas,Civil Engineer,Istanbul,2,True,active,2021-08-20
1113,Nathan Wilson,Software Engineer,New York,2,True,active,2015-03-24
1114,Brian Gonzalez,Civil Engineer,London,4,True,active,2022-04-14
1116,Michael Phillips,Project Manager,New York,5,False,terminated,2024-01-02
1117,Jon Clark,Accountant,Dubai,5,True,active,2018-02-05
1118,Erin Smith,Data Analyst,Moscow,1,True,active,2017-02-18
1119,Susan Conley,Civil Engineer,Moscow,5,True,active,2018-04-11
1120,Brittany Davis,Accountant,Istanbul,5,True,terminated,2020-08-15
1121,Misty Garcia,Civil Engineer,Moscow,4,False,terminated,2022-02-20
1122,David Hinton,Accountant,Moscow,5,True,terminated,2018-08-10
1123,John Garcia,HR Analyst,Dubai,3,True,active,2021-04-05
1125,Emily Rodgers,Data Analyst,Berlin,3,True,terminated,2022-04-07
1126,Peter Williams,Data Analyst,London,2,True,active,2023-03-12
1127,Mary Jackson,HR Analyst,London,2,True,active,2017-10-28
1128,Jeffrey Howell,Data Analyst,London,4,True,active,2023-11-05
1129,Anna Briggs,Project Manager,Dubai,3,True,active,2024-02-20
1130,James Rivers,Project Manager,Berlin,2,True,active,2022-09-20
1131,James Jefferson,HR Analyst,Moscow,1,True,active,2024-11-27
1132,Mariah Robles,Civil Engineer,Moscow,2,True,active,2017-03-24
1133,Michael Brown,HR Analyst,Berlin,2,True,terminated,2015-12-10
1138,Bianca Knapp,Civil Engineer,Istanbul,5,True,terminated,2024-08-12
1139,Jason Williams,Data Analyst,New York,5,False,terminated,2023-11-13
1140,Ernest Bush,Data Analyst,Moscow,1,True,terminated,2019-01-19
1141,Patricia Ray,HR Analyst,London,1,True,active,2018-10-26
1142,Vanessa Santiago,Software Engineer,Moscow,5,True,terminated,2020-11-18
1143,Joseph Haynes,Project Manager,New York,1,True,active,2023-04-06
1145,Michael Cruz,Accountant,Dubai,3,True,active,2021-12-29
1146,Kristin Huerta,Civil Engineer,London,3,True,active,2018-04-20
1147,Mason Moore,HR Analyst,Berlin,5,True,active,2019-10-27
1148,Sarah Booth,Accountant,Berlin,4,True,active,2016-12-13
1149,John Allen,Accountant,Istanbul,5,True,active,2016-07-21
1152,Robert West,Accountant,Dubai,2,True,active,2023-09-02
1153,Jillian Wilson,HR Analyst,Berlin,1,False,active,2015-09-14
1155,April Davis,Data Analyst,Moscow,5,True,active,2019-12-21
1156,Lisa Torres,HR Analyst,London,1,True,terminated,2020-01-14
1157,Christine Powers,Accountant,Dubai,4,True,terminated,2019-04-24
1158,Heidi Brown,Project Manager,Istanbul,5,True,terminated,2016-01-01
1160,Kara Sandoval,HR Analyst,London,2,True,active,2015-11-01
1161,Ashley Malone,Accountant,Berlin,3,False,active,2019-11-02
1162,Glenn Gallegos,HR Analyst,New York,2,True,active,2022-06-26
1163,Dorothy Boyd,HR Analyst,Istanbul,1,True,terminated,2019-09-16
1164,Amber Martin,HR Analyst,Berlin,4,True,active,2015-04-30
1165,Mitchell Griffith,Software Engineer,Istanbul,4,True,terminated,2020-07-26
1166,Levi Lopez,Civil Engineer,London,1,True,active,2015-12-20
1167,Jenna Bryant,Accountant,Dubai,1,True,active,2015-10-25
1169,Timothy Monroe,Data Analyst,New York,5,True,terminated,2021-11-02
1170,Patricia Hayes,Project Manager,Berlin,1,True,terminated,2019-07-04
1171,Tina Taylor,Civil Engineer,London,2,True,terminated,2020-07-20
1172,Mr. Anthony Mcconnell PhD,Accountant,Berlin,4,True,terminated,2017-03-14
1173,Mr. Thomas Thompson,Data Analyst,Dubai,5,True,terminated,2015-05-03
1174,Monica Anderson,Data Analyst,New York,4,True,active,2024-07-23
1175,Kyle Andrade,Software Engineer,New York,2,True,active,2016-06-29
1176,Janice Petty,HR Analyst,Berlin,4,True,terminated,2018-10-15
1177,Pamela Hill,HR Analyst,London,3,True,terminated,2016-02-23
1179,Jason Graves,Civil Engineer,Dubai,3,True,terminated,2024-05-02
1180,Elizabeth Miles,HR Analyst,London,2,True,active,2018-04-17
1181,Michelle Walls,Civil Engineer,Moscow,3,True,active,2016-02-03
1182,Christina Weber,Civil Engineer,London,3,True,active,2019-04-18
1183,Gregory Chambers,Accountant,Berlin,5,False,active,2023-08-08
1184,Miss Tina Gordon,Accountant,London,2,True,terminated,2021-01-16
1185,Erica Wilson,Software Engineer,New York,2,True,terminated,2019-01-29
1186,John Duncan,Project Manager,Dubai,2,True,active,2024-11-23
1187,Jennifer Adkins,Data Analyst,Moscow,3,True,active,2023-12-18
1188,Donna Boone,Project Manager,New York,2,True,terminated,2018-03-08
1189,Kelly Johnson,Software Engineer,New York,5,True,active,2023-11-06
1190,Michael Gonzalez,Data Analyst,Dubai,4,True,active,2015-10-13
1191,Candace Mitchell,Data Analyst,Istanbul,5,False,active,2021-12-31
1192,Ryan Vaughn,Accountant,Moscow,1,True,terminated,2023-08-08
1193,Paul Johnson,HR Analyst,London,4,True,terminated,2019-04-02
1194,Ashley Parrish,Accountant,Berlin,3,True,terminated,2017-01-14
1195,Sharon Newton,Civil Engineer,London,4,True,active,2017-02-01
1196,Cynthia Mueller,Accountant,New York,2,True,active,2021-07-24
1197,Donna Beck,HR Analyst,Dubai,2,True,terminated,2018-08-04
1199,Emily Arnold,Accountant,London,2,True,terminated,2021-09-06
1200,David Oliver,Software Engineer,Berlin,1,False,active,2019-02-01
1201,Sheila Greer,HR Analyst,Dubai,5,True,active,2020-08-24
1202,Michele Holland,Data Analyst,Berlin,3,True,terminated,2023-11-12
1203,Kimberly Morrison,HR Analyst,Istanbul,3,False,active,2023-03-01
1204,Tracey Phillips,Data Analyst,Moscow,2,True,active,2021-11-12
1205,Michael Lopez,Civil Engineer,Moscow,4,True,terminated,2016-04-18
1206,Jose Bennett,Software Engineer,Istanbul,4,True,active,2016-06-14
1207,Justin Anderson,Software Engineer,Moscow,5,True,terminated,2023-05-17
1208,Dawn Rivera,Software Engineer,Istanbul,3,True,terminated,2023-09-17
1209,Brittney Hernandez,Civil Engineer,Moscow,3,True,terminated,2015-02-05
1210,Anthony Randolph,Accountant,Dubai,2,False,terminated,2018-12-04
1211,Mary Henry,Data Analyst,London,1,True,active,2017-02-20
1212,Heather Bowers,Software Engineer,New York,3,True,active,2016-07-30
1213,Daniel White,Accountant,Moscow,1,True,terminated,2023-02-03
1214,Jonathan Perry,Software Engineer,London,5,True,active,2024-09-09
1215,Anna Walker,Civil Engineer,Dubai,2,False,active,2023-08-14
1216,Gary Ward,Accountant,London,4,True,terminated,2017-10-05
1217,Paul Moreno,Software Engineer,London,2,False,active,2017-04-28
1218,Samantha Zavala MD,Civil Engineer,Dubai,5,True,terminated,2020-10-18
1219,Jill Conway,HR Analyst,Dubai,4,True,active,2017-10-06
1220,Lisa Haley,Civil Engineer,London,3,True,terminated,2017-03-16
1222,Janice Fernandez,HR Analyst,Dubai,5,True,terminated,2017-09-12
1223,Thomas Short,Civil Engineer,Dubai,1,True,terminated,2023-12-01
1224,Robert Griffin,Data Analyst,Moscow,5,False,active,2021-03-11
1225,Steven Lee,Project Manager,Dubai,5,True,active,2018-05-04
1226,Tiffany Jackson,Data Analyst,Berlin,4,True,active,2023-05-30
1227,Kimberly Smith,HR Analyst,Moscow,4,True,terminated,2023-07-19
1228,Michael Ayala,Accountant,London,2,True,active,2024-07-05
1230,Michele Cherry,HR Analyst,Moscow,3,True,active,2022-06-02
1231,Maria Case,Project Manager,Moscow,5,True,active,2017-08-12
1232,Brittany Stevens,Accountant,London,4,True,active,2024-06-13
1233,Brandon Brown,Project Manager,Istanbul,5,True,terminated,2024-03-01
1234,Kristin Andrews,Accountant,New York,5,True,active,2022-06-15
1236,Jessica Smith,Project Manager,Dubai,2,True,active,2024-01-10
1237,Kimberly May,Data Analyst,Dubai,2,True,terminated,2021-11-10
1238,Nicole Richards,HR Analyst,Moscow,4,True,terminated,2021-07-03
1239,Angel Reilly,Civil Engineer,Dubai,3,True,terminated,2017-11-24
1240,Richard Turner,Accountant,London,5,False,active,2016-04-07
1241,Preston Kim,HR Analyst,Dubai,3,True,active,2015-06-29
1242,Matthew Wells,Software Engineer,New York,5,True,active,2021-11-29
1243,Brandy Myers,Data Analyst,London,1,True,terminated,2023-05-20
1244,Kimberly Choi,Accountant,Berlin,3,True,active,2020-10-18
1245,Michael Sloan,Software Engineer,Istanbul,5,True,terminated,2021-07-10
1246,Monica Brooks,Accountant,Dubai,3,True,active,2021-11-18
1247,Kristen Peters,Project Manager,Dubai,1,False,terminated,2017-07-19
1248,Aaron Carlson,Project Manager,Berlin,2,True,terminated,2019-04-02
1250,Stephanie Cooper,Software Engineer,New York,5,True,terminated,2018-07-13
1251,Matthew Hunt,Accountant,New York,4,True,terminated,2019-10-08
1252,Daniel Davenport,Software Engineer,Istanbul,3,True,active,2018-11-22
1253,Christopher Marsh,HR Analyst,Moscow,4,True,active,2022-10-13
1254,Sarah Randolph,Project Manager,London,4,False,active,2024-07-20
1255,Julia Dunn MD,Civil Engineer,New York,5,True,active,2016-06-07
1256,Brett Swanson,Software Engineer,Moscow,5,False,terminated,2019-10-07
1257,Mr. Carl Rios,HR Analyst,Istanbul,2,True,active,2020-12-20
1258,Manuel Mccullough,Project Manager,London,2,False,active,2017-11-03
1259,Jerry Jensen,Project Manager,New York,1,True,terminated,2016-04-01
1260,Kevin Cunningham,Accountant,Istanbul,4,True,terminated,2019-06-19
1262,David Walker,Project Manager,Berlin,2,True,active,2024-04-21
1263,Jessica Larsen,HR Analyst,New York,2,True,active,2023-01-08
1264,Nicholas Humphrey,Accountant,London,5,True,terminated,2017-12-08
1265,Ian Torres,Data Analyst,Moscow,2,True,terminated,2022-04-20
1266,Casey Obrien,HR Analyst,Dubai,2,True,terminated,2020-10-08
1268,Deborah Mercado,Project Manager,Berlin,3,True,active,2016-04-06
1269,Bernard Smith,HR Analyst,Dubai,1,True,active,2016-04-24
1270,Amanda Perkins,Civil Engineer,Istanbul,2,True,terminated,2022-07-13
1271,Kevin Escobar,Civil Engineer,Dubai,4,True,terminated,2021-03-15
1273,Reginald Diaz,Civil Engineer,Berlin,1,True,active,2018-09-11
1274,Raymond Quinn,Project Manager,Berlin,4,True,active,2022-04-05
1275,John Dixon,Data Analyst,New York,1,True,terminated,2021-08-19
1277,Renee Mendez,Accountant,Berlin,2,True,active,2020-12-07
1278,Jose Griffin,Project Manager,Dubai,5,True,terminated,2015-04-06
1279,Travis Hopkins,Civil Engineer,Berlin,2,True,terminated,2024-04-26
1280,Nancy Webb,Accountant,London,3,True,terminated,2016-04-27
1281,Daniel Freeman,Data Analyst,London,3,True,terminated,2022-03-26
1283,Terry Ward,HR Analyst,Moscow,3,True,terminated,2016-06-01
1284,Jesse Williams,Software Engineer,Berlin,2,False,active,2015-08-05
1285,Mrs. Michele Boyd,Software Engineer,Istanbul,2,True,active,2022-04-24
1286,Sandy Baker,HR Analyst,Istanbul,3,False,active,2015-01-26
1287,Carrie Valdez,Civil Engineer,Moscow,3,True,terminated,2015-12-19
1289,Jamie Solomon,Project Manager,Dubai,1,True,active,2021-05-13
1290,Heather Parrish,Software Engineer,London,5,True,active,2022-01-01
1291,Mr. Larry Shaw,Project Manager,Berlin,4,True,active,2018-12-11
1292,Christopher Jones,Civil Engineer,Dubai,2,True,terminated,2024-11-18
1293,Christine Lopez,Software Engineer,New York,4,True,terminated,2017-10-26
1294,Mitchell Wilson,HR Analyst,Berlin,5,True,active,2016-07-18
1295,Robert Cortez,Software Engineer,Moscow,3,False,terminated,2019-06-15
1296,Mr. Daniel Martin,Accountant,Istanbul,2,False,terminated,2021-09-23
1297,Alison Williams,Software Engineer,Istanbul,1,False,active,2022-09-13
1298,Candace Soto,Data Analyst,Istanbul,1,True,active,2015-01-03
1299,Kenneth Brown,Project Manager,Dubai,2,False,terminated,2018-08-01
1300,Christopher Mullen,Data Analyst,New York,2,True,terminated,2016-02-14
1303,Jerry Haney,Civil Engineer,London,5,True,terminated,2021-11-30
1305,Rebecca Hoover,Accountant,Dubai,4,True,active,2020-05-15
1307,Grace Chavez,HR Analyst,New York,1,True,active,2018-03-16
1308,Crystal Cruz,Data Analyst,London,2,True,active,2015-05-11
1309,Dale Heath,HR Analyst,Moscow,1,True,terminated,2019-12-24
1310,Jennifer Hernandez,Data Analyst,Istanbul,1,True,terminated,2024-08-12
1311,John Mendez,Project Manager,Istanbul,2,True,terminated,2015-02-04
1313,John Anderson,HR Analyst,New York,2,True,terminated,2018-12-15
1314,Samantha Prince,Data Analyst,Moscow,5,False,terminated,2018-09-23
1315,Marie Boyd,Accountant,Berlin,5,True,terminated,2022-12-13
1316,Andrew Moreno,Civil Engineer,New York,4,True,active,2015-08-07
1317,Robert Clarke,Data Analyst,Moscow,2,False,active,2024-05-28
1318,Kevin Figueroa,Civil Engineer,Istanbul,1,True,terminated,2023-05-21
1319,Melissa Davis,Data Analyst,Moscow,3,False,active,2016-09-03
1320,John Hall,Project Manager,Istanbul,4,True,active,2019-09-08
1321,Diane Mcdowell,HR Analyst,Moscow,3,True,active,2019-06-18
1322,Colin Fletcher,HR Analyst,Moscow,5,True,active,2015-10-31
1323,Laura Wilson,HR Analyst,New York,5,True,active,2019-05-05
1324,Matthew Watts,HR Analyst,Istanbul,5,False,terminated,2019-09-07
1325,Jack Moore,Data Analyst,London,4,True,active,2023-09-25
1326,Dawn Wyatt,Software Engineer,New York,4,True,terminated,2021-10-12
1327,Jacob Hill,HR Analyst,Istanbul,2,True,active,2019-08-11
1328,Nicole Gutierrez,Project Manager,Istanbul,5,True,active,2020-07-12
1329,Karen Wood,HR Analyst,Dubai,5,False,terminated,2018-10-19
1330,Dawn Parker,Project Manager,Istanbul,4,True,active,2024-01-27
1331,Michael Fitzgerald,Data Analyst,Istanbul,1,True,terminated,2022-09-26
1332,Mary Adkins,Software Engineer,Dubai,4,True,terminated,2017-09-09
1333,Michael Martin,Software Engineer,New York,4,True,terminated,2015-04-01
1334,James Morgan,Accountant,Dubai,5,True,active,2019-04-11
1335,Melissa Mann,HR Analyst,New York,2,False,terminated,2019-04-26
1336,Vincent Smith,HR Analyst,New York,3,True,terminated,2021-05-09
1337,Charles Frost,Data Analyst,Istanbul,2,True,active,2015-11-22
1339,Andrew Cruz,Civil Engineer,New York,4,True,active,2018-10-30
1342,Jessica Harris,HR Analyst,Dubai,1,True,terminated,2021-06-07
1343,Regina Mitchell,Software Engineer,Moscow,4,False,active,2019-05-20
1344,Kyle Black,Accountant,Dubai,5,True,terminated,2022-05-24
1345,Christopher Johnson,HR Analyst,Istanbul,2,True,active,2022-10-02
1346,Aaron Moore,HR Analyst,Istanbul,2,True,terminated,2020-02-24
1347,Penny Gomez MD,Civil Engineer,Berlin,4,False,active,2024-06-24
1348,Kelly Mclaughlin,Data Analyst,Istanbul,5,True,terminated,2017-11-23
1349,Brandon Mitchell,Project Manager,London,3,True,active,2016-10-23
1351,Destiny Obrien,Civil Engineer,Istanbul,3,True,active,2023-11-12
1352,Timothy Andrews,Accountant,London,1,True,terminated,2018-07-15
1354,Edward Arroyo,Software Engineer,Istanbul,4,True,terminated,2016-12-14
1357,Kristine Carrillo,Civil Engineer,Moscow,5,True,active,2021-12-15
1358,Tonya Ellis,Accountant,London,4,False,terminated,2023-08-22
1359,Kevin Johnson,Software Engineer,Istanbul,4,True,terminated,2022-09-06
1360,Austin Schultz,Accountant,Dubai,2,True,terminated,2018-10-03
1361,Megan Hall MD,HR Analyst,Istanbul,2,True,active,2021-04-25
1362,Kelli Smith,Data Analyst,London,4,True,active,2019-11-18
1363,Danielle Davis,Accountant,London,5,True,terminated,2017-11-18
1364,Samantha Jones,Project Manager,Moscow,4,True,active,2017-02-02
1366,Debra Valentine,Software Engineer,New York,2,True,active,2021-12-17
1367,Susan Porter,Project Manager,Berlin,5,True,terminated,2018-04-11
1368,Nicolas Salas,Project Manager,Istanbul,3,True,active,2024-08-14
1369,Dale Wright,HR Analyst,New York,4,False,terminated,2017-07-08
1370,Brittney Rodriguez,HR Analyst,Berlin,5,False,active,2019-12-30
1371,Megan Alvarado,Civil Engineer,Moscow,1,True,terminated,2019-02-26
1372,Pamela Weaver,HR Analyst,London,2,True,active,2021-11-07
1373,John Oliver,Data Analyst,Berlin,1,True,active,2018-12-30
1374,William Prince PhD,Accountant,Dubai,2,True,terminated,2015-10-09
1375,William Moon IV,HR Analyst,Dubai,5,True,terminated,2024-12-04
1376,Kenneth Brown,HR Analyst,New York,2,True,active,2015-03-18
1377,Karen Fernandez,Accountant,Istanbul,5,True,terminated,2022-12-21
1378,Jennifer Parks,Accountant,Istanbul,3,True,active,2017-02-10
1379,William Wolfe,HR Analyst,New York,3,True,terminated,2017-01-12
1380,Michael Smith,HR Analyst,New York,2,False,active,2024-11-04
1381,Kevin Nguyen,Project Manager,Istanbul,2,False,terminated,2024-02-24
1382,Debbie Dunn,Accountant,London,2,True,terminated,2015-11-17
1383,John Austin,Software Engineer,Istanbul,5,True,active,2018-04-27
1384,Jonathan Clark,Software Engineer,Moscow,1,True,active,2024-04-28
1385,Jacqueline Dickerson,Data Analyst,Dubai,1,True,terminated,2017-12-16
1386,Christopher Anderson,Accountant,London,5,True,active,2021-09-18
1387,Crystal Garcia,Accountant,Berlin,4,True,terminated,2021-06-06
1388,David Reynolds,Civil Engineer,Istanbul,2,True,active,2024-01-20
1389,Charles Haley,Civil Engineer,Berlin,1,False,terminated,2021-12-12
1390,Robert Thompson,Data Analyst,New York,2,True,terminated,2017-06-21
1391,Dr. Samuel Holmes DDS,Project Manager,London,2,False,active,2024-11-09
1393,Jennifer Vaughn,Software Engineer,Berlin,1,True,active,2021-11-12
1394,Robert Woods,Accountant,Istanbul,4,True,active,2019-08-24
1396,Justin Frederick,Accountant,Berlin,1,True,active,2019-08-09
1397,Alejandro Martinez,Project Manager,Moscow,5,True,terminated,2024-04-09
1399,Mariah Thompson,Project Manager,Istanbul,1,False,active,2016-12-09
1401,Dr. Steve James,Software Engineer,New York,5,True,terminated,2020-08-20
1402,Mark Thomas,Accountant,London,2,True,terminated,2021-09-06
1403,Robert Rogers,Data Analyst,Dubai,2,True,active,2018-06-05
1404,Laura Sweeney,Accountant,Moscow,3,True,active,2022-11-07
1405,Christopher Perez,HR Analyst,Moscow,5,True,terminated,2021-02-28
1406,Eddie Adams,Software Engineer,Moscow,4,False,active,2021-02-06
1408,Heidi Matthews,Data Analyst,Istanbul,5,True,active,2017-09-26
1409,Jennifer White,Data Analyst,Istanbul,2,True,active,2021-01-30
1410,Nicholas Stanley,HR Analyst,Istanbul,4,False,terminated,2017-07-13
1414,Phillip Miller,Project Manager,Dubai,5,True,terminated,2019-03-24
1415,Christopher Pena,HR Analyst,Dubai,5,True,active,2016-10-27
1416,Ellen Wright,Data Analyst,New York,5,True,active,2022-01-13
1418,Alyssa Alvarado,Data Analyst,Dubai,3,False,terminated,2016-04-05
1419,Erika Alvarez,Accountant,London,3,True,terminated,2023-09-16
1420,Kimberly Nelson,Project Manager,Berlin,3,True,active,2016-11-02
1421,Wayne Wolfe,Software Engineer,Istanbul,1,True,active,2023-08-21
1422,Kyle Welch,Data Analyst,Moscow,5,True,terminated,2017-12-08
1423,Kristy Mills,HR Analyst,Moscow,3,True,active,2023-01-28
1425,Regina Ramos,Accountant,London,4,True,terminated,2024-01-05
1426,David Torres,Project Manager,Moscow,2,True,active,2021-09-04
1427,Robert Charles,Software Engineer,London,3,True,terminated,2018-11-10
1428,John Smith,Project Manager,Berlin,4,True,active,2022-02-14
1429,Theresa Woods,Project Manager,Dubai,4,True,terminated,2017-07-01
1430,Jeffrey Carter,HR Analyst,London,2,True,terminated,2016-02-21
1431,Adam Brooks,Software Engineer,Dubai,1,True,active,2022-03-06
1432,Justin Foster,Software Engineer,Dubai,4,True,active,2022-07-01
1433,Omar Price,Civil Engineer,Istanbul,2,True,active,2020-12-07
1434,Dennis Henderson,Project Manager,Moscow,3,True,terminated,2018-05-03
1435,Phillip Kent,Civil Engineer,Berlin,1,True,terminated,2017-04-12
1436,Melinda Mitchell,HR Analyst,New York,4,True,active,2020-11-04
1438,Catherine Roberts,Software Engineer,Moscow,2,True,terminated,2023-10-18
1439,Lisa Nelson,Project Manager,Moscow,5,True,terminated,2019-04-01
1440,Chelsea Smith,Project Manager,Berlin,5,False,active,2017-12-09
1441,Joseph Lopez,Data Analyst,Moscow,5,True,active,2017-08-16
1442,Derrick Espinoza,Data Analyst,Dubai,2,True,terminated,2020-10-08
1443,Crystal Hernandez,Accountant,New York,5,True,terminated,2022-12-18
1444,Glenn Collins DDS,Accountant,New York,2,False,active,2022-06-06
1445,Mrs. Raven Rivera DVM,Data Analyst,Moscow,3,False,active,2018-09-08
1448,Ruth Clayton,Software Engineer,Berlin,1,False,terminated,2023-11-08
1450,Jessica Rojas,Accountant,Moscow,5,True,terminated,2015-08-30
1451,Joel Wise,Accountant,Berlin,5,True,active,2019-06-29
1452,Vickie Kennedy,Software Engineer,New York,4,False,active,2017-05-06
1453,Emily Morris,Data Analyst,Istanbul,1,False,terminated,2018-10-01
1454,Amanda Pineda,Accountant,London,5,True,terminated,2021-11-17
1455,Dawn Little,Software Engineer,Dubai,5,False,active,2019-08-06
1456,Stephen Boyer,Accountant,New York,3,True,terminated,2021-12-28
1457,Brian Chen,Accountant,London,2,True,terminated,2021-04-13
1458,Christopher Hill,Civil Engineer,Moscow,4,True,active,2022-02-08
1459,Richard Smith,Accountant,Dubai,4,True,active,2020-07-21
1461,Jacqueline Davis,HR Analyst,Istanbul,5,True,active,2021-04-12
1462,Brandon Montgomery,HR Analyst,Moscow,3,True,active,2020-09-28
1463,Yolanda Garrett,Project Manager,Dubai,2,True,terminated,2016-04-06
1464,Matthew Miles,HR Analyst,Istanbul,4,True,terminated,2024-07-02
1466,Dr. Nicole Trujillo,HR Analyst,New York,5,True,terminated,2016-02-09
1467,Corey Norris,Civil Engineer,Istanbul,3,True,active,2015-11-17
1468,Chad Roach,Civil Engineer,New York,2,True,active,2019-04-17
1469,Mr. Edward Terry,Civil Engineer,London,4,True,active,2023-09-26
1472,Kristen Jones,Civil Engineer,Dubai,2,True,active,2016-08-06
1473,Edward Baker,Data Analyst,Moscow,3,True,terminated,2020-04-25
1474,Aaron Little,Software Engineer,London,3,True,active,2016-08-13
1475,Cody Smith,Project Manager,Dubai,1,True,active,2021-07-17
1476,Patty Allen,Software Engineer,New York,4,True,active,2019-08-03
1477,Mary Ryan,Data Analyst,Dubai,5,True,active,2015-06-01
1478,Joseph Jimenez,Project Manager,Moscow,5,True,active,2021-10-20
1480,Ashley Mills,Data Analyst,Moscow,2,True,active,2015-07-26
1482,Christina Washington,Software Engineer,Berlin,3,True,active,2023-04-30
1483,Kenneth Huff,HR Analyst,Moscow,3,False,active,2019-07-10
1485,Jacob Obrien,Data Analyst,Dubai,2,True,active,2023-04-20
1486,Timothy Clark,Accountant,Berlin,4,True,terminated,2019-10-08
1487,Steve Miller PhD,Civil Engineer,New York,2,True,terminated,2019-12-31
1488,Justin Hurley,Civil Engineer,Moscow,1,True,terminated,2017-02-13
1489,Jacob Erickson,HR Analyst,New York,1,True,active,2017-10-22
1490,Deborah Williams,Software Engineer,Berlin,4,False,active,2022-12-03
1492,Anne Hardy,Software Engineer,London,3,True,terminated,2020-02-05
1493,Chelsey Fox,Accountant,Moscow,1,False,active,2022-01-30
1494,Mario White,Data Analyst,New York,1,False,active,2015-08-09
1495,Jennifer Garcia,Software Engineer,Istanbul,2,True,active,2023-03-30
1496,Heather Ellis,HR Analyst,London,3,True,terminated,2024-02-20
1497,Sonya Jackson,Project Manager,New York,4,True,active,2015-04-14
1498,James Morgan,Civil Engineer,Berlin,3,True,terminated,2016-09-01
1499,Zachary Ramos,Civil Engineer,Istanbul,5,True,terminated,2020-02-23
1500,Ethan Frey,Accountant,Istanbul,4,True,terminated,2024-08-06
1501,Jacob Duran,Software Engineer,New York,5,True,terminated,2017-04-30
1502,Nicholas Franklin,Accountant,Moscow,4,True,terminated,2015-08-08
1503,Cindy Cannon,Civil Engineer,Dubai,4,True,active,2019-01-01
1504,Dawn Nixon,Data Analyst,Berlin,1,True,terminated,2017-03-12
1505,James Barber,Software Engineer,Berlin,5,True,active,2024-09-08
1507,Eric Walker,Data Analyst,Istanbul,3,True,active,2020-12-02
1508,Alison Short,Civil Engineer,Moscow,4,True,active,2024-04-14
1509,Desiree Spencer,Project Manager,Berlin,1,True,active,2020-07-26
1510,Tammy Moore,Civil Engineer,Moscow,4,True,terminated,2015-07-28
1512,Kevin Hall,Civil Engineer,New York,2,True,active,2023-01-07
1513,Anna Ross,Software Engineer,London,4,True,active,2021-08-05
1514,Morgan Cummings,Civil Engineer,London,4,True,terminated,2015-01-29
1516,Laura Velez,Civil Engineer,Istanbul,2,True,active,2022-06-22
1517,Elizabeth Cross,Civil Engineer,Moscow,4,True,active,2016-08-04
1518,Angela Brown,Project Manager,New York,1,False,terminated,2024-02-14
1520,Sean Kane,HR Analyst,Berlin,1,True,active,2021-03-03
1521,Matthew Guzman,HR Analyst,Dubai,4,True,active,2018-02-05
1522,Richard Reyes,Accountant,London,2,True,terminated,2016-03-31
1523,Andrew Fernandez,Project Manager,Berlin,4,True,active,2016-09-25
1524,Jonathan Walker,HR Analyst,Dubai,5,True,terminated,2023-08-27
1525,Nicholas Long,Civil Engineer,London,4,False,active,2019-04-23
1527,Dylan Foster,Data Analyst,New York,3,True,terminated,2019-07-08
1528,Bradley Duncan,Civil Engineer,London,5,True,terminated,2020-05-12
1529,James Miller,Data Analyst,Dubai,3,True,terminated,2020-08-26
1530,Patricia Anderson,Project Manager,Berlin,4,True,terminated,2017-11-29
1531,Justin Freeman,Software Engineer,New York,5,False,terminated,2023-09-16
1532,Christina Gilbert,Software Engineer,New York,3,True,terminated,2024-07-15
1533,Danielle Jones,HR Analyst,Berlin,2,True,terminated,2022-12-02
1534,Erica Glass,Civil Engineer,Istanbul,4,True,terminated,2016-11-04
1536,Frank Wheeler,Civil Engineer,Istanbul,2,True,terminated,2019-06-17
1538,Wanda Ramos,Project Manager,Moscow,1,True,active,2017-07-05
1540,James Todd,Civil Engineer,New York,5,True,active,2016-10-17
1541,Ashley Brown,Data Analyst,Moscow,2,True,terminated,2022-03-30
1543,Alexis Benson,Civil Engineer,London,3,True,active,2015-07-10
1544,Jerry Johnson,HR Analyst,Istanbul,3,True,terminated,2017-02-27
1545,Joshua Harris,HR Analyst,Istanbul,1,True,active,2015-09-01
1546,Deanna Webb,Project Manager,Berlin,3,True,active,2023-10-14
1548,Kevin Alvarado,Accountant,New York,1,True,terminated,2015-08-20
1549,Christopher Campbell,HR Analyst,Istanbul,4,True,terminated,2021-09-04
1550,Lisa Brown,Software Engineer,Dubai,5,True,active,2023-02-07
1552,Samuel Keller,Data Analyst,Moscow,5,True,terminated,2024-08-23
1553,Alicia Dillon,Project Manager,New York,3,True,active,2019-12-14
1554,Crystal James,Software Engineer,Berlin,2,True,terminated,2022-12-10
1555,Ariana Stewart,Accountant,Dubai,5,True,active,2021-06-11
1556,Kim Lopez,Project Manager,Istanbul,2,True,terminated,2019-11-10
1557,Judith House,Data Analyst,Moscow,3,True,active,2023-04-18
1558,David Moreno,Data Analyst,New York,4,True,terminated,2023-10-24
1559,James Moore,HR Analyst,London,5,True,terminated,2019-07-20
1560,Harold Garrett,HR Analyst,New York,2,False,active,2018-03-23
1561,William Mason,Civil Engineer,Berlin,5,True,terminated,2024-04-26
1563,Robin Johnson,HR Analyst,Berlin,2,True,active,2015-01-24
1565,Mary Miller,Project Manager,London,2,False,terminated,2019-12-27
1566,Tyler Salazar,HR Analyst,Dubai,2,False,terminated,2019-11-18
1567,Crystal Allen,Project Manager,Istanbul,1,True,terminated,2020-11-13
1568,Wesley Browning,Data Analyst,London,1,True,terminated,2015-10-12
1570,Joshua Mcbride,Software Engineer,Istanbul,5,False,terminated,2023-12-05
1571,Ellen Thornton,Software Engineer,Berlin,5,True,active,2016-07-14
1574,Emily Grant,Civil Engineer,Berlin,3,True,terminated,2020-11-10
1575,Bailey Stewart,Software Engineer,New York,4,True,active,2024-07-09
1576,Monica Cannon,Accountant,Istanbul,2,True,terminated,2021-05-28
1577,Jennifer Jenkins,Data Analyst,Moscow,4,True,active,2021-04-21
1578,Timothy Shannon,Software Engineer,Moscow,2,True,active,2020-09-16
1579,Denise Maxwell,Data Analyst,Istanbul,4,True,active,2016-07-09
1580,Cody Farmer,Software Engineer,Dubai,4,True,active,2023-07-10
1581,Debra Bradley,HR Analyst,Dubai,4,True,active,2023-06-24
1582,David Mcdaniel,Civil Engineer,London,3,True,active,2023-07-31
1583,Michael Woods,Civil Engineer,Moscow,4,True,terminated,2022-08-01
1584,Lisa Joseph,Accountant,London,5,True,active,2017-04-15
1586,Corey Johnson,Data Analyst,Moscow,3,True,active,2021-09-18
1587,Alexis Nelson,HR Analyst,Moscow,3,True,terminated,2020-09-30
1588,Patrick Mcneil,Data Analyst,New York,1,True,terminated,2019-03-24
1589,Andrea Ho,Data Analyst,New York,1,True,active,2024-07-13
1590,Dr. Katherine Nguyen,HR Analyst,Berlin,3,True,active,2020-01-02
1591,David Sullivan,Accountant,Istanbul,5,True,active,2022-04-21
1592,Nicolas James,Data Analyst,New York,3,True,terminated,2022-04-03
1593,Logan Newton,Software Engineer,Dubai,1,True,terminated,2023-12-21
1594,Kelly Liu,Accountant,London,2,True,active,2019-09-22
1595,Kelly Hayes,HR Analyst,Dubai,3,True,terminated,2020-06-07
1597,Jennifer Moss,HR Analyst,London,2,True,terminated,2020-01-13
1598,Kelli Mccoy,Project Manager,Istanbul,2,True,terminated,2022-11-06
1599,Eddie Sanders,HR Analyst,London,3,True,terminated,2017-10-15
1600,Ronald Murray,HR Analyst,New York,4,True,active,2020-12-06
1601,Louis Brown,Project Manager,New York,1,True,terminated,2023-05-24
1602,Brenda Gallegos,HR Analyst,New York,5,True,terminated,2021-05-20
1603,Nathan Wilson,Software Engineer,London,2,True,active,2020-03-15
1604,Teresa Horton,Project Manager,London,5,False,active,2017-10-27
1606,Kevin Marquez,Accountant,Dubai,4,True,active,2021-04-29
1608,Susan Hogan,Data Analyst,Dubai,3,True,terminated,2018-10-11
1609,Becky Wilson,Software Engineer,Moscow,4,True,terminated,2023-09-17
1611,Richard Hunt,Data Analyst,Berlin,4,True,active,2017-07-12
1612,Jamie James,Software Engineer,Dubai,4,True,active,2018-12-03
1614,Brittany Melton,Software Engineer,Berlin,2,True,active,2018-03-19
1615,Michael Barnes,Software Engineer,Berlin,3,True,terminated,2024-12-03
1616,Randy Griffin,Civil Engineer,Dubai,4,False,terminated,2020-06-02
1617,Autumn Anderson,Civil Engineer,Istanbul,5,True,terminated,2020-09-15
1618,Marcus King,Data Analyst,New York,5,True,terminated,2022-06-22
1619,Scott Stephens,Civil Engineer,London,4,True,terminated,2018-06-30
1620,Stephen Young,Accountant,Berlin,1,False,active,2016-10-18
1622,Kyle Sanchez,Civil Engineer,London,2,True,terminated,2019-09-07
1623,Lisa Grant,Project Manager,Istanbul,2,True,active,2021-04-06
1624,Amber Hernandez,Data Analyst,Moscow,2,True,active,2019-05-16
1625,Amanda Nash,Accountant,Moscow,3,True,active,2019-07-10
1626,Sara Evans,Civil Engineer,New York,2,True,active,2020-05-21
1627,Amber Butler,Data Analyst,Dubai,5,True,active,2023-03-06
1630,Jesse Riley,Civil Engineer,New York,4,True,terminated,2015-12-26
1631,Anna Evans,Accountant,Dubai,3,True,active,2023-04-23
1632,James Jones,HR Analyst,Dubai,2,True,terminated,2022-10-22
1634,Michael Hill,Data Analyst,New York,3,True,active,2017-07-11
1635,Kelly Dominguez,Data Analyst,Moscow,5,True,terminated,2018-09-14
1638,Taylor Andersen,Civil Engineer,New York,3,False,active,2024-01-27
1639,Lee Stewart,Accountant,New York,1,False,active,2019-12-17
1640,Whitney Gomez,Data Analyst,New York,4,True,active,2018-07-31
1641,Justin Stone,Data Analyst,London,5,True,terminated,2024-12-04
1644,Alexander Garrett,HR Analyst,Istanbul,5,True,active,2023-07-23
1645,Ryan Marsh,Project Manager,London,4,True,terminated,2018-10-17
1646,Mrs. Felicia Castro DDS,Data Analyst,Istanbul,2,True,active,2023-12-15
1647,Curtis Campbell,HR Analyst,Berlin,3,False,terminated,2020-06-02
1648,Elizabeth Hunter,Data Analyst,New York,3,False,active,2015-10-12
1649,Aaron Jennings,Civil Engineer,Berlin,1,True,terminated,2023-09-27
1651,Christopher Rivera,HR Analyst,London,4,True,active,2018-05-31
1652,Michael Hendricks,Data Analyst,Dubai,1,False,terminated,2020-04-22
1653,Maria Olson,Software Engineer,Berlin,4,True,terminated,2017-09-30
1654,Stephanie Herrera,Data Analyst,London,5,True,terminated,2021-07-29
1655,Richard Gutierrez,Data Analyst,Moscow,2,True,active,2018-07-14
1656,Sandy Evans,HR Analyst,Moscow,5,True,terminated,2016-02-20
1658,Michael Marsh,Accountant,Dubai,2,True,terminated,2020-03-03
1660,Andre Terrell,Software Engineer,Moscow,5,True,active,2021-01-06
1661,Sarah Duncan,Data Analyst,London,3,True,terminated,2024-08-08
1662,Kurt Hancock,Civil Engineer,London,2,True,active,2018-07-29
1663,Michele Edwards,Software Engineer,London,3,True,terminated,2017-11-09
1664,Jason Crawford,Civil Engineer,London,1,True,terminated,2015-08-24
1665,Jesse Sampson,Project Manager,Moscow,4,True,active,2021-11-10
1666,Eric Rodriguez,HR Analyst,New York,2,True,terminated,2015-09-18
1667,Paula Gentry,Civil Engineer,Moscow,4,True,terminated,2018-09-25
1668,Alexander Webb,Civil Engineer,Moscow,5,True,active,2021-10-23
1669,Cheryl Mclean,HR Analyst,Berlin,5,True,terminated,2018-05-08
1670,Kelly Rowe,Software Engineer,Moscow,2,True,terminated,2021-06-05
1671,Shane Short,HR Analyst,Dubai,3,True,active,2023-12-27
1672,Megan Anderson,Project Manager,Moscow,5,True,terminated,2016-01-30
1673,Julia Reeves,Project Manager,Dubai,4,True,terminated,2019-10-09
1674,April Randolph,Civil Engineer,New York,2,True,terminated,2019-09-18
1675,Linda Miller,Civil Engineer,Istanbul,2,True,terminated,2020-10-15
1676,Angel Meyer,Software Engineer,Moscow,2,True,active,2020-12-09
1680,Bruce Hernandez,Software Engineer,Berlin,5,False,terminated,2018-05-24
1681,Adrian Dean,Accountant,Berlin,2,True,terminated,2022-09-07
1683,Charles Bush,Data Analyst,Moscow,5,True,active,2021-09-07
1684,David Jones,HR Analyst,Moscow,4,True,active,2022-06-07
1685,Gina Wallace,Civil Engineer,Dubai,5,True,terminated,2023-03-08
1686,John Lowe,Civil Engineer,Istanbul,3,True,terminated,2016-02-15
1687,Anthony Simmons,Software Engineer,New York,1,True,terminated,2020-10-16
1688,Kyle Watkins,Project Manager,Dubai,3,True,active,2022-11-13
1689,Melissa Jensen,HR Analyst,Istanbul,3,True,terminated,2023-05-05
1690,Robert Marquez,Accountant,Berlin,4,True,active,2018-04-10
1691,Kim Beltran,Civil Engineer,London,5,True,terminated,2016-07-05
1692,Julie Anderson,Accountant,New York,2,True,active,2022-11-20
1693,Tamara Mcdonald,Accountant,Istanbul,2,False,active,2018-05-31
1694,Michael Mckinney,Project Manager,Istanbul,2,True,terminated,2019-11-08
1695,David Walker,Project Manager,Moscow,2,True,terminated,2021-02-09
1696,Lisa Durham,Data Analyst,Dubai,4,True,terminated,2022-06-14
1697,Michael Ortega,HR Analyst,London,3,True,terminated,2017-04-13
1698,Sonya Chavez,Data Analyst,London,3,True,active,2024-02-08
1700,Christopher Tate,HR Analyst,London,1,True,terminated,2016-06-08
1702,Rebecca Nguyen,Data Analyst,Berlin,3,False,terminated,2018-12-06
1703,Rebecca Patel,Software Engineer,London,4,True,active,2017-06-12
1704,Jason Oliver,Project Manager,Berlin,4,True,active,2021-10-25
1705,Valerie Reyes,Civil Engineer,Moscow,5,False,terminated,2023-09-28
1706,Robert Garza,Software Engineer,Dubai,5,True,active,2019-01-19
1707,Jessica Cobb,Project Manager,London,3,True,active,2020-03-26
1708,Cynthia Bates,Data Analyst,New York,1,True,terminated,2020-10-05
1709,Timothy Andrews,Civil Engineer,Moscow,3,False,terminated,2017-07-26
1710,Mr. Joel Peters,Civil Engineer,London,2,False,active,2016-06-11
1711,Casey Blanchard,HR Analyst,London,4,True,active,2017-03-14
1712,Brian Cervantes,HR Analyst,London,1,True,active,2022-07-28
1713,Jamie Snyder,Civil Engineer,Istanbul,3,True,active,2021-08-08
1715,Stephanie Fields,Software Engineer,Istanbul,1,True,active,2017-04-30
1716,Charles Hernandez,Accountant,Berlin,2,True,active,2017-05-29
1717,Jean Lane,Software Engineer,Istanbul,3,True,terminated,2019-12-19
1718,Michael Stewart,Software Engineer,Moscow,3,True,terminated,2020-02-02
1719,Susan Torres,Data Analyst,Dubai,2,True,active,2019-04-21
1720,Jessica Haas,Project Manager,New York,5,True,terminated,2019-09-02
1721,Brandon Smith,HR Analyst,Moscow,4,True,terminated,2023-07-30
1722,Mrs. Bethany Phillips,HR Analyst,London,2,True,active,2019-05-10
1723,Joshua Brown,Project Manager,Berlin,3,True,active,2022-01-05
1724,Samantha Howard,Data Analyst,Istanbul,3,True,terminated,2016-02-19
1725,Sharon Young,Accountant,Dubai,3,True,active,2019-06-01
1726,Jennifer Flores,Civil Engineer,Dubai,4,True,active,2024-04-23
1727,James Gardner,Software Engineer,Moscow,5,True,active,2019-06-20
1728,Karen Lopez,HR Analyst,Berlin,4,True,terminated,2018-11-11
1729,Tim Larsen,Software Engineer,Istanbul,5,True,terminated,2022-06-28
1730,Zachary Santiago,Accountant,Istanbul,4,True,active,2018-09-08
1731,Benjamin Smith,Software Engineer,Berlin,1,True,active,2021-09-30
1732,Katelyn Kim,HR Analyst,Dubai,1,True,terminated,2022-09-09
1733,Angela May MD,Accountant,Berlin,3,True,terminated,2015-10-30
1734,Richard Munoz,Civil Engineer,Berlin,1,False,active,2016-09-08
1735,Christopher Hicks,Software Engineer,Berlin,4,True,active,2023-05-01
1736,Joanna Kelly,Civil Engineer,New York,3,False,terminated,2024-05-22
1737,Larry Lane,Civil Engineer,Moscow,5,False,terminated,2016-07-07
1738,Cynthia Shaw,HR Analyst,Moscow,3,True,terminated,2018-03-31
1739,Joshua Richardson,Data Analyst,Moscow,5,True,terminated,2019-11-22
1740,Laura Bush,Project Manager,Berlin,4,True,active,2021-11-22
1742,Nicholas Terrell,Data Analyst,New York,4,True,terminated,2023-07-01
1743,Dr. Julie Miller,HR Analyst,London,1,True,terminated,2021-11-18
1744,Ann Kennedy,Accountant,Berlin,4,False,active,2020-01-24
1745,Toni Miller,Project Manager,Dubai,2,True,terminated,2019-07-14
1746,Rebecca Edwards,Civil Engineer,Dubai,4,True,terminated,2018-01-29
1748,Jose Harrison,Civil Engineer,Moscow,2,True,terminated,2016-07-27
1749,Jennifer Yu,HR Analyst,Istanbul,2,True,terminated,2021-10-18
1750,Donna Johnson,Project Manager,Berlin,1,True,active,2016-04-17
1751,Nicole Acosta,Project Manager,New York,3,True,active,2019-11-24
1753,Anthony Mooney,Accountant,New York,3,True,active,2023-03-21
1754,Lori Mitchell,Civil Engineer,Istanbul,1,True,active,2015-04-13
1755,Jonathan York,Data Analyst,Istanbul,5,True,active,2017-09-08
1756,Casey Campbell,Accountant,London,3,True,terminated,2018-02-13
1758,Kevin Hernandez,HR Analyst,London,4,True,terminated,2016-01-17
1759,Robert Green,HR Analyst,London,3,True,active,2021-11-15
1760,Kari Lloyd,Software Engineer,New York,3,True,terminated,2017-05-20
1761,Grace Miller,Civil Engineer,Berlin,1,False,active,2018-09-03
1762,Timothy Moore,Accountant,New York,4,True,terminated,2020-01-27
1763,Wyatt Townsend II,Accountant,Istanbul,2,True,terminated,2016-07-24
1764,Mark Clark,Civil Engineer,London,1,True,terminated,2020-06-11
1765,Haley May,Civil Engineer,Istanbul,2,True,active,2021-08-15
1766,Audrey Jackson,Software Engineer,London,5,True,terminated,2017-08-02
1767,Eric Reese,Accountant,Istanbul,1,True,active,2022-03-18
1768,Kim James,Software Engineer,Istanbul,5,False,active,2016-02-12
1769,Karen Thomas,Data Analyst,Istanbul,3,True,terminated,2021-07-01
1770,Alexandra Ho,Project Manager,Istanbul,1,True,active,2023-10-08
1771,Michael Nixon,Project Manager,Moscow,3,True,terminated,2017-03-13
1772,Amanda Hardin,Software Engineer,Berlin,1,True,terminated,2019-09-09
1773,Tina Reynolds,Accountant,Istanbul,5,True,terminated,2016-06-24
1774,Shannon Rogers,Data Analyst,Moscow,4,True,active,2017-03-23
1775,Brett Pena,Accountant,London,5,True,active,2017-06-22
1776,Raymond Curry,Accountant,Moscow,3,False,active,2017-10-03
1777,Leah Lee,HR Analyst,Berlin,2,True,terminated,2016-06-03
1778,Michael White,Data Analyst,Berlin,1,True,terminated,2016-07-25
1779,Megan Decker,Software Engineer,Moscow,3,True,active,2024-12-14
1780,Brent Garcia,Project Manager,Moscow,4,True,terminated,2018-07-10
1781,Daniel Campbell,Accountant,Berlin,4,True,terminated,2024-04-24
1782,Alexander Davis,Project Manager,Moscow,4,False,terminated,2016-03-25
1784,Margaret Erickson,HR Analyst,Dubai,2,True,terminated,2018-04-13
1786,Stephanie Knight,Software Engineer,Berlin,1,True,active,2022-11-20
1787,Stephanie Dominguez,Software Engineer,New York,4,True,active,2024-01-23
1788,John Mayer,Civil Engineer,London,1,True,active,2020-08-23
1789,Tammy Hill,HR Analyst,Istanbul,3,True,terminated,2022-10-02
1790,Steven Carrillo,Data Analyst,Berlin,4,True,terminated,2024-10-30
1791,Christopher Jones,Software Engineer,Istanbul,5,True,active,2021-04-28
1792,Janet Cook,Civil Engineer,New York,1,False,terminated,2022-03-15
1793,Tyler Baker,Project Manager,Berlin,2,True,active,2018-10-24
1794,John Mcfarland,Accountant,Dubai,3,True,active,2017-03-18
1796,Randy Robinson,Software Engineer,Dubai,4,False,terminated,2019-09-27
1797,Susan Baldwin,Software Engineer,Moscow,5,True,terminated,2024-10-02
1798,Benjamin Duncan,Accountant,Dubai,1,True,terminated,2022-11-30
1799,Jeremy Mosley,HR Analyst,Berlin,2,True,active,2020-05-28
1800,Martin Fitzpatrick,Accountant,Berlin,1,True,terminated,2015-01-27
1801,Deborah Graves,Software Engineer,Berlin,2,True,terminated,2019-02-28
1802,Laura Robertson,HR Analyst,Dubai,2,False,terminated,2015-02-01
1803,Katherine Graham,Data Analyst,Berlin,2,True,active,2016-04-19
1805,April Finley,Data Analyst,New York,2,True,terminated,2022-10-04
1808,Mark Benjamin,HR Analyst,New York,4,False,active,2022-11-21
1809,Joseph Woodward,Software Engineer,London,3,True,terminated,2018-09-08
1810,Joe Miranda,Software Engineer,Dubai,1,False,terminated,2022-07-04
1811,Cassandra Williams,Accountant,London,5,True,active,2017-02-04
1812,Connor Dominguez,Accountant,New York,4,True,terminated,2024-07-26
1813,Lydia Howard,HR Analyst,Dubai,2,False,terminated,2018-06-25
1814,Mark Moss,Data Analyst,Berlin,3,False,active,2015-03-27
1815,Corey Cortez,Data Analyst,London,1,False,active,2020-07-22
1816,Katherine Brown,HR Analyst,London,1,True,terminated,2015-02-22
1818,Joann Forbes,Civil Engineer,Berlin,3,True,active,2019-09-05
1819,Anthony French,HR Analyst,Moscow,4,True,active,2024-09-13
1820,Bruce Roman,Civil Engineer,New York,3,True,active,2017-05-18
1822,Brittany Riley,Software Engineer,Istanbul,5,False,terminated,2024-09-20
1823,Amanda Thomas,HR Analyst,Berlin,4,True,terminated,2022-05-05
1824,Kaitlin Hardin,HR Analyst,Dubai,4,True,active,2022-09-18
1825,Michael Anderson,Project Manager,London,1,True,active,2016-07-09
1827,Joy Jackson,Civil Engineer,Berlin,3,False,active,2021-05-30
1828,Sabrina Rodriguez,Project Manager,Istanbul,3,True,terminated,2022-04-22
1829,Robert Walker PhD,Project Manager,Moscow,5,True,active,2017-08-12
1830,Robert Hendrix,Civil Engineer,Moscow,5,True,active,2020-07-13
1831,Erika Daugherty,Data Analyst,Istanbul,1,True,active,2021-04-16
1832,Brenda Copeland,Software Engineer,London,1,True,active,2017-11-29
1833,Pamela Watkins,Software Engineer,Berlin,3,True,active,2019-05-21
1834,Bryan Thomas,Project Manager,Berlin,4,True,terminated,2017-06-15
1835,Michael Tran,Data Analyst,New York,3,True,terminated,2023-10-27
1836,Timothy Williams,Data Analyst,Berlin,3,True,terminated,2015-05-01
1837,Ryan Salazar,Civil Engineer,London,3,True,active,2024-04-19
1838,Alexis Tucker,Accountant,New York,2,False,terminated,2019-01-19
1839,Christopher Davis,Software Engineer,Moscow,2,False,active,2017-03-14
1840,Stacie Butler,Data Analyst,Moscow,4,True,active,2017-09-16
1841,Patricia Schwartz,Project Manager,Moscow,4,True,terminated,2018-11-07
1842,Mark Mills,Project Manager,Dubai,5,True,terminated,2022-07-16
1843,Todd Bishop,HR Analyst,Istanbul,4,False,active,2019-07-01
1844,Christopher Porter,Accountant,Istanbul,3,True,terminated,2020-12-04
1845,Lori Patton,Project Manager,Berlin,3,True,terminated,2021-07-22
1846,Aaron Young,Data Analyst,New York,1,True,terminated,2019-09-08
1847,Joseph Davis,Software Engineer,London,5,True,active,2018-07-24
1848,Philip Fernandez,Project Manager,New York,2,False,active,2019-05-26
1849,Randy Hopkins,Software Engineer,Moscow,5,True,active,2015-10-30
1850,Cory Hogan,Project Manager,Dubai,1,True,terminated,2022-11-23
1851,Tracy Wells,HR Analyst,London,2,True,terminated,2018-11-10
1852,Michael Williams,HR Analyst,Dubai,2,True,active,2017-08-30
1853,Dominique Hamilton,Project Manager,Istanbul,2,True,terminated,2015-04-10
1854,Robert Chang,Accountant,New York,2,True,active,2015-06-06
1855,Patrick Buckley,Software Engineer,Dubai,5,False,active,2021-10-13
1856,Richard Washington,HR Analyst,London,1,False,active,2024-03-13
1858,Erika Gonzalez,Software Engineer,Moscow,2,True,terminated,2024-09-06
1859,Erika Maxwell,Civil Engineer,Moscow,3,False,active,2021-03-23
1860,Brent Rojas,Civil Engineer,Moscow,3,True,terminated,2015-02-04
1861,Jaime Walker,Data Analyst,Dubai,3,True,terminated,2020-08-30
1862,John Zamora,Software Engineer,Moscow,2,True,active,2021-02-12
1863,Timothy Gibson,HR Analyst,Istanbul,1,True,terminated,2023-06-09
1864,Chad Cortez,Software Engineer,London,4,True,active,2020-03-23
1865,Vanessa Harris,Software Engineer,Berlin,4,False,active,2020-04-25
1866,Michael Brown,Project Manager,London,4,True,terminated,2020-02-23
1867,Samuel Ellis,Accountant,Berlin,1,True,terminated,2019-06-08
1869,Rachel Little,HR Analyst,Berlin,2,False,terminated,2017-06-15
1870,Carolyn Cordova,Software Engineer,New York,4,True,active,2022-05-08
1871,Angelica Vincent,Project Manager,New York,1,True,terminated,2015-10-21
1872,Zachary Vargas PhD,Data Analyst,London,3,True,terminated,2017-04-28
1874,Garrett Riley,Accountant,Istanbul,1,True,terminated,2023-08-02
1875,Leslie Hernandez,Data Analyst,Berlin,2,True,terminated,2019-03-25
1876,Abigail Baird,Civil Engineer,Dubai,5,True,active,2016-04-12
1877,John Mack,Project Manager,Dubai,1,True,terminated,2020-05-08
1878,Joseph Mendoza,Project Manager,Berlin,5,True,active,2019-09-07
1879,Samantha Chavez,Civil Engineer,Berlin,5,True,active,2024-08-29
1880,Justin Smith,HR Analyst,Moscow,2,True,terminated,2018-06-03
1881,Tiffany Anderson,Civil Engineer,London,4,True,active,2024-03-26
1882,Matthew Davis,Project Manager,London,4,True,active,2024-05-23
1883,Eric Warner,Project Manager,Moscow,5,True,active,2019-01-03
1884,Nicole Johnson,Accountant,New York,5,True,terminated,2021-02-23
1885,Raymond Sawyer,Accountant,Istanbul,3,True,active,2015-10-13
1886,Richard Wood,Data Analyst,Dubai,3,True,terminated,2017-02-08
1887,Mark Dalton,HR Analyst,Moscow,5,False,terminated,2018-07-09
1888,Steven Cook,Civil Engineer,Istanbul,5,True,terminated,2022-10-20
1889,Jeffery Nelson,HR Analyst,New York,5,True,active,2023-07-12
1891,Angela Gilmore,Data Analyst,Moscow,3,False,active,2024-01-29
1892,Amy Dougherty,Software Engineer,London,2,False,terminated,2018-04-29
1893,Stacy Rodriguez,Data Analyst,New York,1,False,active,2016-01-08
1894,Manuel Diaz,Software Engineer,Dubai,1,False,active,2017-02-27
1895,Justin Jones,Project Manager,Moscow,3,True,active,2023-09-30
1896,Christine Zavala,Project Manager,Moscow,3,True,terminated,2020-05-21
1897,Brian Mendoza,Accountant,Dubai,4,True,active,2022-01-04
1899,Patrick Perez,HR Analyst,Istanbul,4,True,active,2019-11-22
1900,Derek Frazier,Project Manager,New York,5,True,active,2018-09-12
1901,Arthur Reed,Project Manager,Moscow,3,True,terminated,2019-03-09
1902,Mr. Bryan Mckinney,Accountant,New York,1,True,terminated,2015-07-03
1903,Kim Carter,Civil Engineer,London,5,False,terminated,2023-04-18
1904,Rebecca Dougherty,Software Engineer,Berlin,4,False,terminated,2024-10-12
1905,Teresa Jones,Accountant,Berlin,1,False,active,2023-01-11
1906,Judith Miller,Project Manager,Moscow,4,True,terminated,2015-03-23
1907,Donna Frye,Project Manager,Moscow,4,True,active,2019-11-17
1908,Donald Terry,Project Manager,Berlin,1,True,terminated,2015-07-06
1909,Shaun Meyer DDS,Civil Engineer,Dubai,2,True,active,2024-09-01
1910,Wayne Weaver,Software Engineer,Istanbul,3,True,terminated,2022-04-03
1911,Gregory Wallace,Data Analyst,Berlin,4,True,active,2024-07-14
1912,Dorothy Brown,Civil Engineer,London,5,True,active,2020-06-28
1913,Crystal Meza,Civil Engineer,New York,4,True,terminated,2022-08-17
1914,Jennifer Cooper,Accountant,Istanbul,3,True,terminated,2017-03-14
1915,Erin Watkins,Software Engineer,New York,4,True,terminated,2024-12-08
1916,Sarah Wallace,HR Analyst,Istanbul,2,True,terminated,2021-10-15
1917,Carlos Clarke,Accountant,London,4,True,terminated,2024-07-07
1919,Patricia Williams,HR Analyst,New York,4,True,active,2021-08-06
1920,Jesus Jackson,Data Analyst,Moscow,5,True,terminated,2018-11-07
1921,Michelle Mitchell,HR Analyst,Berlin,4,True,active,2022-07-11
1922,Sara Schwartz,Accountant,Moscow,4,False,active,2024-03-31
1923,Brittany Young,Project Manager,Moscow,5,True,active,2018-02-07
1928,Thomas Sullivan,Project Manager,Istanbul,5,True,terminated,2021-10-16
1929,Mr. Jimmy Flores Jr.,Data Analyst,New York,1,True,terminated,2023-06-19
1931,Kara Roberts,Accountant,Istanbul,4,True,terminated,2016-05-02
1932,Veronica Berry,Accountant,Berlin,3,True,terminated,2019-03-17
1933,Keith Meadows,Software Engineer,New York,1,True,active,2021-05-31
1934,Michael Dennis,Accountant,Berlin,1,True,terminated,2016-10-05
1935,Brenda Pierce,Data Analyst,Dubai,5,True,active,2015-12-23
1936,James Randall,HR Analyst,Dubai,1,True,terminated,2017-02-16
1937,Brandon Brown,Software Engineer,New York,1,True,active,2023-08-12
1938,Lauren Walker,HR Analyst,New York,4,False,terminated,2019-07-24
1939,Diana Johnson,Civil Engineer,Berlin,3,False,terminated,2016-03-04
1940,Jill Powers,Civil Engineer,Dubai,4,True,active,2024-03-30
1941,Jorge Lee,Project Manager,Istanbul,1,True,terminated,2015-05-05
1942,Larry Harding,Data Analyst,Istanbul,4,True,active,2022-02-08
1943,Heather Hernandez,Civil Engineer,London,2,False,active,2018-10-23
1944,Jaclyn Watson,Accountant,London,3,True,active,2018-09-18
1946,Anita Luna,Data Analyst,London,4,True,active,2019-11-20
1947,Willie Lara,Civil Engineer,Dubai,2,True,terminated,2020-09-14
1948,Robert Waller,Data Analyst,London,3,True,active,2024-06-16
1949,Steven Taylor,Accountant,Moscow,1,True,active,2023-06-15
1950,Angelica Clark,HR Analyst,Berlin,2,True,active,2021-04-13
1951,Sean Hatfield,Accountant,Dubai,3,True,active,2016-06-08
1952,Tyler Avila,Data Analyst,Istanbul,3,True,terminated,2019-06-02
1953,Jason Rocha,Data Analyst,Moscow,3,True,terminated,2022-06-06
1954,Justin Page,Data Analyst,Dubai,2,True,active,2019-10-16
1955,Breanna Lopez,Software Engineer,Dubai,4,True,active,2021-06-11
1956,Julian Williams,Civil Engineer,Berlin,3,True,terminated,2018-09-12
1957,Sandra Torres,Project Manager,Dubai,5,False,terminated,2022-09-02
1958,Julie Johnson,Data Analyst,London,3,True,terminated,2023-08-10
1959,Dennis Blanchard,Accountant,Dubai,3,True,terminated,2017-04-26
1960,Kaitlyn Valdez,Software Engineer,Dubai,1,True,active,2018-02-24
1961,Jennifer Vasquez,Project Manager,Istanbul,3,True,active,2022-05-06
1962,Danielle Wilson,Project Manager,Moscow,5,True,active,2019-12-02
1963,Zachary Jones,Software Engineer,Istanbul,5,True,active,2019-05-29
1964,Lauren Cunningham,Data Analyst,Berlin,4,False,active,2023-11-24
1966,Barbara Hunt,Accountant,Moscow,3,True,active,2017-01-17
1968,Francisco Johns,Accountant,Moscow,5,True,active,2016-01-29
1969,Christopher Nelson,Data Analyst,Berlin,3,True,terminated,2022-03-23
1971,Joseph Mayer,Software Engineer,Dubai,3,True,terminated,2024-04-22
1972,Pamela White,Software Engineer,New York,1,True,terminated,2015-07-15
1973,Paul Stephens,Software Engineer,Moscow,3,True,terminated,2021-01-06
1974,Samantha Cohen,Software Engineer,Istanbul,3,False,terminated,2016-01-26
1976,Kevin Morrow,Accountant,Berlin,4,False,terminated,2022-03-07
1977,Joseph Watson,HR Analyst,Istanbul,2,True,terminated,2019-12-27
1978,Mr. Thomas Garcia,Data Analyst,Dubai,3,False,active,2022-12-29
1979,Daniel Lopez,Civil Engineer,London,3,True,terminated,2022-08-08
1980,Lisa Guerra,Data Analyst,Dubai,1,True,terminated,2021-09-12
1981,Kim Arnold,Software Engineer,Berlin,3,True,active,2019-10-04
1982,Ashley Stevens,Software Engineer,London,3,True,active,2015-08-25
1983,Robert Mclean,Project Manager,Istanbul,5,True,active,2017-02-15
1984,Eric Cox,Software Engineer,Berlin,3,True,active,2021-05-14
1985,Stacy Harper,HR Analyst,London,3,True,active,2021-04-15
1986,Gloria Mckinney,Project Manager,London,5,True,terminated,2015-10-07
1987,Robert Walker,Civil Engineer,Berlin,4,True,active,2016-10-13
1988,Brenda Perez,Data Analyst,Moscow,5,True,terminated,2022-01-21
1989,Carlos Miller,HR Analyst,New York,3,True,terminated,2022-06-19
1990,Rachel Jones,Software Engineer,New York,2,False,active,2021-08-26
1991,Nicole Williams,Civil Engineer,London,5,True,terminated,2020-11-09
1993,Bryan King,Data Analyst,New York,4,True,terminated,2016-08-14
1994,Michael Webster,Software Engineer,Berlin,1,True,active,2020-10-15
1995,Tamara Harris,Accountant,Berlin,3,True,active,2023-12-04
1996,Cathy Bell,Project Manager,New York,4,False,active,2019-05-04
1997,Ryan Mcmahon,Data Analyst,Berlin,5,False,active,2022-08-28
2000,Annette Lane,Accountant,Berlin,3,True,active,2017-02-25
2001,Daniel Lee,Project Manager,Berlin,1,True,active,2023-08-27
2002,Steven Medina,HR Analyst,Dubai,1,True,terminated,2021-05-29
2003,Annette Lewis,Accountant,New York,5,True,active,2015-11-30
2004,Michelle Richardson,Project Manager,Dubai,2,True,terminated,2015-01-20
2005,Jessica Rosario,Data Analyst,Moscow,3,True,active,2019-07-12
2006,Henry Gray,Software Engineer,London,1,True,active,2020-02-07
2007,Darren Rodriguez,HR Analyst,Dubai,1,True,active,2018-09-27
2008,Mrs. Ashley Taylor,Project Manager,New York,1,True,terminated,2017-06-08
2009,Michele Hawkins,Civil Engineer,Berlin,3,True,terminated,2024-03-03
2010,Garrett Wilson,Civil Engineer,Dubai,4,True,active,2018-04-02
2011,Kyle Collins,Software Engineer,Dubai,4,True,terminated,2022-08-18
2013,Scott Lopez,Accountant,Dubai,1,True,terminated,2019-12-04
2014,Ryan Alvarez,Accountant,New York,1,True,terminated,2019-12-24
2015,Cassie Lutz,HR Analyst,Dubai,1,True,active,2022-04-29
2017,Charles Morales,Data Analyst,Moscow,5,True,active,2018-08-16
2018,Ashley Schaefer,Accountant,Berlin,1,True,active,2020-12-15
2021,Ryan Hardy,Civil Engineer,Dubai,5,True,active,2020-05-22
2022,Micheal Perkins,Software Engineer,Moscow,3,True,active,2024-04-07
2023,Richard Schneider,Accountant,Moscow,2,True,terminated,2016-04-15
2024,John Morrison,Accountant,Moscow,2,False,active,2018-10-18
2025,John Ramirez,Data Analyst,Moscow,1,True,active,2018-02-02
2026,Ashley King,Project Manager,London,1,True,terminated,2019-07-20
2027,Mark Taylor Jr.,HR Analyst,Dubai,3,False,active,2024-01-11
2028,Barry Gregory,Accountant,Istanbul,5,True,active,2023-12-03
2029,Janet Shelton,HR Analyst,New York,4,False,terminated,2022-02-10
2030,Marco Davis,Data Analyst,Moscow,3,True,terminated,2018-12-06
2032,Christina Bates,Accountant,Istanbul,5,True,active,2015-11-13
2033,Dennis Cooper PhD,Project Manager,Istanbul,4,True,active,2016-03-29
2034,Tiffany Johnson,HR Analyst,Istanbul,5,False,active,2016-12-29
2035,Thomas Reyes,Data Analyst,Dubai,4,True,terminated,2024-11-27
2036,James Stevens,HR Analyst,New York,4,False,terminated,2020-10-24
2037,Justin Dalton,HR Analyst,Dubai,2,False,active,2023-02-01
2039,Mike Freeman,Accountant,Istanbul,3,True,active,2018-01-04
2040,Michael Keller,Software Engineer,Moscow,3,True,active,2020-07-05
2041,Laura Alvarez,Accountant,London,1,True,active,2018-06-08
2042,Katie Myers,Data Analyst,Istanbul,5,True,terminated,2018-12-16
2043,Wesley Jensen MD,Software Engineer,Berlin,2,True,terminated,2021-10-14
2044,Erica Johnson,Software Engineer,Moscow,1,False,terminated,2017-10-18
2045,Russell Bailey,Data Analyst,Dubai,3,True,terminated,2023-05-30
2046,Alyssa Vance,Project Manager,Dubai,4,True,active,2024-07-28
2047,Brent Reed,Accountant,Dubai,3,True,active,2017-10-05
2048,Gregory Stanley,HR Analyst,London,3,True,active,2020-05-02
2049,Matthew Watkins,HR Analyst,Moscow,5,True,active,2017-10-15
2050,Ana Torres,Data Analyst,New York,1,True,terminated,2022-02-10
2051,Alejandro Nguyen,Data Analyst,Moscow,2,True,terminated,2015-12-25
2052,Scott Bradley,Software Engineer,New York,5,True,active,2023-05-02
2053,Deborah Dominguez,Civil Engineer,Dubai,5,True,active,2019-05-26
2054,Victoria Gray,Project Manager,Istanbul,5,True,active,2022-07-12
2055,Kenneth Stokes,Project Manager,Berlin,4,True,active,2021-10-22
2056,Michael Rogers,Data Analyst,Dubai,5,True,terminated,2020-08-31
2057,Pamela Morgan,Civil Engineer,Dubai,1,False,terminated,2020-11-18
2058,Heidi Graham,Civil Engineer,Berlin,5,False,terminated,2020-04-21
2062,Ryan Davis,Civil Engineer,Berlin,5,True,terminated,2017-12-15
2063,Austin Solis,Software Engineer,Moscow,4,True,active,2018-12-09
2066,Joshua Gonzalez,Civil Engineer,Moscow,2,True,terminated,2016-07-21
2067,Mario Chavez,Data Analyst,New York,3,True,terminated,2021-07-28
2070,Victor Harmon,Project Manager,Moscow,5,True,terminated,2023-12-15
2072,Patricia Hamilton,HR Analyst,Dubai,4,True,active,2022-01-20
2073,Lori Boyd,Software Engineer,Berlin,3,True,terminated,2020-11-29
2074,Charles Hernandez,Accountant,New York,4,True,terminated,2024-02-02
2075,Elizabeth Graham,HR Analyst,New York,2,True,terminated,2017-09-27
2077,Jason Colon,Accountant,Berlin,3,True,terminated,2020-08-15
2079,Brian Lee,Civil Engineer,Dubai,3,True,terminated,2024-08-02
2080,Ronald Marshall,Project Manager,Dubai,3,True,active,2020-01-19
2081,Jessica Lucas,Accountant,Berlin,4,True,terminated,2020-02-23
2082,Christopher Taylor,Civil Engineer,Istanbul,1,True,terminated,2020-04-18
2083,Robert Hopkins,Civil Engineer,New York,4,True,active,2015-01-16
2084,Samuel Stuart,Data Analyst,Istanbul,5,True,terminated,2018-05-15
2085,Mr. Scott Miller,HR Analyst,Moscow,1,True,terminated,2019-06-13
2086,Sharon Lester,Accountant,Moscow,1,True,terminated,2019-05-11
2087,Jack Sandoval,Project Manager,Moscow,3,True,terminated,2020-10-26
2088,Tony Ramsey,Software Engineer,New York,3,True,active,2015-01-17
2090,Kelly Calderon,Civil Engineer,London,5,False,terminated,2024-02-01
2091,Tara King,Project Manager,New York,4,True,active,2018-11-03
2092,Cynthia Martinez,Software Engineer,Istanbul,5,True,active,2022-10-16
2093,Erin Silva,Project Manager,Berlin,4,False,terminated,2020-02-05
2094,Paul Young,Project Manager,Berlin,4,True,terminated,2018-11-30
2095,Charles Thompson,Software Engineer,London,2,False,terminated,2017-04-02
2096,Jessica King,Software Engineer,London,4,True,terminated,2016-05-28
2097,Katherine Brooks,Project Manager,Dubai,4,True,terminated,2019-05-30
2099,Tracey Suarez,Data Analyst,Dubai,4,True,terminated,2015-08-13
2100,Heidi Baldwin,Civil Engineer,Moscow,2,True,active,2024-03-04
2101,Alisha Rasmussen,Accountant,London,4,True,active,2015-12-26
2102,Sarah Bates,Data Analyst,Moscow,5,True,terminated,2024-12-23
2103,Melissa Mccormick,HR Analyst,Berlin,4,True,active,2020-03-24
2104,Juan Parker,Data Analyst,Istanbul,3,False,active,2015-03-27
2107,Theodore Long,Data Analyst,Berlin,5,True,terminated,2020-02-04
2108,Dawn Davis,Software Engineer,Istanbul,5,True,terminated,2018-05-19
2109,Cynthia Clark,Data Analyst,Berlin,2,False,active,2021-10-14
2110,Sydney Welch,Software Engineer,Berlin,3,True,terminated,2019-05-11
2112,Sean Morrow,Software Engineer,Moscow,2,True,active,2018-08-01
2113,Kaitlin Gutierrez,Data Analyst,Dubai,4,True,active,2022-03-20
2116,Heather Guzman,Accountant,Istanbul,5,True,terminated,2023-12-19
2117,Nancy Chavez,Civil Engineer,Moscow,5,True,terminated,2017-01-23
2118,Anthony May,Accountant,London,1,False,active,2016-10-18
2121,Christopher Black,Data Analyst,Istanbul,1,True,active,2020-02-15
2122,Sandra Hines,Accountant,Istanbul,1,True,active,2019-10-13
2125,Michael Serrano,Accountant,Dubai,5,False,terminated,2019-07-29
2126,Christina Perry,Civil Engineer,Berlin,1,True,active,2021-03-13
2127,Shawn Duffy,Software Engineer,New York,5,True,terminated,2020-07-28
2128,Courtney Vaughan,Civil Engineer,Istanbul,2,True,active,2024-05-12
2130,Valerie Gonzalez,Civil Engineer,Berlin,5,True,active,2022-11-17
2131,Caroline Morales,Civil Engineer,Dubai,3,True,terminated,2016-03-14
2132,David Davis,Civil Engineer,Istanbul,5,True,terminated,2016-03-02
2133,Travis Wilson,Accountant,London,5,True,terminated,2016-04-21
2134,Jessica Mora,Civil Engineer,Istanbul,5,True,active,2024-12-16
2135,Michael Wilson,Project Manager,Berlin,1,True,active,2024-11-29
2136,Cheryl Atkins,Data Analyst,Istanbul,1,True,active,2024-11-23
2137,Donna Snyder,Accountant,Berlin,5,True,active,2021-05-17
2138,Scott Greene,Software Engineer,Dubai,4,True,terminated,2018-02-09
2139,Diane Byrd MD,Data Analyst,Moscow,4,True,active,2024-04-24
2140,Charles Roberts,Data Analyst,Berlin,4,True,active,2022-01-10
2141,Luke Solomon,Project Manager,Dubai,4,True,terminated,2023-12-11
2142,Michael Ellis,HR Analyst,Moscow,4,True,active,2024-01-16
2143,Casey Morris,Data Analyst,London,4,False,terminated,2016-10-03
2144,Melissa Reeves,Project Manager,Istanbul,5,True,active,2023-08-03
2145,Nancy Scott,HR Analyst,Dubai,2,True,terminated,2018-03-12
2146,Anthony Cook,HR Analyst,London,3,True,active,2015-05-17
2147,Terry Barajas,Project Manager,Istanbul,3,True,terminated,2017-03-07
2148,Tracy George,Software Engineer,New York,3,False,active,2016-08-27
2149,Amber King,Civil Engineer,Dubai,4,True,terminated,2022-05-11
2151,Walter Hansen,HR Analyst,New York,2,True,terminated,2023-11-25
2152,Debbie Gordon,HR Analyst,Istanbul,4,True,terminated,2019-06-28
2154,Joseph Thomas,Project Manager,London,1,False,active,2020-02-16
2155,Andrew Anderson,Software Engineer,Berlin,2,True,active,2024-05-29
2156,Sandy Adkins,Data Analyst,Dubai,5,True,active,2015-06-22
2157,Diane Mcdowell,Data Analyst,Berlin,2,True,terminated,2020-07-04
2160,Pamela Hernandez DVM,HR Analyst,Moscow,3,True,terminated,2021-02-20
2161,Rebecca Brown,Data Analyst,New York,4,True,terminated,2021-11-23
2162,David Johnson,HR Analyst,Berlin,2,True,active,2022-03-22
2163,Michael Graham,Civil Engineer,New York,4,False,active,2019-06-18
2164,Tammy Williams MD,Data Analyst,Berlin,2,True,terminated,2020-03-24
2165,Karina Vasquez,Project Manager,Berlin,1,True,terminated,2015-12-14
2167,Sean White,Software Engineer,New York,1,True,active,2019-03-08
2169,Laurie Silva,Accountant,London,1,True,terminated,2020-04-23
2170,Kelly Duncan,Civil Engineer,Dubai,5,True,active,2018-01-06
2171,Billy Tate,Project Manager,London,2,True,terminated,2022-08-19
2172,Stacy Johnson,Project Manager,Dubai,2,False,terminated,2023-10-29
2173,Melanie Long,Software Engineer,New York,2,True,terminated,2019-04-03
2175,Brad Rivas,Project Manager,Dubai,5,True,active,2015-07-04
2176,Jordan Moses,Project Manager,New York,3,True,terminated,2021-08-18
2177,Abigail Booker,Data Analyst,Moscow,1,True,active,2018-08-09
2178,Tiffany Nguyen,Project Manager,Istanbul,1,True,terminated,2022-04-19
2180,Christine Williams,Accountant,Istanbul,5,True,active,2021-01-20
2181,Erica Brown,Project Manager,London,4,True,active,2023-11-28
2182,Trevor James,Software Engineer,Moscow,4,True,terminated,2017-01-11
2183,Christopher Hanna,Accountant,London,5,True,terminated,2015-10-11
2185,Richard Mitchell,HR Analyst,Berlin,3,True,active,2017-09-19
2186,Martha Martinez,Civil Engineer,Dubai,4,True,terminated,2015-09-12
2187,Jeffrey Drake MD,Accountant,Moscow,3,False,terminated,2017-09-15
2188,Bonnie Wade,Data Analyst,Moscow,4,True,active,2017-02-09
2189,Kayla Burns,Accountant,Moscow,1,True,active,2019-06-07
2190,Karen Hart,Accountant,Moscow,3,True,terminated,2020-11-11
2191,Peter Shepherd,Project Manager,Istanbul,5,True,active,2018-07-18
2192,Jessica Simmons,HR Analyst,New York,5,True,terminated,2022-07-25
2193,Glenn Ford,HR Analyst,Berlin,1,True,active,2019-12-18
2194,Michael Moore,Accountant,London,2,True,terminated,2016-09-04
2195,Mark Warren IV,Project Manager,Berlin,4,True,active,2018-11-22
2196,Terry Woods,Project Manager,Dubai,4,True,active,2023-01-02
2197,Carl Leach,Project Manager,Moscow,3,True,terminated,2022-02-18
2198,Kelly Phillips,Software Engineer,Istanbul,5,True,terminated,2018-10-15
2199,Billy Williams,Software Engineer,London,5,False,terminated,2023-11-05
2200,Jeffery Davis,HR Analyst,London,4,True,terminated,2017-12-19
2201,Laura King,HR Analyst,Dubai,4,True,active,2022-09-25
2202,Brad Gordon,HR Analyst,Moscow,4,True,terminated,2020-06-22
2203,Matthew White,HR Analyst,Moscow,5,True,active,2022-10-12
2204,James Miller,Software Engineer,Istanbul,4,True,active,2015-11-07
2206,Michael Hanson,Accountant,Moscow,4,True,terminated,2021-05-16
2207,Vincent Savage,Project Manager,Berlin,3,False,active,2024-10-25
2208,Cody Burgess,HR Analyst,Moscow,2,False,active,2022-03-27
2209,Shelby Rodriguez,Civil Engineer,Istanbul,4,True,active,2015-09-03
2210,Abigail Wilson,Accountant,Moscow,4,False,terminated,2024-03-23
2211,John Holt,HR Analyst,New York,2,True,terminated,2022-03-22
2212,Tracy Guzman,Data Analyst,Berlin,1,True,active,2015-09-08
2213,Mr. William Ward,Civil Engineer,Moscow,4,True,active,2023-10-07
2214,Melissa Foster,Accountant,Istanbul,2,False,terminated,2020-03-06
2216,Alan Waller,Civil Engineer,Berlin,2,False,terminated,2020-12-03
2218,Jessica Garrett,Accountant,Istanbul,3,True,active,2020-06-26
2220,John Johnson,Project Manager,Istanbul,2,False,terminated,2018-11-13
2221,Christian Park,Data Analyst,Dubai,4,True,terminated,2017-05-05
2222,Kaitlyn Heath,Data Analyst,London,2,True,active,2017-02-08
2223,Christina Hudson,Software Engineer,Berlin,2,False,terminated,2019-06-14
2224,Amber Smith,HR Analyst,Dubai,2,True,active,2021-07-03
2227,Donna Freeman,Data Analyst,Berlin,3,True,terminated,2019-09-20
2228,Mr. Logan Gregory,HR Analyst,Istanbul,5,True,terminated,2024-06-07
2229,Katherine Klein,Civil Engineer,Istanbul,2,True,active,2020-10-19
2230,Jennifer Stewart,Software Engineer,Dubai,3,False,terminated,2021-06-13
2231,Steven Butler,Project Manager,London,1,True,terminated,2019-12-05
2233,Michael Smith,Software Engineer,Moscow,5,True,terminated,2023-04-26
2234,Corey Cooper,HR Analyst,Berlin,4,True,terminated,2022-02-01
2235,Daniel Stout,Data Analyst,New York,3,False,terminated,2022-03-20
2236,Lance Kirby,Accountant,Istanbul,2,True,terminated,2023-05-05
2238,Toni Whitaker,Civil Engineer,New York,5,True,terminated,2024-02-26
2239,Morgan Flynn,HR Analyst,Dubai,5,False,terminated,2022-05-30
2240,Sarah Howell,Accountant,New York,3,True,terminated,2023-04-27
2241,Paul Estrada,Software Engineer,London,4,True,active,2023-01-21
2242,Curtis Obrien,Project Manager,Dubai,2,True,terminated,2022-12-24
2243,Jason Chaney,Project Manager,Berlin,2,False,terminated,2020-03-20
2244,Daniel Williams,Data Analyst,Moscow,5,True,terminated,2023-09-23
2245,Stanley Kelly,Data Analyst,New York,3,True,active,2021-01-28
2246,Ronald Kline,Data Analyst,Dubai,4,True,terminated,2016-07-21
2247,Arthur Jordan,Data Analyst,New York,3,True,active,2020-11-19
2248,Barbara Walker,Civil Engineer,Moscow,5,True,terminated,2017-11-21
2251,Michael Robertson,HR Analyst,Dubai,3,False,active,2016-10-31
2252,Michelle House,Accountant,London,5,True,terminated,2021-02-27
2254,Brian Bishop,Civil Engineer,Moscow,1,True,terminated,2022-11-27
2255,Theresa Colon,Software Engineer,Berlin,2,True,active,2018-06-01
2256,Brian Soto,Project Manager,London,2,True,terminated,2020-04-12
2258,Jeremy Hunter,HR Analyst,Istanbul,3,True,active,2024-06-23
2259,Annette Holland,Project Manager,London,3,False,active,2023-09-11
2260,Chad Allison,Civil Engineer,Moscow,2,True,terminated,2018-11-04
2261,Jason Mack,Civil Engineer,Berlin,4,True,active,2019-11-15
2262,Robert Peterson,Accountant,Istanbul,2,True,terminated,2024-08-02
2263,Angela Watson,Accountant,London,2,True,active,2024-12-05
2264,Heather Ortega,HR Analyst,Moscow,5,True,terminated,2017-03-16
2265,Paul Fisher,Accountant,Moscow,5,True,terminated,2022-01-07
2267,Jimmy Phelps,Civil Engineer,New York,3,True,terminated,2015-05-04
2268,Heidi Johnson,Data Analyst,Istanbul,4,True,terminated,2024-01-02
2269,Adam Drake,Accountant,Moscow,5,True,terminated,2017-09-01
2270,Angela Edwards,Accountant,Moscow,5,True,terminated,2015-02-17
2271,Mrs. Amy Malone,Data Analyst,London,5,True,terminated,2024-04-17
2273,Mark Reeves,Project Manager,London,2,True,terminated,2021-09-09
2274,Kelly Phillips,Civil Engineer,New York,3,True,terminated,2017-03-23
2275,Michael Spencer,HR Analyst,London,5,True,active,2017-04-15
2276,Patrick Blankenship,Project Manager,Dubai,2,True,terminated,2017-04-17
2278,Melody Griffin,Data Analyst,London,4,True,terminated,2022-09-30
2279,Joshua Kramer,Accountant,Dubai,5,True,terminated,2021-09-21
2280,Melissa Barron,Data Analyst,London,4,True,active,2021-06-11
2282,Andrew Cook,Data Analyst,Istanbul,5,True,terminated,2017-10-02
2283,Natalie Martinez,Accountant,New York,5,True,active,2021-05-26
2284,Diane Davis DDS,Accountant,Berlin,3,True,active,2021-09-02
2285,Nicole Moore,Data Analyst,Istanbul,2,True,terminated,2018-09-14
2286,Robert Vargas,Civil Engineer,London,4,True,active,2016-05-16
2287,Raymond Barber,HR Analyst,Dubai,4,False,active,2018-07-06
2288,Mrs. Amy Watson,Data Analyst,Berlin,5,False,active,2021-02-05
2289,Heather Williams,HR Analyst,Dubai,1,False,terminated,2017-03-01
2290,Belinda Evans,HR Analyst,Moscow,1,False,terminated,2022-05-03
2291,Jody Bird,HR Analyst,Berlin,5,True,terminated,2021-08-26
2292,Virginia Cunningham,Civil Engineer,Berlin,5,True,terminated,2024-07-16
2293,Lori Ferguson,Civil Engineer,Dubai,5,False,active,2017-03-08
2294,Hayley Mitchell,Civil Engineer,Berlin,2,True,active,2020-04-13
2295,Michelle Chambers,Software Engineer,New York,5,True,terminated,2017-01-12
2296,Kelly Wright,Civil Engineer,Dubai,1,True,terminated,2015-07-16
2297,Kevin Carson,Data Analyst,Moscow,1,True,active,2020-07-21
2298,Brent Dawson,HR Analyst,Dubai,1,True,active,2021-10-15
2299,Angela Brown,Accountant,Moscow,4,True,active,2017-06-08
2300,Karen Griffin,Project Manager,Moscow,1,True,active,2015-11-05
2301,Joseph Chapman,Civil Engineer,Berlin,1,True,terminated,2015-02-17
2302,Jennifer Baker,Software Engineer,Dubai,5,True,terminated,2024-05-05
2304,Samantha Thomas,Data Analyst,London,3,True,terminated,2016-01-28
2305,Michael Anderson,Civil Engineer,New York,2,True,terminated,2023-10-10
2306,Sharon Wilson,Software Engineer,London,5,True,active,2018-06-17
2307,John Francis,Accountant,Berlin,3,True,terminated,2020-07-04
2308,Jaclyn Crane,Project Manager,New York,2,False,active,2018-10-25
2309,Jennifer Martinez,Accountant,New York,1,True,terminated,2018-10-22
2310,Amanda Hernandez,HR Analyst,Moscow,2,True,active,2021-12-29
2311,William Turner,HR Analyst,New York,2,True,active,2017-07-15
2312,Dr. Charles Lawrence,Civil Engineer,Moscow,1,True,active,2024-05-11
2313,Steven Small,HR Analyst,Berlin,3,True,active,2024-09-15
2314,Robert Burns,Data Analyst,Dubai,5,True,active,2023-08-30
2315,Gregory Harrell,Accountant,London,3,True,terminated,2018-05-15
2316,Kenneth Knight,Data Analyst,Berlin,2,True,terminated,2020-03-23
2317,Rachael Alvarez,Project Manager,Dubai,5,True,active,2016-10-12
2318,Lisa Gill,Software Engineer,New York,4,False,terminated,2022-10-23
2319,Julia Cole,Data Analyst,London,2,False,terminated,2021-10-10
2320,Sean Nguyen,HR Analyst,Moscow,2,True,active,2017-06-19
2321,Mary Ortiz,Civil Engineer,Dubai,1,False,terminated,2020-03-04
2322,James Weaver,Accountant,New York,2,True,terminated,2018-02-07
2323,Stacy Fitzgerald,Accountant,London,5,False,active,2018-05-20
2324,Sharon Mann,Accountant,Berlin,3,False,terminated,2019-07-11
2325,Rebecca Zimmerman,Accountant,Dubai,1,True,active,2020-07-04
2326,Becky Hansen,Civil Engineer,Berlin,2,True,active,2015-02-26
2328,Kelly Lopez,Civil Engineer,London,3,True,terminated,2024-09-14
2330,Catherine Smith,Data Analyst,Istanbul,1,True,terminated,2015-05-13
2331,Danielle Thornton,HR Analyst,Berlin,2,True,terminated,2024-11-06
2333,Jennifer Williams,Software Engineer,London,3,True,active,2024-03-13
2334,Allison Kim,HR Analyst,Dubai,5,True,active,2022-09-24
2335,Scott Stewart,Software Engineer,New York,4,True,terminated,2019-10-08
2336,Brian Garcia,Project Manager,Istanbul,1,True,active,2023-12-19
2338,Eric Russell,Project Manager,New York,5,True,active,2021-07-24
2341,Jason Nguyen,Project Manager,Istanbul,2,True,active,2017-12-29
2343,Paul Willis,HR Analyst,Berlin,4,True,terminated,2021-01-04
2344,Paul Cruz Jr.,Accountant,Dubai,1,True,terminated,2024-04-25
2345,John Russell,Project Manager,New York,2,True,terminated,2024-12-04
2346,Mr. David Mercado,Accountant,Berlin,3,True,terminated,2018-11-29
2347,Victor Leonard,Project Manager,Dubai,3,True,active,2015-01-23
2348,Justin Glover,Project Manager,Dubai,5,True,terminated,2015-05-14
2349,Jason Miller,Accountant,Berlin,3,True,active,2021-09-27
2351,William Casey,Civil Engineer,Dubai,1,True,active,2017-04-07
2352,Jessica Buck,Project Manager,London,3,True,terminated,2017-03-16
2353,Aaron Marshall,Project Manager,Berlin,3,True,active,2015-12-30
2354,Donna Stanton,Software Engineer,Istanbul,4,True,terminated,2022-02-09
2355,Timothy Olson,Civil Engineer,Istanbul,2,True,active,2020-04-21
2358,Amber Stevenson,Accountant,London,3,False,terminated,2020-08-12
2359,Elizabeth Foster,Software Engineer,Moscow,5,True,active,2020-07-24
2360,Charles Hawkins,Software Engineer,London,5,True,active,2024-09-17
2362,Emily Fleming,Data Analyst,Istanbul,3,True,terminated,2017-12-30
2363,Dean Mullins,Civil Engineer,Berlin,5,True,active,2016-09-24
2364,David Bird,HR Analyst,Berlin,1,True,active,2021-09-25
2365,Joe Greene,Project Manager,Istanbul,4,True,active,2024-06-09
2367,John Valenzuela,Accountant,Berlin,1,True,active,2015-08-18
2368,Jennifer Woodard,HR Analyst,New York,3,True,terminated,2018-01-14
2369,Pamela Medina,Project Manager,New York,2,False,active,2018-01-29
2371,Ronnie Powers,Civil Engineer,New York,1,True,terminated,2020-02-01
2372,Heather Hess,Accountant,Moscow,1,True,terminated,2016-07-11
2373,Heather Thompson,Civil Engineer,New York,4,True,terminated,2021-09-29
2374,Melissa Smith,Civil Engineer,Istanbul,3,True,active,2020-07-12
2375,Timothy Wallace,Project Manager,New York,2,True,active,2017-10-14
2376,Alejandro Campbell,Civil Engineer,Berlin,5,True,active,2021-05-20
2377,Heather Davis,Data Analyst,Dubai,4,False,terminated,2016-04-25
2379,Johnny Cox,Project Manager,London,4,True,active,2022-02-22
2380,Tanner Mann,Project Manager,Moscow,3,True,active,2023-12-27
2381,Craig Nicholson,HR Analyst,Moscow,5,True,terminated,2021-11-14
2382,Sergio Carroll,Civil Engineer,Moscow,5,True,active,2018-08-08
2383,Juan Keller MD,HR Analyst,Moscow,4,True,terminated,2019-09-18
2384,Krystal Jones,Civil Engineer,Berlin,1,True,terminated,2016-10-24
2386,Crystal Mills,Accountant,Istanbul,5,True,active,2019-08-16
2387,Cheryl Gregory,HR Analyst,London,2,True,active,2018-04-11
2388,Melissa Patel MD,Project Manager,New York,4,True,terminated,2024-03-14
2389,Jordan Pace,Accountant,London,4,True,terminated,2020-01-01
2390,Terri Williams,Accountant,Moscow,3,False,terminated,2017-03-13
2391,Jessica Carney,Accountant,New York,2,True,terminated,2015-09-19
2392,Michael Owens,HR Analyst,Dubai,2,True,terminated,2020-06-13
2393,Peter Stephenson,Data Analyst,Berlin,1,True,active,2020-08-15
2394,Donald Fisher,Accountant,Moscow,3,True,terminated,2019-03-04
2395,Aaron Lee,Civil Engineer,Berlin,5,True,terminated,2017-12-05
2396,Kenneth Johnson,Software Engineer,New York,3,False,active,2017-10-26
2397,Vanessa Coleman,HR Analyst,Istanbul,1,True,terminated,2015-12-06
2398,David Martin,Data Analyst,Berlin,5,True,terminated,2015-07-23
2399,Mark Davis,HR Analyst,Moscow,2,True,terminated,2015-07-15
2401,Felicia Wright,Project Manager,London,5,True,active,2016-01-27
2402,David Peterson,Civil Engineer,New York,3,True,active,2015-11-11
2403,Gavin Bauer,Software Engineer,Berlin,2,True,terminated,2024-05-10
2404,Patricia Harvey,Accountant,Moscow,2,True,terminated,2015-06-27
2405,Lori Riley,Software Engineer,Istanbul,4,False,terminated,2019-09-21
2407,Ryan Brown,Accountant,Berlin,1,True,terminated,2024-07-11
2408,Thomas Ramos,Project Manager,London,2,False,active,2018-08-02
2409,Mark Jones,Software Engineer,London,4,True,active,2022-08-31
2410,Kristin Phillips,Accountant,London,3,True,active,2021-02-07
2411,Brendan Walton,Accountant,Moscow,1,True,active,2017-09-02
2412,Kyle Keller,HR Analyst,New York,3,True,active,2017-08-13
2413,James Pope,Software Engineer,London,2,False,terminated,2021-03-10
2414,Lisa Morgan,Civil Engineer,Istanbul,5,True,terminated,2016-01-22
2415,Rachel Gibson,Civil Engineer,Dubai,5,True,active,2021-02-23
2416,Corey Garcia,Software Engineer,Istanbul,4,True,terminated,2022-11-24
2417,Andrea Clarke,Data Analyst,Dubai,3,True,active,2015-01-28
2418,Kenneth Walsh,Software Engineer,New York,2,True,terminated,2019-08-10
2419,Jason Hardy,Accountant,Istanbul,1,False,active,2021-08-03
2420,David Robles,Accountant,Moscow,3,False,terminated,2020-11-30
2421,Eric Graham,Software Engineer,New York,4,True,active,2016-02-16
2422,Nicole Collins,Project Manager,Berlin,4,True,active,2021-04-24
2423,Patricia Hernandez,Civil Engineer,Moscow,2,True,active,2022-06-08
2424,Grant Wood,Project Manager,New York,5,True,active,2019-09-01
2425,Kevin Gregory,Accountant,London,3,True,active,2021-10-23
2426,Jonathon Conley,Data Analyst,New York,5,True,active,2016-08-15
2427,Jennifer Gonzalez,Data Analyst,Moscow,2,True,terminated,2021-05-17
2429,Michael Neal,HR Analyst,Dubai,3,True,terminated,2020-07-03
2430,Ms. Erin Lane,Accountant,London,1,True,terminated,2021-05-26
2432,Jesse Mccormick,Software Engineer,New York,3,False,terminated,2018-05-21
2434,David Hanson,Data Analyst,Berlin,5,True,terminated,2021-11-10
2435,Nicholas Cisneros,Software Engineer,Istanbul,5,True,terminated,2017-07-22
2436,Patrick Harris,Civil Engineer,Dubai,3,False,active,2018-11-29
2437,William Cox,Civil Engineer,Berlin,1,True,terminated,2024-09-03
2439,Cory Willis,Software Engineer,New York,1,True,active,2016-10-28
2441,Christopher Mcclure,Software Engineer,Istanbul,2,True,active,2015-07-27
2442,Gina Spencer,Accountant,Berlin,1,True,active,2016-12-27
2443,Alex Cameron,Software Engineer,Istanbul,3,True,terminated,2015-12-18
2445,Richard Rodriguez,Software Engineer,New York,3,True,terminated,2018-05-30
2448,Yolanda Keith,Civil Engineer,Moscow,4,True,active,2019-07-10
2449,Ana Thomas,Data Analyst,Berlin,5,True,terminated,2018-09-01
2451,James Greene,Project Manager,New York,2,True,active,2016-08-27
2452,Dana Williams,Software Engineer,Dubai,4,True,active,2023-07-01
2453,Chelsea Nichols,Software Engineer,Istanbul,5,True,terminated,2022-02-11
2455,Shelley York,Project Manager,Moscow,2,True,active,2018-02-06
2456,Stacey Clark,Software Engineer,London,3,True,active,2021-07-07
2457,John Alvarado,Accountant,New York,2,True,active,2022-04-20
2458,Jordan Potter,Project Manager,Berlin,4,True,active,2019-02-13
2460,Frank Brooks,Civil Engineer,Moscow,4,True,terminated,2019-03-28
2461,Michelle Simpson,HR Analyst,London,2,True,terminated,2018-02-12
2462,James Morse,Project Manager,Istanbul,3,True,active,2019-08-21
2463,Amanda Robinson,Civil Engineer,Dubai,1,True,terminated,2019-07-05
2464,Scott Foster,Project Manager,Dubai,3,True,terminated,2024-09-17
2465,Stephen Duncan,Data Analyst,London,1,False,active,2021-12-23
2466,Jacqueline Pierce,Data Analyst,Dubai,3,True,terminated,2021-07-09
2469,Jessica Mcdonald,Civil Engineer,Moscow,1,True,terminated,2019-09-28
2471,Christopher Hall,HR Analyst,Istanbul,4,False,terminated,2018-04-20
2472,Heather Miller,Civil Engineer,Moscow,1,True,active,2023-01-31
2473,Kayla Schneider,Software Engineer,Istanbul,2,True,active,2024-12-29
2474,Tammy Garcia,Software Engineer,Berlin,5,True,terminated,2015-11-10
2475,Andrew Gonzalez,Accountant,Istanbul,5,True,active,2018-01-31
2476,Gary Turner,Project Manager,Moscow,3,True,terminated,2018-02-23
2477,Melinda Hill,Project Manager,Berlin,4,True,active,2018-09-19
2479,Nancy Gaines,Data Analyst,Berlin,4,True,terminated,2016-07-28
2480,Elijah Short,HR Analyst,Dubai,1,False,terminated,2023-06-23
2481,Jennifer Sullivan,Civil Engineer,Dubai,3,True,terminated,2024-10-31
2482,Mary Kennedy,Data Analyst,Dubai,1,True,terminated,2020-07-18
2483,Paige Hernandez,Civil Engineer,Moscow,3,True,terminated,2015-04-05
2484,Darrell Curry,Software Engineer,New York,4,True,terminated,2020-07-31
2486,Miranda Murray,Civil Engineer,Dubai,3,True,active,2024-10-23
2487,Emily Lopez,HR Analyst,Dubai,5,True,terminated,2020-08-10
2488,Melissa Clark,Accountant,Berlin,3,False,terminated,2015-08-31
2489,Justin Brooks,HR Analyst,Berlin,3,True,active,2016-11-11
2490,Bethany Harding,Civil Engineer,New York,1,True,active,2024-12-17
2491,Robert Flowers,Data Analyst,Dubai,3,False,active,2024-03-19
2492,Jason Jennings,Accountant,New York,1,True,active,2015-08-05
2493,Richard Medina,Data Analyst,New York,2,True,terminated,2023-05-23
2494,Alexander Floyd,Project Manager,Istanbul,3,True,active,2023-01-09
2495,Brittany Cisneros,Data Analyst,New York,2,True,terminated,2016-09-23
2497,Sharon Baird,Accountant,New York,2,True,active,2020-07-23
2498,James Ferguson,Accountant,Moscow,5,True,terminated,2018-02-22
2500,Steven Davis,Software Engineer,London,4,True,terminated,2020-03-09
2502,Katherine Lopez,Civil Engineer,Dubai,5,True,terminated,2022-02-02
2503,Victor Campbell,Accountant,New York,1,True,terminated,2016-05-24
2504,Matthew Jones,Project Manager,London,2,True,active,2016-09-25
2505,Joseph Jackson,Software Engineer,Berlin,2,True,terminated,2021-10-12
2506,Jennifer Moore,Software Engineer,Dubai,5,True,active,2024-09-05
2508,Troy Glenn,Project Manager,London,4,True,active,2015-11-27
2509,Daniel Reynolds,Civil Engineer,Berlin,2,True,terminated,2015-06-05
2510,Karen Munoz,HR Analyst,Dubai,3,True,terminated,2017-12-21
2511,Laurie Shaw,Data Analyst,Istanbul,2,True,active,2015-02-18
2512,Desiree Smith,HR Analyst,London,4,True,terminated,2024-11-02
2515,Julia Johnston,Data Analyst,London,3,True,terminated,2019-03-09
2516,Donna Ibarra,Software Engineer,Dubai,5,True,active,2016-10-03
2517,Michael Dawson,HR Analyst,Berlin,3,False,terminated,2021-12-30
2520,Judith Bartlett,Project Manager,New York,4,True,terminated,2024-04-17
2521,Keith Long,Accountant,Istanbul,4,True,terminated,2018-03-25
2522,Cynthia Harrell,Data Analyst,Istanbul,3,True,terminated,2019-05-01
2523,Mark Carter,Accountant,Dubai,3,True,active,2015-05-18
2524,Melissa Bowen,Accountant,Berlin,5,True,terminated,2019-11-24
2525,Johnny Riddle,Civil Engineer,Dubai,4,True,active,2016-10-17
2526,Whitney Jones,Data Analyst,Berlin,1,True,terminated,2019-12-02
2527,Randall Nguyen,Project Manager,Moscow,4,True,terminated,2019-06-02
2528,David Hunter,Civil Engineer,Istanbul,5,True,active,2024-12-28
2529,Benjamin Neal,Civil Engineer,Istanbul,2,True,terminated,2016-08-04
2530,Jane Reese,Software Engineer,New York,3,True,active,2021-10-17
2531,Jennifer Smith,Project Manager,Dubai,1,True,active,2021-01-04
2532,Thomas Murphy,Data Analyst,Berlin,4,False,active,2017-09-08
2533,Kari Jones,Data Analyst,London,1,True,terminated,2022-02-21
2534,Dana Dodson,HR Analyst,Istanbul,4,True,terminated,2019-03-15
2536,Albert Garcia,HR Analyst,Dubai,2,True,active,2023-12-25
2537,Joseph Myers,Civil Engineer,Istanbul,3,True,active,2020-09-25
2538,Phillip Byrd,Civil Engineer,New York,4,True,terminated,2019-09-07
2539,Hunter Robinson,Civil Engineer,Berlin,5,True,terminated,2023-06-07
2541,Sara Cain,Software Engineer,New York,2,True,active,2020-06-20
2542,Michelle Prince,HR Analyst,London,3,False,active,2016-11-28
2543,Eric Williams,Data Analyst,Berlin,2,True,active,2021-07-20
2544,Raymond Wang,HR Analyst,Istanbul,1,True,active,2015-03-23
2545,Jade Allen,Data Analyst,Moscow,5,True,terminated,2022-10-23
2546,Javier Hays,Civil Engineer,New York,5,True,active,2020-11-13
2547,Corey Caldwell,Data Analyst,New York,4,True,active,2024-10-31
2548,Stephen Robles,Data Analyst,Dubai,5,True,terminated,2015-07-08
2549,Carol Jackson,Data Analyst,Moscow,5,True,active,2016-11-19
2550,Brian Murphy,HR Analyst,Istanbul,5,True,terminated,2021-10-19
2551,Chelsey Clark,Civil Engineer,Moscow,2,True,terminated,2020-02-04
2552,Teresa Martinez,Data Analyst,Moscow,1,True,active,2023-02-09
2553,Howard Thompson,Civil Engineer,London,2,True,terminated,2015-05-30
2554,Eugene Price,Software Engineer,Istanbul,2,True,terminated,2018-07-09
2555,Austin Briggs,HR Analyst,Berlin,1,True,active,2015-03-01
2556,Jackie Jones,Accountant,Berlin,2,False,terminated,2021-12-13
2558,Mrs. Kimberly Mooney,Project Manager,London,3,True,terminated,2021-04-02
2559,Carolyn Haley,Software Engineer,New York,1,True,terminated,2024-10-03
2560,Vicki Horton,Data Analyst,Berlin,2,True,active,2017-06-30
2561,Valerie Benson,HR Analyst,Istanbul,1,True,terminated,2024-05-01
2562,Mark Henson,HR Analyst,Moscow,5,False,active,2018-07-14
2563,Samuel Olson,Civil Engineer,Dubai,3,True,terminated,2023-02-03
2564,Lee Richards,Civil Engineer,New York,1,True,terminated,2016-10-18
2565,Martin Hall,Project Manager,Berlin,5,True,active,2019-06-19
2566,Virginia Hall,Software Engineer,Berlin,3,True,terminated,2023-06-02
2567,Stephanie Parker,Accountant,Istanbul,1,True,active,2020-05-03
2568,Nicole Harvey,Accountant,New York,4,True,active,2018-01-28
2569,James Phillips,Data Analyst,Dubai,2,True,terminated,2024-03-22
2570,Dan Johnson,Project Manager,New York,4,True,terminated,2019-02-09
2572,Erin Ramirez,Accountant,Istanbul,4,False,active,2017-12-23
2573,Paige Meyer,Data Analyst,New York,5,False,terminated,2019-10-26
2575,Ryan Rivera,HR Analyst,New York,5,True,active,2016-06-29
2576,Joshua Knox,Data Analyst,New York,4,True,active,2023-06-06
2577,Danielle Mcdaniel,Civil Engineer,London,5,True,active,2017-06-28
2578,Lisa James,HR Analyst,Dubai,5,True,active,2022-02-06
2579,Jeremy Smith,Software Engineer,Istanbul,4,True,active,2017-09-30
2580,Andrea Lee,Software Engineer,New York,5,True,terminated,2024-11-04
2581,Brenda Harris,Project Manager,London,1,True,terminated,2019-06-10
2582,Kevin Guerra,Accountant,Berlin,5,True,terminated,2023-12-06
2584,Emily Griffith,Accountant,Istanbul,5,True,active,2022-03-28
2585,Christopher Wright,Data Analyst,London,5,True,active,2019-02-12
2586,Jerome Reid,Accountant,Moscow,2,True,terminated,2022-09-09
2587,Richard Miller,Accountant,Dubai,3,True,active,2020-06-05
2588,Jennifer Jackson,Accountant,Moscow,2,True,active,2022-09-24
2590,Sally Leon,Accountant,Berlin,3,True,active,2016-04-10
2593,Nicholas Scott,HR Analyst,Dubai,5,True,active,2017-06-21
2594,Jesse Brooks,Data Analyst,Moscow,4,True,active,2019-07-01
2595,Andrea Taylor,Software Engineer,Berlin,1,True,active,2016-11-24
2596,Christopher Lopez,HR Analyst,London,1,True,terminated,2018-03-04
2598,Timothy Bentley DVM,Software Engineer,Istanbul,3,True,active,2015-01-29
2600,Jennifer Williams,HR Analyst,Istanbul,5,False,active,2016-01-04
2601,Janice Cunningham,Software Engineer,Moscow,3,False,terminated,2015-06-19
2602,Jeffrey Scott,Data Analyst,New York,1,True,terminated,2024-02-08
2604,Michael Horton DDS,Civil Engineer,Berlin,5,True,terminated,2015-10-19
2605,Nancy Allen,Data Analyst,New York,3,False,active,2020-06-02
2606,Robert Mccoy,Accountant,Moscow,2,True,terminated,2020-02-29
2607,Melissa Brewer,Civil Engineer,Istanbul,2,True,active,2016-12-16
2609,Lance Lynn,Software Engineer,Dubai,2,False,terminated,2019-05-29
2610,Alexandria Wise,Accountant,New York,2,True,terminated,2024-09-19
2611,Sydney Sanders,Data Analyst,Istanbul,1,True,active,2024-11-03
2612,Stephanie Stone,Project Manager,Moscow,4,True,terminated,2019-09-15
2613,Jay Gallegos,Civil Engineer,Istanbul,3,True,terminated,2018-06-09
2614,Eric Ponce,Civil Engineer,New York,2,True,terminated,2018-03-29
2615,Janet Parker,HR Analyst,Moscow,5,True,terminated,2019-07-29
2616,Shawn Luna,Project Manager,London,3,True,terminated,2020-12-03
2617,Mark Frank,HR Analyst,New York,1,True,active,2020-12-06
2618,Charles Goodman,Data Analyst,New York,5,True,active,2015-11-09
2619,Jennifer Parker,Software Engineer,Dubai,2,True,active,2023-05-09
2620,Dr. April Jones,Civil Engineer,Dubai,3,True,terminated,2022-01-10
2623,Christina White,Accountant,Istanbul,2,True,active,2021-12-02
2624,Joanne Olsen,Software Engineer,New York,3,True,terminated,2015-05-13
2625,Anthony White,Project Manager,Dubai,3,True,active,2024-06-18
2626,Deanna Barrera,HR Analyst,London,3,True,terminated,2020-06-29
2627,Mark Weber,Civil Engineer,Berlin,5,True,terminated,2017-05-05
2628,Carol Carter,Project Manager,London,1,True,active,2015-01-19
2629,Donald Peterson,Project Manager,Istanbul,1,True,active,2019-10-09
2630,Karen Chambers,Project Manager,Moscow,4,False,terminated,2015-12-29
2632,Kevin Huerta,Accountant,New York,5,True,active,2023-09-01
2633,Joseph Smith,Data Analyst,Dubai,1,True,terminated,2023-12-17
2634,Victoria Juarez,HR Analyst,New York,3,True,terminated,2015-12-04
2635,Kara Rogers,Software Engineer,London,2,True,terminated,2021-12-31
2636,Jacob Wu,HR Analyst,London,5,True,active,2021-05-25
2637,Dr. Teresa Ortega MD,Software Engineer,Moscow,3,True,terminated,2021-10-27
2639,Jesus Hale,Software Engineer,London,2,True,active,2018-12-01
2640,Stacy Taylor,Project Manager,Istanbul,5,False,active,2024-04-15
2642,Robin Richardson,Civil Engineer,Dubai,5,True,terminated,2019-08-29
2643,Mary Alvarez,Software Engineer,Dubai,4,True,active,2021-12-04
2644,Cole Andersen,Accountant,Istanbul,5,True,terminated,2021-12-31
2645,Robin Smith,HR Analyst,Berlin,3,True,active,2023-05-11
2646,Angel Aguirre,Data Analyst,New York,3,False,terminated,2019-04-29
2647,Jeremy Lawson,Data Analyst,New York,3,True,terminated,2018-03-16
2648,Lonnie Miller,Data Analyst,Istanbul,2,True,active,2016-11-22
2649,Timothy Galvan,Data Analyst,Istanbul,2,True,active,2023-08-06
2650,Dr. Susan Navarro,Accountant,Berlin,5,True,active,2018-02-05
2651,Cory Thomas,Project Manager,London,3,True,active,2024-10-15
2652,Laura Vincent,Project Manager,Dubai,4,True,terminated,2023-07-29
2653,Bethany Robles,Civil Engineer,Moscow,4,False,terminated,2020-08-24
2654,Michael Dunn,Software Engineer,Moscow,3,True,active,2016-02-05
2655,Carol Griffin,Accountant,Dubai,1,True,active,2018-03-28
2656,Matthew Allen,Accountant,Istanbul,2,True,terminated,2024-12-01
2657,Paul Keller,Data Analyst,Berlin,3,True,active,2021-07-12
2658,Jeffrey Baldwin,Data Analyst,Moscow,2,True,terminated,2019-08-20
2659,Timothy Orr,Software Engineer,Moscow,2,True,active,2019-07-14
2660,Connie Scott,Data Analyst,Berlin,1,True,terminated,2021-03-16
2661,Steven Martinez,Data Analyst,Berlin,5,True,active,2017-04-19
2662,Joseph Swanson,Accountant,Berlin,2,True,active,2021-07-29
2663,Michael Wiggins,HR Analyst,Moscow,4,True,active,2018-11-17
2664,Pamela Burke,HR Analyst,London,4,True,active,2019-03-11
2665,Jamie Love,Civil Engineer,Berlin,2,True,terminated,2015-03-17
2666,Jane May,Data Analyst,Istanbul,5,True,terminated,2023-10-29
2668,Brian Miller,HR Analyst,Dubai,5,True,terminated,2016-11-01
2669,Patrick Pineda,HR Analyst,Moscow,4,True,terminated,2020-09-08
2670,Audrey Richardson,Project Manager,Dubai,2,False,terminated,2022-06-28
2671,Tiffany Ray,Software Engineer,Berlin,1,True,active,2017-10-24
2672,Antonio Nichols,Software Engineer,New York,4,False,active,2020-08-15
2673,Veronica Flores,HR Analyst,Berlin,4,True,terminated,2018-12-27
2674,Michael Hogan,Civil Engineer,Dubai,5,True,terminated,2019-06-27
2675,Lindsay Walker,Software Engineer,Moscow,3,True,active,2022-05-08
2676,Joshua Murray,HR Analyst,Dubai,5,True,terminated,2018-08-03
2678,Mr. Kyle Thomas DDS,Accountant,Berlin,4,True,active,2023-06-27
2679,Michele George,Accountant,Istanbul,1,True,active,2017-07-30
2680,William Martinez,Software Engineer,Moscow,4,False,active,2021-02-27
2682,Michael Bennett DVM,Software Engineer,Berlin,4,True,active,2018-08-28
2683,Ronald Clark,Software Engineer,New York,5,True,active,2023-02-20
2684,Rita Graves,Software Engineer,Moscow,3,True,active,2016-10-20
2687,Wendy Kelley,Project Manager,London,5,True,terminated,2021-06-02
2688,Michael Mooney,Civil Engineer,Berlin,5,True,active,2015-02-24
2689,Jeanne Rose,Data Analyst,New York,5,False,terminated,2018-12-18
2691,Jennifer Anderson,Data Analyst,Istanbul,5,True,terminated,2020-11-14
2692,Lauren Trujillo,Civil Engineer,New York,2,True,terminated,2020-12-02
2693,Michelle Ellis,HR Analyst,Berlin,4,False,terminated,2020-04-16
2694,Chad Dominguez,Accountant,New York,5,True,active,2018-10-29
2695,Charles Robinson,Civil Engineer,London,4,True,active,2018-08-02
2696,Nancy Smith,HR Analyst,New York,3,False,active,2016-11-26
2697,Laura Gregory,Project Manager,Berlin,2,True,terminated,2022-10-30
2698,Brittany Clements MD,Software Engineer,Moscow,3,True,active,2020-10-23
2699,Tammy Davis,Data Analyst,Istanbul,2,True,active,2020-05-05
2701,Miss Leslie Booker,Accountant,Moscow,5,True,active,2020-06-09
2702,Jennifer Johnson,Data Analyst,Berlin,1,True,terminated,2018-05-16
2703,John Watts,Software Engineer,New York,3,True,terminated,2022-02-26
2704,Marissa Bennett,Data Analyst,London,5,True,active,2022-06-17
2705,Rebecca Barrett,Accountant,Dubai,2,True,terminated,2015-04-11
2706,Sharon Santos,Accountant,Dubai,3,True,active,2016-09-26
2707,Matthew Richardson,Data Analyst,Dubai,1,True,active,2021-07-02
2708,Bradley Burns,Project Manager,Dubai,5,False,terminated,2017-09-06
2709,Katrina Johnson,Project Manager,New York,1,True,active,2022-06-28
2710,Laura Hill,Accountant,Berlin,3,True,terminated,2016-07-24
2711,Rebecca White,Accountant,Istanbul,3,True,active,2019-05-03
2712,Mr. Jeffrey Duncan,Accountant,Dubai,2,True,terminated,2024-10-24
2713,Arthur Stout,Software Engineer,Istanbul,2,True,active,2016-09-15
2714,Cathy Hess,Project Manager,Moscow,2,True,active,2024-01-19
2715,Justin Herrera,Civil Engineer,New York,1,True,active,2020-11-16
2716,Katherine Stone,Project Manager,New York,3,True,terminated,2018-12-12
2717,Michelle Tyler,Accountant,Moscow,5,True,active,2015-09-04
2718,Paul Sheppard,Accountant,London,3,True,active,2024-03-24
2719,Catherine George,Civil Engineer,London,3,True,terminated,2017-06-23
2720,Justin Mcbride,HR Analyst,Moscow,3,True,active,2015-02-27
2721,Carl Harris,HR Analyst,Moscow,1,True,active,2024-06-04
2722,Justin York,Accountant,London,1,True,active,2023-07-12
2723,William Hunter,Accountant,New York,1,True,active,2022-07-13
2725,April Turner,Software Engineer,New York,3,True,active,2017-10-08
2726,Kelly Patton,Software Engineer,Istanbul,1,True,terminated,2023-07-05
2727,Jill Ray,Project Manager,Istanbul,4,True,terminated,2015-04-18
2729,Joshua Clark,Accountant,Berlin,1,True,terminated,2015-08-01
2730,Robert Young,Accountant,New York,3,True,active,2015-05-02
2731,Elijah Wall,Accountant,Dubai,3,True,terminated,2018-02-13
2732,Lindsey Robinson,Software Engineer,London,4,True,active,2016-02-29
2734,David James,HR Analyst,Berlin,1,True,terminated,2019-12-12
2735,Jennifer Miller,Accountant,Istanbul,4,True,active,2024-05-09
2736,Jeffery Neal,HR Analyst,Berlin,2,True,terminated,2015-02-16
2737,Andrea Oconnor,HR Analyst,Berlin,2,True,active,2022-11-26
2738,Melissa Lee MD,Data Analyst,Moscow,3,True,terminated,2015-06-01
2739,Samantha Jacobs,Software Engineer,Berlin,5,True,terminated,2017-08-12
2740,Christian Riddle,Data Analyst,London,1,True,active,2016-01-31
2741,Alexander Munoz,Data Analyst,Berlin,3,True,terminated,2016-10-23
2742,Caleb Rodriguez,Data Analyst,Dubai,4,True,active,2016-05-01
2743,Andrea Bowman,Accountant,New York,3,True,terminated,2016-10-16
2744,Gavin Nelson,HR Analyst,Moscow,2,True,terminated,2015-04-16
2745,Courtney Smith,Data Analyst,Berlin,1,True,terminated,2019-09-02
2746,Wayne Gray,Accountant,Moscow,3,True,terminated,2022-12-18
2747,Timothy Thompson,Civil Engineer,New York,1,True,active,2023-02-24
2748,Elizabeth Nicholson,HR Analyst,New York,4,True,active,2020-02-01
2749,Joseph Graves PhD,Accountant,Dubai,3,False,active,2019-08-11
2750,Lisa Mosley,Data Analyst,Dubai,3,True,terminated,2015-10-02
2751,Travis Price,Project Manager,Dubai,2,True,active,2015-01-09
2752,Patrick Faulkner,Data Analyst,Moscow,3,True,terminated,2016-05-10
2753,Linda Atkinson,Software Engineer,Moscow,4,True,active,2022-12-04
2754,Cameron Smith,Software Engineer,Dubai,1,True,terminated,2021-05-21
2755,Brittney Martinez,Accountant,Berlin,3,True,active,2024-11-29
2756,Nicolas Brown,HR Analyst,Moscow,3,True,terminated,2018-01-22
2758,Lee Mann,Software Engineer,Dubai,1,False,active,2016-09-25
2759,William Lindsey,Software Engineer,Moscow,4,True,terminated,2022-04-24
2760,Desiree Patterson,HR Analyst,Dubai,5,True,active,2015-02-19
2761,Sierra Cervantes,Project Manager,Berlin,2,False,active,2022-04-30
2763,Erik Davis,Accountant,Istanbul,3,True,terminated,2024-05-22
2765,Anthony Paul,Accountant,London,3,True,terminated,2017-03-21
2766,Katherine Baxter,Data Analyst,New York,5,True,terminated,2018-02-09
2767,Jessica Romero,Data Analyst,London,3,True,terminated,2023-09-05
2768,Karen Robertson,Civil Engineer,Moscow,1,True,active,2024-06-02
2769,Dr. Melissa Sullivan DDS,Project Manager,Berlin,2,True,active,2023-03-01
2770,Nichole Klein,Project Manager,Berlin,3,True,active,2015-05-17
2771,Nicole Sanchez,Software Engineer,Dubai,1,True,terminated,2022-02-12
2772,Tiffany Morrow,Software Engineer,Moscow,1,False,terminated,2018-04-05
2773,Kelsey Lynch,Accountant,London,3,True,active,2024-01-26
2775,Kelly Walker,Data Analyst,New York,3,True,terminated,2018-03-15
2777,Jenny Gray,Civil Engineer,Istanbul,2,True,active,2017-02-02
2778,Brian Sloan,Project Manager,Moscow,5,True,terminated,2017-03-30
2780,Edwin Carter,Civil Engineer,Berlin,5,True,terminated,2016-08-04
2781,Oscar Carroll,Software Engineer,London,2,True,active,2021-10-23
2783,Samantha Johnson,Project Manager,Istanbul,5,True,active,2017-10-07
2784,Luke Freeman,HR Analyst,Moscow,2,True,terminated,2019-09-25
2785,Luis Murphy,Data Analyst,London,4,False,active,2017-10-08
2786,Aaron Zamora,Civil Engineer,London,4,True,terminated,2023-05-18
2787,Henry Garcia,Accountant,Istanbul,3,True,active,2020-02-11
2788,Bradley Robertson Jr.,Civil Engineer,New York,4,True,active,2015-05-23
2789,John Moore,Accountant,Dubai,2,True,terminated,2023-12-04
2790,Courtney Foster,Project Manager,New York,3,True,terminated,2017-09-28
2791,Jeffrey White,HR Analyst,Berlin,5,True,active,2022-06-17
2792,Ashley Gonzales,Software Engineer,Dubai,5,True,terminated,2017-05-31
2793,Candice Gomez,Accountant,London,2,True,terminated,2021-04-13
2794,Ian Harrell,Data Analyst,Dubai,2,True,active,2022-07-26
2795,Colton Williams,Accountant,Berlin,3,True,terminated,2024-09-13
2796,Patrick Santana,Civil Engineer,Moscow,5,True,active,2018-08-02
2798,Deborah Fisher,HR Analyst,New York,5,True,active,2021-08-10
2799,Rebecca Klein,Accountant,London,2,False,active,2022-04-26
2800,Phillip Macias,HR Analyst,New York,2,True,terminated,2023-10-29
2801,Tammy Cameron,Project Manager,London,5,False,active,2020-04-10
2802,Brian Rodriguez,Software Engineer,Moscow,5,True,active,2023-07-23
2803,Christopher Porter,Data Analyst,Dubai,4,True,terminated,2022-05-12
2804,Cynthia Gregory,Project Manager,Dubai,2,True,terminated,2024-12-22
2805,William Mclaughlin,Software Engineer,London,3,True,active,2019-05-01
2806,Dylan Tucker,Data Analyst,Dubai,1,True,active,2017-08-26
2808,Danielle Wang,Data Analyst,London,1,False,active,2019-05-12
2809,Wendy Wright,Data Analyst,Moscow,5,False,terminated,2017-03-11
2810,Christina Mccarthy,Project Manager,Dubai,2,True,terminated,2019-12-10
2811,Meredith Shaw,Project Manager,London,3,False,active,2021-09-29
2812,Willie Garza,Software Engineer,New York,5,True,active,2019-05-21
2813,Crystal Anderson,Software Engineer,Berlin,4,True,active,2020-05-28
2814,William Hickman,Accountant,Dubai,5,False,active,2022-06-22
2816,Jason Torres,Accountant,Dubai,2,True,active,2023-02-22
2817,Crystal Rogers,Software Engineer,New York,4,True,terminated,2018-08-07
2818,Jordan Schneider,Civil Engineer,London,5,True,active,2019-07-10
2819,Derrick Ramirez,Accountant,New York,1,True,active,2024-03-27
2820,Jason Flores,Software Engineer,London,3,True,active,2024-04-22
2821,Andrew Williams,HR Analyst,Dubai,4,True,active,2020-05-18
2822,Christy Kennedy,Accountant,Istanbul,4,False,active,2017-09-30
2824,Heidi Torres,Project Manager,Berlin,2,True,terminated,2018-07-22
2825,Adam Arnold,Software Engineer,Moscow,5,True,terminated,2018-12-04
2826,Erin Figueroa,Data Analyst,London,5,True,terminated,2023-11-21
2827,Richard Rice,HR Analyst,Berlin,1,True,active,2015-11-22
2828,Matthew Clark,Software Engineer,Istanbul,3,True,terminated,2020-10-27
2830,Barbara Willis,Civil Engineer,New York,3,True,active,2024-10-02
2831,Martha Lee,HR Analyst,Moscow,2,True,terminated,2020-04-18
2832,Tammy Jones,HR Analyst,Berlin,5,True,active,2020-04-11
2833,Grace Swanson,Software Engineer,Dubai,4,True,active,2017-10-09
2835,Joshua King,HR Analyst,Moscow,2,True,active,2018-12-27
2836,Sarah Meadows,Software Engineer,London,3,True,active,2020-02-23
2837,Stephanie West,HR Analyst,New York,5,False,terminated,2015-05-21
2838,Susan Jones,Project Manager,Dubai,1,True,terminated,2022-01-10
2839,Timothy Gordon,Accountant,Istanbul,5,True,active,2019-08-02
2840,Kyle Horton,HR Analyst,London,2,True,terminated,2024-09-13
2842,Melissa Yang,Civil Engineer,Berlin,5,True,terminated,2016-05-21
2843,Michael Berg,Software Engineer,London,2,True,terminated,2020-01-13
2844,Carol Christensen,Civil Engineer,Dubai,3,True,terminated,2022-09-20
2846,Clinton Moore,Civil Engineer,Berlin,2,True,terminated,2017-09-29
2848,Joy Zimmerman,Software Engineer,Dubai,1,False,active,2021-03-18
2849,Elizabeth Robinson,Software Engineer,Istanbul,4,True,terminated,2022-10-21
2850,Kristen Jackson,HR Analyst,Berlin,2,True,terminated,2023-05-05
2851,David Williams,HR Analyst,London,5,True,active,2021-11-14
2853,Richard Day,Civil Engineer,Istanbul,1,False,active,2015-02-26
2854,Rodney Nichols,Accountant,Berlin,4,True,active,2022-08-14
2855,Gregory Jacobs,Civil Engineer,Berlin,3,True,terminated,2016-09-26
2856,Bradley Thornton,Software Engineer,Istanbul,1,True,terminated,2020-08-02
2857,Miranda Ortiz,Project Manager,Dubai,4,False,active,2020-07-24
2858,Erika Brown,Software Engineer,London,3,True,terminated,2016-03-05
2859,Samantha Robinson,Project Manager,Istanbul,3,True,active,2024-05-30
2860,Cassandra Bonilla,Project Manager,Moscow,4,False,terminated,2021-08-30
2861,Veronica Osborne,Software Engineer,New York,3,True,active,2018-01-11
2862,Ashley Reese,Project Manager,Istanbul,1,True,terminated,2019-10-29
2863,Matthew Berg,Civil Engineer,Istanbul,2,True,terminated,2022-01-18
2865,Derrick Perkins,Data Analyst,Istanbul,3,True,active,2020-01-23
2866,Nicole Moore,Software Engineer,Istanbul,4,True,terminated,2016-05-21
2867,Nicholas Richardson,Data Analyst,Dubai,4,True,terminated,2015-10-26
2869,Scott Lopez,HR Analyst,London,2,True,terminated,2015-03-02
2870,Nicholas Holland Jr.,Accountant,Istanbul,1,True,active,2016-01-28
2871,Christopher Long,Project Manager,Moscow,4,True,active,2020-08-13
2872,Andrea Jones,Civil Engineer,Dubai,2,True,terminated,2017-12-01
2873,Terry Waller,Data Analyst,New York,1,True,terminated,2019-06-15
2874,Joseph Acosta,Project Manager,Istanbul,2,True,active,2016-08-22
2875,Lindsey Gray,Civil Engineer,Dubai,2,False,active,2024-12-24
2876,Ronald Hines,Data Analyst,London,4,True,active,2019-03-13
2877,Amanda Wright,Software Engineer,Berlin,4,False,active,2020-02-01
2878,Charles Burton,HR Analyst,New York,5,True,active,2023-12-05
2879,Vincent Rosario,Software Engineer,London,2,True,terminated,2017-08-04
2880,Noah Morgan,Project Manager,London,5,True,active,2017-11-14
2881,Christina Castillo,Accountant,Moscow,5,True,terminated,2023-10-31
2882,Jill Martin,Accountant,New York,3,True,active,2019-10-22
2883,Christopher Brown,Software Engineer,London,5,True,terminated,2021-01-19
2884,Lori Martinez,Data Analyst,New York,1,True,active,2023-11-25
2885,Ashley Phillips,Project Manager,New York,5,False,active,2016-04-18
2886,Sara Thomas,Civil Engineer,Moscow,4,True,active,2019-04-19
2887,Allison Simmons,Data Analyst,Dubai,1,True,active,2021-03-01
2888,Matthew Perez,Software Engineer,Istanbul,1,True,terminated,2018-10-01
2891,Brian Sosa,Software Engineer,London,1,True,terminated,2019-12-23
2892,Luis Wilson,Project Manager,Moscow,5,True,active,2021-12-06
2893,Tamara Huang,Civil Engineer,Dubai,2,True,terminated,2019-07-01
2894,Cassandra Moreno,Civil Engineer,Berlin,1,False,active,2020-08-13
2895,Meghan Hernandez,HR Analyst,New York,4,False,active,2021-06-06
2897,Brian Hendricks,Civil Engineer,London,1,True,active,2017-06-26
2899,Angela Smith,Software Engineer,Dubai,3,True,terminated,2017-04-22
2900,Brittany Rios,Civil Engineer,Dubai,3,True,terminated,2020-12-03
2901,James Griffith,Project Manager,Istanbul,1,True,active,2021-09-13
2902,Karen Jones,HR Analyst,Moscow,5,True,terminated,2017-02-10
2903,Tina Ramirez,Civil Engineer,Moscow,3,True,active,2022-04-29
2904,Zachary White,Data Analyst,Istanbul,4,True,active,2024-05-15
2905,Francisco Coleman,Civil Engineer,Dubai,4,True,active,2018-03-07
2906,Jennifer Leon,Project Manager,New York,2,True,active,2021-10-05
2907,Robert Valdez,HR Analyst,Moscow,4,True,active,2015-01-17
2908,Jason Crawford,Data Analyst,Istanbul,1,True,terminated,2019-01-08
2909,Kim Underwood,Civil Engineer,Berlin,3,True,terminated,2020-08-31
2911,Melissa Goodman,Software Engineer,Dubai,5,True,active,2016-07-25
2913,Alicia Grant DVM,Data Analyst,Moscow,2,True,terminated,2017-04-05
2915,Sharon Fuentes,Civil Engineer,Moscow,5,False,active,2024-06-30
2916,Charles Castaneda,Project Manager,Istanbul,5,True,terminated,2017-01-16
2917,Susan Sanchez,Software Engineer,Istanbul,5,True,active,2017-09-07
2918,Amy Taylor,Data Analyst,Moscow,1,False,active,2024-09-27
2919,Michele Bennett,Data Analyst,London,5,False,active,2021-04-03
2920,Vincent Watson,Civil Engineer,Istanbul,3,True,active,2020-10-27
2922,Sheila Johnson,Project Manager,Istanbul,4,True,active,2017-08-05
2924,Robin Hernandez,Project Manager,Moscow,2,True,active,2022-06-28
2925,Patrick Adkins,Civil Engineer,Istanbul,2,True,terminated,2023-04-04
2926,Elizabeth Jenkins,Software Engineer,Istanbul,1,True,active,2015-03-08
2927,Richard Dominguez,Data Analyst,London,4,False,active,2016-03-03
2928,Christopher Ibarra,Accountant,New York,2,True,terminated,2021-12-25
2929,Paul Gordon,Accountant,London,2,True,active,2018-03-20
2930,Ronnie Frazier,HR Analyst,Berlin,1,True,terminated,2018-01-10
2931,Kristen Gallegos,Civil Engineer,Istanbul,3,True,terminated,2019-12-12
2934,Vanessa Martinez,HR Analyst,Moscow,3,False,terminated,2019-02-24
2935,Manuel Robinson,Project Manager,Dubai,4,False,active,2022-08-15
2936,Paul Hansen,Project Manager,Moscow,1,True,active,2015-03-20
2939,Robert Lucas,Software Engineer,London,2,True,active,2016-01-01
2940,Brian Miller,Project Manager,Moscow,1,True,terminated,2016-03-21
2941,Sarah Johnson,Project Manager,Moscow,1,True,terminated,2019-05-06
2942,Joshua Jones,Data Analyst,Moscow,2,True,active,2020-09-19
2943,Nicole Parker,Project Manager,New York,4,True,active,2023-08-31
2944,Margaret Johnson,Project Manager,Moscow,4,True,terminated,2023-01-15
2945,William Cunningham,Accountant,Berlin,3,True,terminated,2021-02-07
2946,Rachel Williams,Data Analyst,London,5,False,terminated,2022-07-21
2947,Tony Smith,HR Analyst,London,5,True,active,2020-02-05
2948,Douglas Sanders,Project Manager,London,5,True,terminated,2021-08-06
2949,Paul Swanson,Software Engineer,Berlin,3,True,active,2020-07-25
2950,Michele Davis,Project Manager,Berlin,4,True,active,2023-03-25
2952,Brittany Matthews,Data Analyst,Moscow,3,True,terminated,2022-10-05
2953,Kevin Christian,HR Analyst,Berlin,4,True,terminated,2019-01-02
2955,Anna Higgins,Data Analyst,Dubai,2,True,active,2023-01-17
2956,Rhonda Pena,Software Engineer,Berlin,2,True,active,2020-03-18
2957,Candace Stuart,Data Analyst,Dubai,3,False,active,2018-12-24
2958,Monica Curtis,HR Analyst,London,4,True,terminated,2022-08-18
2959,Gloria Floyd,HR Analyst,Berlin,1,False,active,2015-09-11
2960,Isaac Chase,Software Engineer,Berlin,2,True,active,2016-08-02
2961,Steven Schroeder,Software Engineer,London,2,True,terminated,2018-12-14
2962,Daniel Bishop,Accountant,Berlin,1,False,terminated,2021-09-21
2963,Christian Burton,Civil Engineer,New York,3,True,active,2019-02-14
2964,Robert Thomas PhD,HR Analyst,London,4,True,terminated,2024-12-04
2965,Tracy Harrington,Software Engineer,Istanbul,5,True,terminated,2017-09-24
2966,Brandon Edwards,HR Analyst,Dubai,4,True,terminated,2018-12-14
2967,Candice Ramirez,Project Manager,Istanbul,4,True,terminated,2023-01-22
2968,Brandon White,Data Analyst,Dubai,5,True,active,2020-08-01
2969,Deanna Kennedy,Civil Engineer,London,1,True,terminated,2019-04-10
2971,Caleb Carroll,Data Analyst,Istanbul,3,True,terminated,2021-12-15
2973,Sylvia Anderson,Software Engineer,London,1,True,active,2020-01-22
2974,Ryan Crane,Civil Engineer,London,4,True,active,2015-07-01
2976,Shawn Fleming,Project Manager,Istanbul,4,False,terminated,2017-10-19
2977,Maria Figueroa,Civil Engineer,Berlin,3,True,active,2015-10-14
2978,Roberto Smith,Civil Engineer,Moscow,3,True,terminated,2023-06-27
2980,Benjamin Price,Data Analyst,Moscow,5,True,active,2020-08-05
2981,Brandon Owens,Software Engineer,Moscow,5,False,terminated,2020-06-30
2982,Stephanie Marshall,Data Analyst,Berlin,4,True,terminated,2023-05-17
2983,Nicholas Lowery,Software Engineer,Berlin,2,True,active,2022-05-18
2984,Patricia Gonzalez,Accountant,Istanbul,5,False,active,2016-09-05
2985,Evan Davies,Software Engineer,London,5,True,active,2022-07-14
2987,Christopher Harrison,Data Analyst,Moscow,3,True,active,2020-02-14
2988,Erica Johnson,Software Engineer,Moscow,4,True,terminated,2021-03-16
2989,Jamie Mayer,HR Analyst,New York,1,True,active,2017-06-28
2990,Jeffrey Kennedy,Accountant,London,3,True,active,2022-09-19
2991,Sean Cisneros,Civil Engineer,Dubai,5,True,active,2015-03-01
2992,Debra Reid,Software Engineer,Berlin,2,True,active,2020-02-18
2993,Benjamin Sullivan,Accountant,Istanbul,3,True,terminated,2021-06-03
2994,Michael Savage,Software Engineer,New York,4,True,active,2015-09-06
2995,Mckenzie Green,Project Manager,Istanbul,3,True,active,2017-04-16
2997,Paul Martin,Project Manager,Dubai,1,True,active,2021-10-31
2998,Jason Alvarez,Project Manager,Dubai,1,True,active,2015-07-28
3000,Michael Price,Civil Engineer,Dubai,3,True,terminated,2017-01-07
